B_LINK_ID,LAENGE,HS_EM_2009,SLKW,LLKW,KRAD,BUS,DTV,EM_NO2,EM_NOX,EM_PART,EM_PM10,EM_PM25,EM_BENZ,EM_CO,EM_CO2,EM_HC,EM_NM_HC,QUELLE,EINSTUFUNG,alias
1995,161,Otto-Suhr-Allee,710,2439,432,679,30872,3.98,21.58,0.59,2.75,1.76,1.12,88.03,7235.72,16.83,15.88,Daten der Verkehrserhebungen 2009 der Verkehrslenkung (VLB) Berlin,weit überdurchschnittlich,1894
1996,71,Wintersteinstr.,327,1032,183,536,13066,2.13,11.26,0.27,1.24,0.79,0.46,36.82,3284.91,7.01,6.61,Daten der Verkehrserhebungen 2009 der Verkehrslenkung (VLB) Berlin,durchschnittlich,1895
1997,128,Wintersteinstr.,327,1032,183,536,13066,2.13,11.26,0.27,1.24,0.79,0.46,36.82,3284.91,7.01,6.61,Daten der Verkehrserhebungen 2009 der Verkehrslenkung (VLB) Berlin,durchschnittlich,1896
2024,263,Lise-Meitner-Str.,303,818,141,525,10096,1.89,9.99,0.22,1.07,0.68,0.35,28.3,2697.76,5.35,5.05,Daten der Verkehrserhebungen 2009 der Verkehrslenkung (VLB) Berlin,durchschnittlich,1923
2025,69,Gaußstr.,920,980,169,97,12102,1.46,9.62,0.27,1.31,0.83,0.42,33.61,2864.67,6.42,6.06,Daten der Verkehrserhebungen 2009 der Verkehrslenkung (VLB) Berlin,durchschnittlich,1924
2026,405,Gaußstr.,920,980,169,97,12102,1.46,9.62,0.27,1.31,0.83,0.42,33.61,2864.67,6.42,6.06,Daten der Verkehrserhebungen 2009 der Verkehrslenkung (VLB) Berlin,durchschnittlich,1925
2027,87,Sickingenbrücke,920,980,169,97,12102,1.42,9.44,0.27,1.26,0.8,0.42,33.45,2819.42,6.4,6.04,Daten der Verkehrserhebungen 2009 der Verkehrslenkung (VLB) Berlin,durchschnittlich,1926
2028,224,Lise-Meitner-Str.,222,500,86,266,6176,1.05,5.7,0.13,0.62,0.4,0.21,17.24,1585.71,3.27,3.09,Daten der Verkehrserhebungen 2009 der Verkehrslenkung (VLB) Berlin,(weit) unterdurchschnittlich,1927
2034,97,Olbersstr.,428,633,120,514,8560,1.79,9.81,0.2,1.02,0.64,0.29,23.76,2423.92,4.48,4.23,Daten der Verkehrserhebungen 2009 der Verkehrslenkung (VLB) Berlin,durchschnittlich,1933
2042,257,Kaiserin-Augusta-A,657,1482,263,319,18764,2.3,13.13,0.37,1.69,1.08,0.67,53.21,4345.75,10.17,9.6,Daten der Verkehrserhebungen 2009 der Verkehrslenkung (VLB) Berlin,durchschnittlich,1941
2082,286,Leibnizstr.,235,1160,220,235,15682,1.77,9.5,0.27,1.3,0.83,0.58,45.18,3543.18,8.68,8.18,Daten der Verkehrserhebungen 2009 der Verkehrslenkung (VLB) Berlin,durchschnittlich,1968
2085,134,Otto-Suhr-Allee,650,2444,433,680,30930,3.99,21.52,0.59,2.8,1.78,1.12,88.3,7275.89,16.91,15.95,Daten der Verkehrserhebungen 2009 der Verkehrslenkung (VLB) Berlin,weit überdurchschnittlich,1971
2086,225,Otto-Suhr-Allee,650,2444,433,680,30930,3.99,21.52,0.59,2.8,1.78,1.12,88.3,7275.89,16.91,15.95,Daten der Verkehrserhebungen 2009 der Verkehrslenkung (VLB) Berlin,weit überdurchschnittlich,1972
2087,200,Cauerstr.,255,961,170,231,12164,1.48,8.05,0.23,1.03,0.66,0.44,34.78,2796.35,6.65,6.27,Daten der Verkehrserhebungen 2009 der Verkehrslenkung (VLB) Berlin,durchschnittlich,1973
2088,188,Cauerstr.,255,961,170,231,12164,1.48,8.05,0.23,1.03,0.66,0.44,34.78,2796.35,6.65,6.27,Daten der Verkehrserhebungen 2009 der Verkehrslenkung (VLB) Berlin,durchschnittlich,1974
2089,172,Cauerstr.,255,961,170,231,12164,1.48,8.05,0.23,1.03,0.66,0.44,34.78,2796.39,6.65,6.27,Daten der Verkehrserhebungen 2009 der Verkehrslenkung (VLB) Berlin,durchschnittlich,1975
2091,180,Helmholtzstr.,255,961,170,414,12164,1.83,9.67,0.24,1.12,0.72,0.43,34.58,2991.5,6.58,6.21,Daten der Verkehrserhebungen 2009 der Verkehrslenkung (VLB) Berlin,durchschnittlich,1976
2092,85,Helmholtzstr.,255,961,170,414,12164,1.83,9.67,0.24,1.12,0.72,0.43,34.58,2991.5,6.58,6.21,Daten der Verkehrserhebungen 2009 der Verkehrslenkung (VLB) Berlin,durchschnittlich,1977
2093,129,Kaiserin-Augusta-A,657,1482,263,319,18764,2.3,13.13,0.37,1.69,1.08,0.67,53.21,4344.54,10.17,9.6,Daten der Verkehrserhebungen 2009 der Verkehrslenkung (VLB) Berlin,durchschnittlich,1978
2094,118,Kaiserin-Augusta-A,657,1482,263,319,18764,2.3,13.13,0.37,1.69,1.08,0.67,53.21,4344.54,10.17,9.6,Daten der Verkehrserhebungen 2009 der Verkehrslenkung (VLB) Berlin,durchschnittlich,1979
2095,14,Kaiserin-Augusta-A,657,1482,263,319,18764,2.3,13.13,0.37,1.69,1.08,0.67,53.21,4344.54,10.17,9.6,Daten der Verkehrserhebungen 2009 der Verkehrslenkung (VLB) Berlin,durchschnittlich,1980
2096,66,Kaiserin-Augusta-A,657,1482,263,319,18764,2.3,13.13,0.37,1.69,1.08,0.67,53.21,4344.54,10.17,9.6,Daten der Verkehrserhebungen 2009 der Verkehrslenkung (VLB) Berlin,durchschnittlich,1981
2097,87,Kaiserin-Augusta-B,657,1482,263,319,18764,2.44,14.05,0.38,1.99,1.25,0.68,53.25,4635.9,10.28,9.7,Daten der Verkehrserhebungen 2009 der Verkehrslenkung (VLB) Berlin,überdurchschnittlich,1982
2098,157,Kaiserin-Augusta-A,678,1410,250,36,17846,1.7,10.33,0.33,1.5,0.96,0.65,50.79,3861.98,9.75,9.2,Daten der Verkehrserhebungen 2009 der Verkehrslenkung (VLB) Berlin,durchschnittlich,1983
2099,184,Huttenstr.,282,418,79,367,5648,1.2,6.57,0.13,0.66,0.42,0.19,15.54,1596.37,2.93,2.77,ergänzende Modellrechnung 2009 der Verkehrsmanagementzentrale (VMZ) Berlin,durchschnittlich,1984
2100,170,Huttenstr.,282,418,79,367,5648,1.2,6.57,0.13,0.66,0.42,0.19,15.54,1596.37,2.93,2.77,ergänzende Modellrechnung 2009 der Verkehrsmanagementzentrale (VMZ) Berlin,durchschnittlich,1985
2101,84,Neues Ufer,181,418,79,90,5648,0.65,3.74,0.1,0.47,0.3,0.2,16.01,1272.95,3.07,2.9,ergänzende Modellrechnung 2009 der Verkehrsmanagementzentrale (VMZ) Berlin,(weit) unterdurchschnittlich,1986
2102,134,Huttenstr.,147,418,79,367,5648,1.16,6.02,0.12,0.59,0.37,0.19,15.76,1551.69,2.98,2.81,ergänzende Modellrechnung 2009 der Verkehrsmanagementzentrale (VMZ) Berlin,(weit) unterdurchschnittlich,1987
2103,128,Huttenstr.,147,418,79,367,5648,1.16,6.02,0.12,0.59,0.37,0.19,15.76,1551.69,2.98,2.81,ergänzende Modellrechnung 2009 der Verkehrsmanagementzentrale (VMZ) Berlin,(weit) unterdurchschnittlich,1988
2104,163,Sickingenstr.,757,901,156,22,11128,1.18,7.88,0.24,1.12,0.71,0.39,31.12,2530.13,5.96,5.62,Daten der Verkehrserhebungen 2009 der Verkehrslenkung (VLB) Berlin,durchschnittlich,1989
2105,169,Sickingenstr.,757,901,156,11,11128,1.16,7.77,0.24,1.11,0.71,0.39,31.13,2517.47,5.96,5.63,Daten der Verkehrserhebungen 2009 der Verkehrslenkung (VLB) Berlin,durchschnittlich,1990
2118,71,Ernst-Reuter-Platz,825,2443,462,528,33015,3.94,21.94,0.62,3.03,1.92,1.21,94.5,7692.84,18.17,17.15,ergänzende Modellrechnung 2009 der Verkehrsmanagementzentrale (VMZ) Berlin,weit überdurchschnittlich,2001
2119,169,Otto-Suhr-Allee,434,1807,320,686,22870,3.25,17.17,0.44,2.04,1.31,0.82,65.18,5505.13,12.43,11.73,Daten der Verkehrserhebungen 2009 der Verkehrslenkung (VLB) Berlin,überdurchschnittlich,2002
2120,282,Otto-Suhr-Allee,434,1807,320,686,22870,3.25,17.17,0.44,2.04,1.31,0.82,65.18,5505.13,12.43,11.73,Daten der Verkehrserhebungen 2009 der Verkehrslenkung (VLB) Berlin,überdurchschnittlich,2003
2121,80,Ernst-Reuter-Platz,846,2503,474,676,33824,4.31,23.77,0.64,3.21,2.03,1.24,96.67,8037.65,18.58,17.53,ergänzende Modellrechnung 2009 der Verkehrsmanagementzentrale (VMZ) Berlin,weit überdurchschnittlich,2004
2122,151,Marchstr.,448,1107,196,266,14014,1.74,9.79,0.27,1.24,0.79,0.5,39.7,3238.22,7.59,7.17,Daten der Verkehrserhebungen 2009 der Verkehrslenkung (VLB) Berlin,durchschnittlich,2005
2123,97,Charlottenburger B,1087,4089,725,362,51758,5.15,28.73,0.93,4.07,2.63,1.91,148.64,11228.64,28.52,26.91,Daten der Verkehrserhebungen 2009 der Verkehrslenkung (VLB) Berlin,weit überdurchschnittlich,2006
2124,36,Str. des 17. Juni,1087,4089,725,362,51758,5.16,28.8,0.93,4.1,2.64,1.91,148.7,11250.24,28.53,26.92,Daten der Verkehrserhebungen 2009 der Verkehrslenkung (VLB) Berlin,weit überdurchschnittlich,2007
2125,204,Str. des 17. Juni,1087,4089,725,362,51758,5.16,28.8,0.93,4.1,2.64,1.91,148.7,11250.24,28.53,26.92,Daten der Verkehrserhebungen 2009 der Verkehrslenkung (VLB) Berlin,weit überdurchschnittlich,2008
2126,34,Str. des 17. Juni,1087,4089,725,362,51758,5.16,28.8,0.93,4.1,2.64,1.91,148.7,11250.24,28.53,26.92,Daten der Verkehrserhebungen 2009 der Verkehrslenkung (VLB) Berlin,weit überdurchschnittlich,2009
2127,341,Str. des 17. Juni,840,3158,560,240,39978,3.91,21.89,0.71,3.16,2.03,1.47,114.88,8649.34,22.05,20.8,Daten der Verkehrserhebungen 2009 der Verkehrslenkung (VLB) Berlin,weit überdurchschnittlich,2010
2129,76,Ernst-Reuter-Platz,827,2447,463,694,33064,4.26,23.42,0.63,3.12,1.97,1.21,94.47,7857.85,18.14,17.11,ergänzende Modellrechnung 2009 der Verkehrsmanagementzentrale (VMZ) Berlin,weit überdurchschnittlich,2012
2139,114,Müller-Breslau-Str,203,835,158,102,11282,1.11,6.15,0.19,0.84,0.54,0.41,32.37,2414.09,6.22,5.87,Daten der Verkehrserhebungen 2009 der Verkehrslenkung (VLB) Berlin,durchschnittlich,2020
2143,590,Franklinstr.,442,873,155,88,11046,1.19,7.1,0.21,0.98,0.63,0.4,31.36,2477.33,6.01,5.67,Daten der Verkehrserhebungen 2009 der Verkehrslenkung (VLB) Berlin,durchschnittlich,2024
2145,176,Marchstr.,442,919,163,268,11638,1.57,8.93,0.24,1.11,0.71,0.41,32.9,2789.1,6.27,5.92,Daten der Verkehrserhebungen 2009 der Verkehrslenkung (VLB) Berlin,durchschnittlich,2025
2146,154,Alt-Moabit,439,1507,267,343,19080,2.37,13.05,0.36,1.76,1.12,0.69,54.48,4526.95,10.47,9.88,Daten der Verkehrserhebungen 2009 der Verkehrslenkung (VLB) Berlin,überdurchschnittlich,2026
2147,153,Alt-Moabit,439,1507,267,343,19080,2.3,12.56,0.36,1.61,1.03,0.69,54.46,4361.28,10.42,9.83,Daten der Verkehrserhebungen 2009 der Verkehrslenkung (VLB) Berlin,durchschnittlich,2027
2148,53,Alt-Moabit,439,1507,267,343,19080,2.3,12.56,0.36,1.61,1.03,0.69,54.46,4361.28,10.42,9.83,Daten der Verkehrserhebungen 2009 der Verkehrslenkung (VLB) Berlin,durchschnittlich,2028
2149,93,Gotzkowskystr.,747,2566,455,617,32478,3.96,21.6,0.61,2.75,1.76,1.18,92.6,7437.13,17.72,16.72,Daten der Verkehrserhebungen 2009 der Verkehrslenkung (VLB) Berlin,weit überdurchschnittlich,2029
2150,210,Gotzkowskystr.,161,497,94,376,6722,1.28,6.65,0.14,0.68,0.43,0.23,18.91,1796.55,3.58,3.38,Daten der Verkehrserhebungen 2009 der Verkehrslenkung (VLB) Berlin,durchschnittlich,2030
2151,216,Helmholtzstr.,255,961,170,414,12164,1.83,9.67,0.24,1.12,0.72,0.43,34.58,2991.5,6.58,6.21,Daten der Verkehrserhebungen 2009 der Verkehrslenkung (VLB) Berlin,durchschnittlich,2031
2152,40,Helmholtzstr.,255,961,170,414,12164,1.8,9.51,0.24,1.08,0.69,0.43,34.43,2945.24,6.57,6.2,Daten der Verkehrserhebungen 2009 der Verkehrslenkung (VLB) Berlin,durchschnittlich,2032
2153,106,Gotzkowskybrücke,436,2028,359,411,25670,2.95,15.84,0.47,2.08,1.34,0.94,73.61,5772.49,14.09,13.3,Daten der Verkehrserhebungen 2009 der Verkehrslenkung (VLB) Berlin,überdurchschnittlich,2033
2154,272,Kaiserin-Augusta-A,678,1410,250,36,17846,1.7,10.33,0.33,1.5,0.96,0.65,50.79,3861.98,9.75,9.2,Daten der Verkehrserhebungen 2009 der Verkehrslenkung (VLB) Berlin,durchschnittlich,2034
2155,156,Beusselstr.,532,1236,219,141,15642,1.66,9.73,0.29,1.33,0.85,0.56,44.47,3471.22,8.53,8.04,Daten der Verkehrserhebungen 2009 der Verkehrslenkung (VLB) Berlin,durchschnittlich,2035
2156,26,Beusselstr.,534,1140,202,144,14434,1.57,9.25,0.28,1.25,0.8,0.52,40.93,3225.47,7.84,7.4,Daten der Verkehrserhebungen 2009 der Verkehrslenkung (VLB) Berlin,durchschnittlich,2036
2157,166,Beusselstr.,534,1140,202,144,14434,1.57,9.25,0.28,1.25,0.8,0.52,40.93,3225.47,7.84,7.4,Daten der Verkehrserhebungen 2009 der Verkehrslenkung (VLB) Berlin,durchschnittlich,2037
2158,167,Alt-Moabit,971,2256,400,171,28552,2.92,17.22,0.54,2.48,1.59,1.04,81.42,6317.79,15.63,14.74,Daten der Verkehrserhebungen 2009 der Verkehrslenkung (VLB) Berlin,überdurchschnittlich,2038
2159,111,Altonaer Str.,374,1408,250,321,17822,2.13,11.58,0.33,1.48,0.95,0.65,50.92,4058.92,9.74,9.19,Daten der Verkehrserhebungen 2009 der Verkehrslenkung (VLB) Berlin,durchschnittlich,2039
2160,152,Levetzowstr.,374,1408,250,321,17822,2.13,11.58,0.33,1.48,0.95,0.65,50.92,4058.92,9.74,9.19,Daten der Verkehrserhebungen 2009 der Verkehrslenkung (VLB) Berlin,durchschnittlich,2040
2161,157,Levetzowstr.,374,1408,250,321,17822,2.13,11.58,0.33,1.48,0.95,0.65,50.92,4058.92,9.74,9.19,Daten der Verkehrserhebungen 2009 der Verkehrslenkung (VLB) Berlin,durchschnittlich,2041
2162,75,Hansabrücke,374,1408,250,321,17822,2.13,11.58,0.33,1.48,0.95,0.65,50.92,4058.92,9.74,9.19,Daten der Verkehrserhebungen 2009 der Verkehrslenkung (VLB) Berlin,durchschnittlich,2042
2163,150,Levetzowstr.,374,1408,250,321,17822,2.13,11.57,0.33,1.48,0.95,0.65,50.92,4057.78,9.74,9.19,Daten der Verkehrserhebungen 2009 der Verkehrslenkung (VLB) Berlin,durchschnittlich,2043
2164,180,Levetzowstr.,374,1408,250,321,17822,2.13,11.57,0.33,1.48,0.95,0.65,50.92,4057.78,9.74,9.19,Daten der Verkehrserhebungen 2009 der Verkehrslenkung (VLB) Berlin,durchschnittlich,2044
2165,370,Huttenstr.,147,418,79,367,5648,1.16,6.02,0.12,0.59,0.37,0.19,15.76,1551.69,2.98,2.81,ergänzende Modellrechnung 2009 der Verkehrsmanagementzentrale (VMZ) Berlin,(weit) unterdurchschnittlich,2045
2166,131,Turmstr.,330,1304,231,859,16512,2.98,15.38,0.34,1.59,1.02,0.58,46.37,4285.35,8.81,8.31,Daten der Verkehrserhebungen 2009 der Verkehrslenkung (VLB) Berlin,überdurchschnittlich,2046
2167,180,Beusselstr.,715,1712,303,650,21668,3.18,17.51,0.45,2.09,1.33,0.77,61.25,5313.36,11.66,11.01,Daten der Verkehrserhebungen 2009 der Verkehrslenkung (VLB) Berlin,überdurchschnittlich,2047
2168,174,Gotzkowskystr.,78,481,91,377,6502,1.23,6.21,0.13,0.63,0.4,0.23,18.4,1722.69,3.49,3.29,Daten der Verkehrserhebungen 2009 der Verkehrslenkung (VLB) Berlin,(weit) unterdurchschnittlich,2048
2169,186,Turmstr.,330,1304,231,875,16512,3.06,15.75,0.35,1.65,1.05,0.58,46.55,4361,8.82,8.33,Daten der Verkehrserhebungen 2009 der Verkehrslenkung (VLB) Berlin,überdurchschnittlich,2049
2170,143,Turmstr.,330,1304,231,875,16512,3.06,15.75,0.35,1.65,1.05,0.58,46.55,4361,8.82,8.33,Daten der Verkehrserhebungen 2009 der Verkehrslenkung (VLB) Berlin,überdurchschnittlich,2050
2171,385,Kaiserin-Augusta-A,678,1410,250,36,17846,1.7,10.33,0.33,1.5,0.96,0.65,50.79,3861.98,9.75,9.2,Daten der Verkehrserhebungen 2009 der Verkehrslenkung (VLB) Berlin,durchschnittlich,2051
2172,237,Beusselstr.,715,1712,303,650,21668,3.18,17.51,0.45,2.09,1.33,0.77,61.25,5313.36,11.66,11.01,Daten der Verkehrserhebungen 2009 der Verkehrslenkung (VLB) Berlin,überdurchschnittlich,2052
2173,204,Beusselstr.,715,1712,303,650,21668,3.18,17.51,0.45,2.09,1.33,0.77,61.25,5313.36,11.66,11.01,Daten der Verkehrserhebungen 2009 der Verkehrslenkung (VLB) Berlin,überdurchschnittlich,2053
2174,92,Beusselstr.,1399,2313,400,571,28560,3.83,22.52,0.61,2.88,1.84,1.01,80.2,6864.39,15.3,14.45,Daten der Verkehrserhebungen 2009 der Verkehrslenkung (VLB) Berlin,weit überdurchschnittlich,2054
2175,81,Beusselbrücke,1399,2313,400,571,28560,3.84,22.63,0.61,2.93,1.86,1.01,80.23,6892.96,15.32,14.46,Daten der Verkehrserhebungen 2009 der Verkehrslenkung (VLB) Berlin,weit überdurchschnittlich,2055
2176,231,Siemensstr.,773,1424,246,70,17576,1.85,11.48,0.35,1.75,1.11,0.64,49.93,4079.73,9.62,9.08,Daten der Verkehrserhebungen 2009 der Verkehrslenkung (VLB) Berlin,überdurchschnittlich,2056
2177,400,Sickingenstr.,757,901,156,11,11128,1.16,7.77,0.24,1.11,0.71,0.39,31.13,2517.47,5.96,5.63,Daten der Verkehrserhebungen 2009 der Verkehrslenkung (VLB) Berlin,durchschnittlich,2057
2178,132,Sickingenstr.,701,901,156,11,11128,1.14,7.54,0.23,1.08,0.69,0.39,31.22,2498.62,5.98,5.64,Daten der Verkehrserhebungen 2009 der Verkehrslenkung (VLB) Berlin,durchschnittlich,2058
2179,129,Sickingenstr.,701,901,156,11,11128,1.14,7.54,0.23,1.08,0.69,0.39,31.22,2498.62,5.98,5.64,Daten der Verkehrserhebungen 2009 der Verkehrslenkung (VLB) Berlin,durchschnittlich,2059
2180,198,Siemensstr.,773,1424,246,70,17576,1.85,11.48,0.35,1.75,1.11,0.64,49.93,4079.73,9.62,9.08,Daten der Verkehrserhebungen 2009 der Verkehrslenkung (VLB) Berlin,überdurchschnittlich,2060
2181,97,,0,0,0,0,0,0,0,0,0,0,0,0,0,0,0,keine Info (IVU),(weit) unterdurchschnittlich,2061
2182,99,Saatwinkler Damm,766,1810,232,394,23208,2.77,17.19,0.49,2.11,1.36,1.67,125.39,5752.52,25.08,23.7,Daten der Verkehrserhebungen 2009 der Verkehrslenkung (VLB) Berlin,überdurchschnittlich,2062
2184,385,Saatwinkler Damm,766,1810,232,394,23208,3.24,20.02,0.54,2.66,1.68,1.69,125.7,6675.21,25.33,23.93,Daten der Verkehrserhebungen 2009 der Verkehrslenkung (VLB) Berlin,weit überdurchschnittlich,2064
2187,47,Seestr.,898,2001,256,436,25652,3.08,19.18,0.54,2.35,1.52,1.84,138.34,6367.47,27.67,26.14,Daten der Verkehrserhebungen 2009 der Verkehrslenkung (VLB) Berlin,überdurchschnittlich,2067
2188,182,Friedrich-Olbricht,604,435,58,6,5806,0.65,5.13,0.14,0.67,0.43,0.39,29.88,1460.2,5.97,5.65,Daten der Verkehrserhebungen 2009 der Verkehrslenkung (VLB) Berlin,(weit) unterdurchschnittlich,2068
2189,297,Friedrich-Olbricht,180,421,56,11,5619,0.5,3.35,0.1,0.44,0.29,0.41,30.74,1288.69,6.17,5.83,ergänzende Modellrechnung 2009 der Verkehrsmanagementzentrale (VMZ) Berlin,(weit) unterdurchschnittlich,2069
2190,365,Friedrich-Olbricht,604,435,58,6,5806,0.65,5.13,0.14,0.67,0.43,0.39,29.88,1460.2,5.97,5.65,Daten der Verkehrserhebungen 2009 der Verkehrslenkung (VLB) Berlin,(weit) unterdurchschnittlich,2070
2204,119,Bachstr.,248,1031,183,170,13048,1.41,7.71,0.23,1.02,0.66,0.47,37.3,2868.75,7.16,6.75,Daten der Verkehrserhebungen 2009 der Verkehrslenkung (VLB) Berlin,durchschnittlich,2084
2205,29,Bachstr.,248,1031,183,170,13048,1.41,7.71,0.23,1.02,0.66,0.47,37.31,2869.56,7.16,6.75,Daten der Verkehrserhebungen 2009 der Verkehrslenkung (VLB) Berlin,durchschnittlich,2085
2206,201,Bachstr.,248,1031,183,170,13048,1.44,7.85,0.23,1.06,0.68,0.48,37.44,2911.34,7.17,6.76,Daten der Verkehrserhebungen 2009 der Verkehrslenkung (VLB) Berlin,durchschnittlich,2086
2207,161,Bachstr.,248,1031,183,170,13048,1.44,7.85,0.23,1.06,0.68,0.48,37.44,2911.34,7.17,6.76,Daten der Verkehrserhebungen 2009 der Verkehrslenkung (VLB) Berlin,durchschnittlich,2087
2208,154,Bachstr.,248,1031,183,170,13048,1.41,7.71,0.23,1.02,0.66,0.47,37.31,2869.56,7.16,6.75,Daten der Verkehrserhebungen 2009 der Verkehrslenkung (VLB) Berlin,durchschnittlich,2088
2220,156,Str. des 17. Juni,922,3167,561,441,40090,4.33,24.07,0.74,3.32,2.13,1.47,114.86,8915.99,22.01,20.77,Daten der Verkehrserhebungen 2009 der Verkehrslenkung (VLB) Berlin,weit überdurchschnittlich,2099
2221,702,Str. des 17. Juni,922,3167,561,441,40090,4.33,24.07,0.74,3.32,2.13,1.47,114.86,8915.99,22.01,20.77,Daten der Verkehrserhebungen 2009 der Verkehrslenkung (VLB) Berlin,weit überdurchschnittlich,2100
2222,49,Str. des 17. Juni,922,3167,561,441,40090,4.32,24,0.74,3.29,2.11,1.47,114.8,8893.4,22.01,20.76,Daten der Verkehrserhebungen 2009 der Verkehrslenkung (VLB) Berlin,weit überdurchschnittlich,2101
2224,182,Altonaer Str.,494,1858,329,329,23514,2.62,14.39,0.43,1.9,1.22,0.86,67.23,5239.53,12.88,12.15,Daten der Verkehrserhebungen 2009 der Verkehrslenkung (VLB) Berlin,überdurchschnittlich,2103
2227,225,Lessingstr.,458,1696,321,160,22922,2.25,12.57,0.4,1.78,1.14,0.85,66.06,4962.96,12.68,11.96,Daten der Verkehrserhebungen 2009 der Verkehrslenkung (VLB) Berlin,überdurchschnittlich,2106
2228,116,Stromstr.,362,1577,298,170,21310,2.11,11.59,0.37,1.62,1.04,0.79,61.48,4609.18,11.8,11.13,Daten der Verkehrserhebungen 2009 der Verkehrslenkung (VLB) Berlin,durchschnittlich,2107
2229,144,Stromstr.,362,1577,298,170,21310,2.11,11.59,0.37,1.62,1.04,0.79,61.48,4609.18,11.8,11.13,Daten der Verkehrserhebungen 2009 der Verkehrslenkung (VLB) Berlin,durchschnittlich,2108
2230,77,Lessingbrücke,390,1696,321,160,22922,2.23,12.29,0.39,1.74,1.12,0.85,66.17,4939.29,12.71,11.99,Daten der Verkehrserhebungen 2009 der Verkehrslenkung (VLB) Berlin,überdurchschnittlich,2109
2231,201,Lessingstr.,390,1696,321,160,22922,2.23,12.29,0.39,1.74,1.12,0.85,66.17,4939.29,12.71,11.99,Daten der Verkehrserhebungen 2009 der Verkehrslenkung (VLB) Berlin,überdurchschnittlich,2110
2232,155,Turmstr.,330,1304,231,875,16512,3.06,15.75,0.35,1.65,1.05,0.58,46.55,4361,8.82,8.33,Daten der Verkehrserhebungen 2009 der Verkehrslenkung (VLB) Berlin,überdurchschnittlich,2111
2233,104,Turmstr.,330,1304,231,875,16512,3.06,15.75,0.35,1.65,1.05,0.58,46.55,4361,8.82,8.33,Daten der Verkehrserhebungen 2009 der Verkehrslenkung (VLB) Berlin,überdurchschnittlich,2112
2234,50,Turmstr.,320,1265,224,336,16008,1.99,10.72,0.3,1.34,0.86,0.58,45.67,3680.71,8.73,8.24,Daten der Verkehrserhebungen 2009 der Verkehrslenkung (VLB) Berlin,durchschnittlich,2113
2235,99,Turmstr.,337,1332,236,337,16854,2.07,11.15,0.31,1.41,0.9,0.61,48.12,3862.43,9.2,8.68,Daten der Verkehrserhebungen 2009 der Verkehrslenkung (VLB) Berlin,durchschnittlich,2114
2236,125,Turmstr.,337,1332,236,775,16854,2.88,14.93,0.34,1.61,1.02,0.59,47.55,4299.99,9.04,8.53,Daten der Verkehrserhebungen 2009 der Verkehrslenkung (VLB) Berlin,überdurchschnittlich,2115
2237,99,Alt-Moabit,439,1507,267,343,19080,2.3,12.56,0.36,1.61,1.03,0.69,54.46,4361.28,10.42,9.83,Daten der Verkehrserhebungen 2009 der Verkehrslenkung (VLB) Berlin,durchschnittlich,2116
2238,108,Alt-Moabit,439,1507,267,343,19080,2.3,12.56,0.36,1.61,1.03,0.69,54.46,4361.28,10.42,9.83,Daten der Verkehrserhebungen 2009 der Verkehrslenkung (VLB) Berlin,durchschnittlich,2117
2239,112,Alt-Moabit,439,1507,267,343,19080,2.3,12.56,0.36,1.61,1.03,0.69,54.46,4361.28,10.42,9.83,Daten der Verkehrserhebungen 2009 der Verkehrslenkung (VLB) Berlin,durchschnittlich,2118
2240,118,Brenner Str.,149,334,45,18,4519,0.42,2.52,0.08,0.35,0.22,0.16,12.77,957.04,2.44,2.3,ergänzende Modellrechnung 2009 der Verkehrsmanagementzentrale (VMZ) Berlin,(weit) unterdurchschnittlich,2119
2241,71,Siemensstr.,773,1424,246,70,17576,1.85,11.48,0.35,1.75,1.11,0.64,49.93,4079.73,9.62,9.08,Daten der Verkehrserhebungen 2009 der Verkehrslenkung (VLB) Berlin,überdurchschnittlich,2120
2242,185,Siemensstr.,967,1424,246,70,17576,1.92,12.35,0.37,1.86,1.18,0.63,49.62,4149.25,9.55,9.02,Daten der Verkehrserhebungen 2009 der Verkehrslenkung (VLB) Berlin,überdurchschnittlich,2121
2243,81,Siemensstr.,773,1424,246,70,17576,1.85,11.48,0.35,1.75,1.11,0.64,49.93,4079.73,9.62,9.08,Daten der Verkehrserhebungen 2009 der Verkehrslenkung (VLB) Berlin,überdurchschnittlich,2122
2244,130,Quitzowstr.,967,1424,246,70,17576,1.92,12.35,0.37,1.86,1.18,0.63,49.62,4149.25,9.55,9.02,Daten der Verkehrserhebungen 2009 der Verkehrslenkung (VLB) Berlin,überdurchschnittlich,2123
2246,362,Sylter Str.,311,897,120,12,11960,1.05,6.9,0.23,0.95,0.62,0.88,65.98,2766.51,13.23,12.5,Daten der Verkehrserhebungen 2009 der Verkehrslenkung (VLB) Berlin,durchschnittlich,2124
3825,125,Großer Stern,666,2466,466,500,33318,3.79,20.71,0.6,2.76,1.77,1.22,95.75,7516.67,18.35,17.31,ergänzende Modellrechnung 2009 der Verkehrsmanagementzentrale (VMZ) Berlin,weit überdurchschnittlich,3595
3827,218,Altonaer Str.,494,1858,329,306,23514,2.61,14.31,0.43,1.92,1.23,0.86,67.38,5252.71,12.9,12.17,Daten der Verkehrserhebungen 2009 der Verkehrslenkung (VLB) Berlin,überdurchschnittlich,3597
3828,367,Altonaer Str.,494,1858,329,306,23514,2.61,14.31,0.43,1.92,1.23,0.86,67.38,5252.71,12.9,12.17,Daten der Verkehrserhebungen 2009 der Verkehrslenkung (VLB) Berlin,überdurchschnittlich,3598
3829,55,Großer Stern,822,2536,480,480,34268,3.98,22.22,0.64,3.15,1.99,1.26,98.22,7982.95,18.93,17.86,ergänzende Modellrechnung 2009 der Verkehrsmanagementzentrale (VMZ) Berlin,weit überdurchschnittlich,3599
3830,125,Großer Stern,796,2453,464,464,33150,3.8,21.21,0.61,2.99,1.89,1.22,95.01,7617.07,18.28,17.24,ergänzende Modellrechnung 2009 der Verkehrsmanagementzentrale (VMZ) Berlin,weit überdurchschnittlich,3600
3837,463,Alt-Moabit,483,1660,294,609,21006,2.97,15.9,0.41,1.9,1.21,0.75,59.73,5054.19,11.39,10.75,Daten der Verkehrserhebungen 2009 der Verkehrslenkung (VLB) Berlin,überdurchschnittlich,3607
3838,249,Alt-Moabit,469,1543,274,879,19536,3.52,18.54,0.42,2.12,1.34,0.69,55.26,5252.07,10.55,9.95,Daten der Verkehrserhebungen 2009 der Verkehrslenkung (VLB) Berlin,überdurchschnittlich,3608
3839,105,Stromstr.,497,2182,387,166,27614,2.67,14.78,0.48,2.14,1.38,1.02,79.49,5951.24,15.26,14.4,Daten der Verkehrserhebungen 2009 der Verkehrslenkung (VLB) Berlin,überdurchschnittlich,3609
3840,148,Turmstr.,178,598,113,364,8078,1.31,6.9,0.15,0.71,0.46,0.28,22.63,1995.3,4.32,4.08,Daten der Verkehrserhebungen 2009 der Verkehrslenkung (VLB) Berlin,durchschnittlich,3610
3841,310,Turmstr.,178,598,113,364,8078,1.31,6.9,0.15,0.71,0.46,0.28,22.63,1995.3,4.32,4.08,Daten der Verkehrserhebungen 2009 der Verkehrslenkung (VLB) Berlin,durchschnittlich,3611
3843,200,Stromstr.,538,2362,419,448,29902,3.41,18.47,0.54,2.51,1.61,1.1,85.76,6754.07,16.44,15.51,Daten der Verkehrserhebungen 2009 der Verkehrslenkung (VLB) Berlin,überdurchschnittlich,3613
3846,76,Stromstr.,538,2362,419,448,29902,3.4,18.38,0.54,2.47,1.58,1.1,85.72,6725.39,16.43,15.5,Daten der Verkehrserhebungen 2009 der Verkehrslenkung (VLB) Berlin,überdurchschnittlich,3616
3847,185,Perleberger Str.,194,807,143,368,10214,1.52,8.01,0.19,0.89,0.57,0.36,28.87,2469.4,5.51,5.2,Daten der Verkehrserhebungen 2009 der Verkehrslenkung (VLB) Berlin,durchschnittlich,3617
3848,158,Perleberger Str.,194,807,143,368,10214,1.52,8.01,0.19,0.89,0.57,0.36,28.87,2469.4,5.51,5.2,Daten der Verkehrserhebungen 2009 der Verkehrslenkung (VLB) Berlin,durchschnittlich,3618
3849,338,Stromstr.,586,2205,391,167,27908,2.73,15.29,0.5,2.22,1.43,1.03,80.19,6046.16,15.4,14.53,Daten der Verkehrserhebungen 2009 der Verkehrslenkung (VLB) Berlin,überdurchschnittlich,3619
3853,190,Perleberger Str.,194,807,143,368,10214,1.52,8.01,0.19,0.89,0.57,0.36,28.87,2469.4,5.51,5.2,Daten der Verkehrserhebungen 2009 der Verkehrslenkung (VLB) Berlin,durchschnittlich,3622
3854,108,Perleberger Str.,194,807,143,368,10214,1.52,8.01,0.19,0.89,0.57,0.36,28.87,2469.4,5.51,5.2,Daten der Verkehrserhebungen 2009 der Verkehrslenkung (VLB) Berlin,durchschnittlich,3623
3858,41,An der Putlitzbrüc,896,2440,432,62,30886,2.88,16.95,0.56,2.6,1.66,1.14,88.42,6686.05,17.02,16.06,Daten der Verkehrserhebungen 2009 der Verkehrslenkung (VLB) Berlin,weit überdurchschnittlich,3624
3859,138,An der Putlitzbrüc,896,2440,432,93,30886,2.94,17.23,0.56,2.62,1.67,1.13,88.38,6719.48,17.01,16.05,Daten der Verkehrserhebungen 2009 der Verkehrslenkung (VLB) Berlin,weit überdurchschnittlich,3625
3860,995,Ellen-Epstein-Str.,555,1123,194,69,13868,1.42,8.6,0.27,1.23,0.79,0.5,39.39,3077.96,7.55,7.12,Daten der Verkehrserhebungen 2009 der Verkehrslenkung (VLB) Berlin,durchschnittlich,3626
3864,832,,0,0,0,0,0,0,0,0,0,0,0,0,0,0,0,keine Info (IVU),(weit) unterdurchschnittlich,3629
3868,357,Nordufer,321,964,129,13,12857,1.12,7.37,0.24,1.02,0.66,0.95,70.99,2974.78,14.24,13.45,ergänzende Modellrechnung 2009 der Verkehrsmanagementzentrale (VMZ) Berlin,durchschnittlich,3630
3869,97,Föhrer Brücke,896,2440,432,62,30886,2.78,18.32,0.61,2.51,1.63,2.27,169.48,7130.79,34.06,32.17,Daten der Verkehrserhebungen 2009 der Verkehrslenkung (VLB) Berlin,überdurchschnittlich,3631
3870,171,,0,0,0,0,0,0,0,0,0,0,0,0,0,0,0,keine Info (IVU),(weit) unterdurchschnittlich,3632
3873,604,Friedrich-Krause-U,134,826,112,34,11155,0.99,5.39,0.18,0.79,0.51,0.41,32.16,2355.91,6.15,5.8,ergänzende Modellrechnung 2009 der Verkehrsmanagementzentrale (VMZ) Berlin,durchschnittlich,3634
3885,185,Föhrer Str.,776,2554,453,32,32332,2.82,18.47,0.62,2.71,1.75,2.4,178.24,7503.23,35.9,33.9,Daten der Verkehrserhebungen 2009 der Verkehrslenkung (VLB) Berlin,weit überdurchschnittlich,3646
3886,134,Föhrer Str.,776,2554,453,32,32332,2.82,18.47,0.62,2.71,1.75,2.4,178.24,7503.23,35.9,33.9,Daten der Verkehrserhebungen 2009 der Verkehrslenkung (VLB) Berlin,weit überdurchschnittlich,3647
3923,96,Alt-Moabit,483,1660,294,609,21006,2.97,15.91,0.41,1.9,1.22,0.75,59.74,5055.59,11.39,10.75,Daten der Verkehrserhebungen 2009 der Verkehrslenkung (VLB) Berlin,überdurchschnittlich,3680
4251,302,Otto-Suhr-Allee,650,2444,433,680,30930,3.99,21.51,0.59,2.79,1.78,1.12,88.31,7272.17,16.91,15.95,Daten der Verkehrserhebungen 2009 der Verkehrslenkung (VLB) Berlin,weit überdurchschnittlich,3982
7485,257,Seestr.,2741,5552,984,211,70276,8.96,59.7,1.82,6.25,4.21,5.2,383.61,22081.67,78.19,73.87,Daten der Verkehrserhebungen 2009 der Verkehrslenkung (VLB) Berlin,weit überdurchschnittlich,6977
7486,91,Seestr.nbrücke nör,2741,5552,984,211,70276,8.96,59.7,1.82,6.25,4.21,5.2,383.61,22081.67,78.19,73.87,Daten der Verkehrserhebungen 2009 der Verkehrslenkung (VLB) Berlin,weit überdurchschnittlich,6978
7509,88,Beusselstr.,1399,2313,400,571,28560,3.78,23.99,0.65,2.97,1.9,2.02,151.92,7357.06,30.41,28.73,Daten der Verkehrserhebungen 2009 der Verkehrslenkung (VLB) Berlin,weit überdurchschnittlich,7001
7510,200,Beusselstr.,1399,2313,400,571,28560,3.78,23.99,0.65,2.97,1.9,2.02,151.92,7357.06,30.41,28.73,Daten der Verkehrserhebungen 2009 der Verkehrslenkung (VLB) Berlin,weit überdurchschnittlich,7002
7511,63,Ludwig-Hoffmann-Br,1399,2313,400,571,28560,3.73,23.71,0.65,2.86,1.84,2.01,151.76,7282.09,30.38,28.7,Daten der Verkehrserhebungen 2009 der Verkehrslenkung (VLB) Berlin,weit überdurchschnittlich,7003
7512,36,Beusselstr.,1399,2313,400,571,28560,3.75,23.8,0.65,2.88,1.85,2.01,151.84,7304.77,30.39,28.71,Daten der Verkehrserhebungen 2009 der Verkehrslenkung (VLB) Berlin,weit überdurchschnittlich,7004
7513,31,Beusselstr.,1399,2313,400,571,28560,3.76,23.89,0.65,2.93,1.88,2.01,151.87,7329.99,30.4,28.72,Daten der Verkehrserhebungen 2009 der Verkehrslenkung (VLB) Berlin,weit überdurchschnittlich,7005
7851,78,Richard-Wagner-Str,131,554,77,77,7692,0.76,4.2,0.13,0.56,0.36,0.28,21.92,1637.33,4.19,3.96,Daten der Verkehrserhebungen 2009 der Verkehrslenkung (VLB) Berlin,(weit) unterdurchschnittlich,7293
7852,210,Richard-Wagner-Str,131,554,77,77,7692,0.78,4.32,0.13,0.58,0.37,0.28,22.04,1681.25,4.21,3.97,Daten der Verkehrserhebungen 2009 der Verkehrslenkung (VLB) Berlin,(weit) unterdurchschnittlich,7294
7853,146,Richard-Wagner-Str,131,554,77,77,7692,0.78,4.32,0.13,0.58,0.37,0.28,22.04,1681.25,4.21,3.97,Daten der Verkehrserhebungen 2009 der Verkehrslenkung (VLB) Berlin,(weit) unterdurchschnittlich,7295
7854,104,Richard-Wagner-Str,131,554,77,77,7692,0.78,4.32,0.13,0.58,0.37,0.28,22.04,1681.25,4.21,3.97,Daten der Verkehrserhebungen 2009 der Verkehrslenkung (VLB) Berlin,(weit) unterdurchschnittlich,7296
7855,110,Richard-Wagner-Str,131,554,77,77,7692,0.78,4.32,0.13,0.58,0.37,0.28,22.04,1681.25,4.21,3.97,Daten der Verkehrserhebungen 2009 der Verkehrslenkung (VLB) Berlin,(weit) unterdurchschnittlich,7297
8204,59,A100,1061,2096,371,26,26527,1.79,13.18,0.44,1.08,0.78,1.9,141.49,5078.87,28.63,27.04,Daten der Verkehrserhebungen 2009 der Verkehrslenkung (VLB) Berlin,durchschnittlich,7507
8205,247,A100,1061,2096,371,26,26527,1.79,13.18,0.44,1.08,0.78,1.9,141.49,5078.87,28.63,27.04,Daten der Verkehrserhebungen 2009 der Verkehrslenkung (VLB) Berlin,durchschnittlich,7508
8206,199,A100,1061,2228,133,26,26527,1.73,8.82,0.29,0.94,0.64,0.05,7.77,3757.49,0.77,0.72,Daten der Verkehrserhebungen 2009 der Verkehrslenkung (VLB) Berlin,durchschnittlich,7509
8207,58,A100,1061,2096,371,26,26527,1.79,13.18,0.44,1.08,0.79,1.9,141.51,5080.47,28.63,27.04,Daten der Verkehrserhebungen 2009 der Verkehrslenkung (VLB) Berlin,durchschnittlich,7510
8208,241,A100,1061,2096,371,26,26527,1.79,13.18,0.44,1.08,0.79,1.9,141.51,5080.47,28.63,27.04,Daten der Verkehrserhebungen 2009 der Verkehrslenkung (VLB) Berlin,durchschnittlich,7511
8209,203,A100,1061,2228,133,26,26527,1.74,8.84,0.29,0.94,0.64,0.05,7.82,3763.69,0.78,0.72,Daten der Verkehrserhebungen 2009 der Verkehrslenkung (VLB) Berlin,durchschnittlich,7512
8217,994,A100,1580,2553,152,30,30394,2.08,11.2,0.35,1.15,0.78,0.06,9.18,4419.92,0.92,0.86,Daten der Verkehrserhebungen 2009 der Verkehrslenkung (VLB) Berlin,durchschnittlich,7516
8218,310,A100,1580,2553,152,30,30394,2.08,11.2,0.35,1.15,0.78,0.06,9.18,4419.92,0.92,0.86,Daten der Verkehrserhebungen 2009 der Verkehrslenkung (VLB) Berlin,durchschnittlich,7517
8648,994,A100,1580,2553,152,30,30394,2.08,11.2,0.35,1.15,0.78,0.06,9.18,4419.92,0.92,0.86,Daten der Verkehrserhebungen 2009 der Verkehrslenkung (VLB) Berlin,durchschnittlich,7804
8649,314,A100,1580,2553,152,30,30394,2.08,11.2,0.35,1.15,0.78,0.06,9.18,4419.92,0.92,0.86,Daten der Verkehrserhebungen 2009 der Verkehrslenkung (VLB) Berlin,durchschnittlich,7805
7531,23,Goerdelerdammbrück,844,2057,264,422,26377,3.09,19.19,0.55,2.36,1.53,1.9,142.74,6500.71,28.56,26.98,ergänzende Modellrechnung 2009 der Verkehrsmanagementzentrale (VMZ) Berlin,überdurchschnittlich,7932
20756,22,Goerdelerdammbrück,818,2136,369,554,26377,3.36,20.36,0.56,2.42,1.57,1.9,142.36,6647.39,28.51,26.93,ergänzende Modellrechnung 2009 der Verkehrsmanagementzentrale (VMZ) Berlin,weit überdurchschnittlich,7933
3857,288,Putlitzstr.,586,2205,391,167,27908,2.73,15.29,0.5,2.22,1.43,1.03,80.19,6046.16,15.4,14.53,Daten der Verkehrserhebungen 2009 der Verkehrslenkung (VLB) Berlin,überdurchschnittlich,7936
20759,260,Putlitzbrücke,896,2440,432,93,30886,2.94,17.23,0.56,2.62,1.67,1.13,88.38,6719.48,17.01,16.05,Daten der Verkehrserhebungen 2009 der Verkehrslenkung (VLB) Berlin,weit überdurchschnittlich,7937
20760,81,Dovebrücke,255,961,170,414,12164,1.83,9.67,0.24,1.12,0.72,0.43,34.58,2991.5,6.58,6.21,Daten der Verkehrserhebungen 2009 der Verkehrslenkung (VLB) Berlin,durchschnittlich,7938
2090,166,Dovestr.,255,961,170,414,12164,1.83,9.67,0.24,1.12,0.72,0.43,34.58,2991.5,6.58,6.21,Daten der Verkehrserhebungen 2009 der Verkehrslenkung (VLB) Berlin,durchschnittlich,7939
20761,77,Marchbrücke,442,873,155,88,11046,1.15,6.95,0.21,0.94,0.6,0.39,31.2,2433.09,5.99,5.65,Daten der Verkehrserhebungen 2009 der Verkehrslenkung (VLB) Berlin,durchschnittlich,7940
2144,126,Marchstr.,442,919,163,268,11638,1.54,8.76,0.23,1.07,0.68,0.41,32.74,2743.24,6.26,5.91,Daten der Verkehrserhebungen 2009 der Verkehrslenkung (VLB) Berlin,durchschnittlich,7941
20918,167,Ellen-Epstein-Str.,555,1123,194,69,13868,1.44,8.67,0.27,1.23,0.79,0.5,39.45,3101.28,7.56,7.13,Daten der Verkehrserhebungen 2009 der Verkehrslenkung (VLB) Berlin,durchschnittlich,7996
20916,157,Birkenstr.,45,334,45,18,4519,0.38,2.1,0.07,0.3,0.19,0.16,12.94,922.64,2.48,2.34,ergänzende Modellrechnung 2009 der Verkehrsmanagementzentrale (VMZ) Berlin,(weit) unterdurchschnittlich,8043
20917,140,Birkenstr.,14,334,45,18,4519,0.37,1.97,0.07,0.28,0.18,0.16,13,912.39,2.49,2.35,ergänzende Modellrechnung 2009 der Verkehrsmanagementzentrale (VMZ) Berlin,(weit) unterdurchschnittlich,8044
