Art_schluessel,Art_bezeichnung,Erfassungsmethode_schluessel,Erfassungsmethode_bezeichnung,Erfassungsidentifikation_schluessel,Erfassungsidentifikation_bezeichnung,AAA-Beschreibung,alias
1220,Böschungsoberkante,5030,Digitalisierung analoger Vorlagen,5400,Sicher,AX_Gelaendekante,F15__1011
1220,Böschungsoberkante,5030,Digitalisierung analoger Vorlagen,5400,Sicher,AX_Gelaendekante,F15__1072
1240,Sonstige Begrenzungskante,5030,Digitalisierung analoger Vorlagen,5400,Sicher,AX_Gelaendekante,F15__1103
1240,Sonstige Begrenzungskante,5030,Digitalisierung analoger Vorlagen,5400,Sicher,AX_Gelaendekante,F15__1107
1230,Böschungsunterkante,5030,Digitalisierung analoger Vorlagen,5400,Sicher,AX_Gelaendekante,F15__1117
1230,Böschungsunterkante,5030,Digitalisierung analoger Vorlagen,5400,Sicher,AX_Gelaendekante,F15__1123
1240,Sonstige Begrenzungskante,5030,Digitalisierung analoger Vorlagen,5400,Sicher,AX_Gelaendekante,F15__1144
1230,Böschungsunterkante,5030,Digitalisierung analoger Vorlagen,5400,Sicher,AX_Gelaendekante,F15__1159
1220,Böschungsoberkante,5030,Digitalisierung analoger Vorlagen,5400,Sicher,AX_Gelaendekante,F15__1166
1220,Böschungsoberkante,5030,Digitalisierung analoger Vorlagen,5400,Sicher,AX_Gelaendekante,F15__1198
1230,Böschungsunterkante,5030,Digitalisierung analoger Vorlagen,5400,Sicher,AX_Gelaendekante,F15__1203
1230,Böschungsunterkante,5030,Digitalisierung analoger Vorlagen,5400,Sicher,AX_Gelaendekante,F15__1206
1230,Böschungsunterkante,5030,Digitalisierung analoger Vorlagen,5400,Sicher,AX_Gelaendekante,F15__1220
1230,Böschungsunterkante,5030,Digitalisierung analoger Vorlagen,5400,Sicher,AX_Gelaendekante,F15__1225
1220,Böschungsoberkante,5030,Digitalisierung analoger Vorlagen,5400,Sicher,AX_Gelaendekante,F15__1250
1220,Böschungsoberkante,5030,Digitalisierung analoger Vorlagen,5400,Sicher,AX_Gelaendekante,F15__1316
1220,Böschungsoberkante,5030,Digitalisierung analoger Vorlagen,5400,Sicher,AX_Gelaendekante,F15__1369
1230,Böschungsunterkante,5030,Digitalisierung analoger Vorlagen,5400,Sicher,AX_Gelaendekante,F15__1379
1220,Böschungsoberkante,5030,Digitalisierung analoger Vorlagen,5400,Sicher,AX_Gelaendekante,F15__1384
1220,Böschungsoberkante,5030,Digitalisierung analoger Vorlagen,5400,Sicher,AX_Gelaendekante,F15__1386
1240,Sonstige Begrenzungskante,5030,Digitalisierung analoger Vorlagen,5400,Sicher,AX_Gelaendekante,F15__1432
1230,Böschungsunterkante,5030,Digitalisierung analoger Vorlagen,5400,Sicher,AX_Gelaendekante,F15__1440
1240,Sonstige Begrenzungskante,5030,Digitalisierung analoger Vorlagen,5400,Sicher,AX_Gelaendekante,F15__1446
1220,Böschungsoberkante,5030,Digitalisierung analoger Vorlagen,5400,Sicher,AX_Gelaendekante,F15__1464
1220,Böschungsoberkante,5030,Digitalisierung analoger Vorlagen,5400,Sicher,AX_Gelaendekante,F15__1480
1220,Böschungsoberkante,5030,Digitalisierung analoger Vorlagen,5400,Sicher,AX_Gelaendekante,F15__1496
1220,Böschungsoberkante,5030,Digitalisierung analoger Vorlagen,5400,Sicher,AX_Gelaendekante,F15__1501
1230,Böschungsunterkante,5030,Digitalisierung analoger Vorlagen,5400,Sicher,AX_Gelaendekante,F15__1586
1230,Böschungsunterkante,5030,Digitalisierung analoger Vorlagen,5400,Sicher,AX_Gelaendekante,F15__1587
1230,Böschungsunterkante,5030,Digitalisierung analoger Vorlagen,5400,Sicher,AX_Gelaendekante,F15__1627
1230,Böschungsunterkante,5030,Digitalisierung analoger Vorlagen,5400,Sicher,AX_Gelaendekante,F15__1689
1220,Böschungsoberkante,5030,Digitalisierung analoger Vorlagen,5400,Sicher,AX_Gelaendekante,F15__1748
1240,Sonstige Begrenzungskante,5030,Digitalisierung analoger Vorlagen,5400,Sicher,AX_Gelaendekante,F15__1751
1240,Sonstige Begrenzungskante,5030,Digitalisierung analoger Vorlagen,5400,Sicher,AX_Gelaendekante,F15__1782
1240,Sonstige Begrenzungskante,5030,Digitalisierung analoger Vorlagen,5400,Sicher,AX_Gelaendekante,F15__1805
1230,Böschungsunterkante,5030,Digitalisierung analoger Vorlagen,5400,Sicher,AX_Gelaendekante,F15__1814
1230,Böschungsunterkante,5030,Digitalisierung analoger Vorlagen,5400,Sicher,AX_Gelaendekante,F15__1833
1220,Böschungsoberkante,5030,Digitalisierung analoger Vorlagen,5400,Sicher,AX_Gelaendekante,F15__1843
1240,Sonstige Begrenzungskante,5030,Digitalisierung analoger Vorlagen,5400,Sicher,AX_Gelaendekante,F15__1857
1240,Sonstige Begrenzungskante,5030,Digitalisierung analoger Vorlagen,5400,Sicher,AX_Gelaendekante,F15__1864
1230,Böschungsunterkante,5030,Digitalisierung analoger Vorlagen,5400,Sicher,AX_Gelaendekante,F15__1889
1240,Sonstige Begrenzungskante,5030,Digitalisierung analoger Vorlagen,5400,Sicher,AX_Gelaendekante,F15__1896
1240,Sonstige Begrenzungskante,5030,Digitalisierung analoger Vorlagen,5400,Sicher,AX_Gelaendekante,F15__1909
1230,Böschungsunterkante,5030,Digitalisierung analoger Vorlagen,5400,Sicher,AX_Gelaendekante,F15__1935
1240,Sonstige Begrenzungskante,5030,Digitalisierung analoger Vorlagen,5400,Sicher,AX_Gelaendekante,F15__1940
1240,Sonstige Begrenzungskante,5030,Digitalisierung analoger Vorlagen,5400,Sicher,AX_Gelaendekante,F15__1959
1240,Sonstige Begrenzungskante,5030,Digitalisierung analoger Vorlagen,5400,Sicher,AX_Gelaendekante,F15__1983
1220,Böschungsoberkante,5030,Digitalisierung analoger Vorlagen,5400,Sicher,AX_Gelaendekante,F15__1987
1240,Sonstige Begrenzungskante,5030,Digitalisierung analoger Vorlagen,5400,Sicher,AX_Gelaendekante,F15__1996
1230,Böschungsunterkante,5030,Digitalisierung analoger Vorlagen,5410,Unsicher,AX_Gelaendekante,F15__1999
1240,Sonstige Begrenzungskante,5030,Digitalisierung analoger Vorlagen,5400,Sicher,AX_Gelaendekante,F15__2013
1240,Sonstige Begrenzungskante,5030,Digitalisierung analoger Vorlagen,5400,Sicher,AX_Gelaendekante,F15__2017
1230,Böschungsunterkante,5030,Digitalisierung analoger Vorlagen,5400,Sicher,AX_Gelaendekante,F15__2019
1240,Sonstige Begrenzungskante,5030,Digitalisierung analoger Vorlagen,5400,Sicher,AX_Gelaendekante,F15__2025
1220,Böschungsoberkante,5030,Digitalisierung analoger Vorlagen,5400,Sicher,AX_Gelaendekante,F15__2044
1240,Sonstige Begrenzungskante,5030,Digitalisierung analoger Vorlagen,5400,Sicher,AX_Gelaendekante,F15__2060
1220,Böschungsoberkante,5030,Digitalisierung analoger Vorlagen,5400,Sicher,AX_Gelaendekante,F15__2088
1230,Böschungsunterkante,5030,Digitalisierung analoger Vorlagen,5400,Sicher,AX_Gelaendekante,F15__2119
1240,Sonstige Begrenzungskante,5030,Digitalisierung analoger Vorlagen,5400,Sicher,AX_Gelaendekante,F15__2130
1240,Sonstige Begrenzungskante,5030,Digitalisierung analoger Vorlagen,5400,Sicher,AX_Gelaendekante,F15__2147
1220,Böschungsoberkante,5030,Digitalisierung analoger Vorlagen,5400,Sicher,AX_Gelaendekante,F15__2164
1220,Böschungsoberkante,5030,Digitalisierung analoger Vorlagen,5400,Sicher,AX_Gelaendekante,F15__2189
1240,Sonstige Begrenzungskante,5030,Digitalisierung analoger Vorlagen,5400,Sicher,AX_Gelaendekante,F15__2203
1240,Sonstige Begrenzungskante,5030,Digitalisierung analoger Vorlagen,5400,Sicher,AX_Gelaendekante,F15__2205
1230,Böschungsunterkante,5030,Digitalisierung analoger Vorlagen,5400,Sicher,AX_Gelaendekante,F15__2245
1240,Sonstige Begrenzungskante,5030,Digitalisierung analoger Vorlagen,5400,Sicher,AX_Gelaendekante,F15__2274
1220,Böschungsoberkante,5030,Digitalisierung analoger Vorlagen,5400,Sicher,AX_Gelaendekante,F15__2275
1220,Böschungsoberkante,5030,Digitalisierung analoger Vorlagen,5400,Sicher,AX_Gelaendekante,F15__2316
1230,Böschungsunterkante,5030,Digitalisierung analoger Vorlagen,5400,Sicher,AX_Gelaendekante,F15__2331
1230,Böschungsunterkante,5030,Digitalisierung analoger Vorlagen,5400,Sicher,AX_Gelaendekante,F15__2342
1220,Böschungsoberkante,5030,Digitalisierung analoger Vorlagen,5400,Sicher,AX_Gelaendekante,F15__2346
1220,Böschungsoberkante,5030,Digitalisierung analoger Vorlagen,5400,Sicher,AX_Gelaendekante,F15__2355
1220,Böschungsoberkante,5030,Digitalisierung analoger Vorlagen,5400,Sicher,AX_Gelaendekante,F15__2377
1240,Sonstige Begrenzungskante,5030,Digitalisierung analoger Vorlagen,5400,Sicher,AX_Gelaendekante,F15__2409
1240,Sonstige Begrenzungskante,5030,Digitalisierung analoger Vorlagen,5400,Sicher,AX_Gelaendekante,F15__2420
1220,Böschungsoberkante,5030,Digitalisierung analoger Vorlagen,5400,Sicher,AX_Gelaendekante,F15__2423
1230,Böschungsunterkante,5030,Digitalisierung analoger Vorlagen,5400,Sicher,AX_Gelaendekante,F15__2426
1230,Böschungsunterkante,5030,Digitalisierung analoger Vorlagen,5400,Sicher,AX_Gelaendekante,F15__2437
1220,Böschungsoberkante,5030,Digitalisierung analoger Vorlagen,5400,Sicher,AX_Gelaendekante,F15__2474
1240,Sonstige Begrenzungskante,5030,Digitalisierung analoger Vorlagen,5400,Sicher,AX_Gelaendekante,F15__2477
1240,Sonstige Begrenzungskante,5030,Digitalisierung analoger Vorlagen,5400,Sicher,AX_Gelaendekante,F15__2481
1240,Sonstige Begrenzungskante,5030,Digitalisierung analoger Vorlagen,5400,Sicher,AX_Gelaendekante,F15__2490
1230,Böschungsunterkante,5030,Digitalisierung analoger Vorlagen,5400,Sicher,AX_Gelaendekante,F15__2495
1240,Sonstige Begrenzungskante,5030,Digitalisierung analoger Vorlagen,5400,Sicher,AX_Gelaendekante,F15__2512
1230,Böschungsunterkante,5030,Digitalisierung analoger Vorlagen,5400,Sicher,AX_Gelaendekante,F15__2528
1220,Böschungsoberkante,5030,Digitalisierung analoger Vorlagen,5400,Sicher,AX_Gelaendekante,F15__2537
1230,Böschungsunterkante,5030,Digitalisierung analoger Vorlagen,5410,Unsicher,AX_Gelaendekante,F15__2538
1240,Sonstige Begrenzungskante,5030,Digitalisierung analoger Vorlagen,5400,Sicher,AX_Gelaendekante,F15__2539
1220,Böschungsoberkante,5030,Digitalisierung analoger Vorlagen,5400,Sicher,AX_Gelaendekante,F15__2572
1240,Sonstige Begrenzungskante,5030,Digitalisierung analoger Vorlagen,5400,Sicher,AX_Gelaendekante,F15__2583
1230,Böschungsunterkante,5030,Digitalisierung analoger Vorlagen,5400,Sicher,AX_Gelaendekante,F15__2586
1240,Sonstige Begrenzungskante,5030,Digitalisierung analoger Vorlagen,5400,Sicher,AX_Gelaendekante,F15__2596
1220,Böschungsoberkante,5030,Digitalisierung analoger Vorlagen,5400,Sicher,AX_Gelaendekante,F15__2601
1240,Sonstige Begrenzungskante,5030,Digitalisierung analoger Vorlagen,5400,Sicher,AX_Gelaendekante,F15__2607
1230,Böschungsunterkante,5030,Digitalisierung analoger Vorlagen,5400,Sicher,AX_Gelaendekante,F15__2615
1240,Sonstige Begrenzungskante,5030,Digitalisierung analoger Vorlagen,5400,Sicher,AX_Gelaendekante,F15__2620
1240,Sonstige Begrenzungskante,5030,Digitalisierung analoger Vorlagen,5400,Sicher,AX_Gelaendekante,F15__2643
1230,Böschungsunterkante,5030,Digitalisierung analoger Vorlagen,5400,Sicher,AX_Gelaendekante,F15__2655
1240,Sonstige Begrenzungskante,5030,Digitalisierung analoger Vorlagen,5400,Sicher,AX_Gelaendekante,F15__2657
1230,Böschungsunterkante,5030,Digitalisierung analoger Vorlagen,5400,Sicher,AX_Gelaendekante,F15__2658
1240,Sonstige Begrenzungskante,5030,Digitalisierung analoger Vorlagen,5400,Sicher,AX_Gelaendekante,F15__2665
1240,Sonstige Begrenzungskante,5030,Digitalisierung analoger Vorlagen,5400,Sicher,AX_Gelaendekante,F15__2679
1220,Böschungsoberkante,5030,Digitalisierung analoger Vorlagen,5400,Sicher,AX_Gelaendekante,F15__2691
1240,Sonstige Begrenzungskante,5030,Digitalisierung analoger Vorlagen,5400,Sicher,AX_Gelaendekante,F15__2696
1240,Sonstige Begrenzungskante,5030,Digitalisierung analoger Vorlagen,5400,Sicher,AX_Gelaendekante,F15__2715
1220,Böschungsoberkante,5030,Digitalisierung analoger Vorlagen,5400,Sicher,AX_Gelaendekante,F15__2744
1240,Sonstige Begrenzungskante,5030,Digitalisierung analoger Vorlagen,5400,Sicher,AX_Gelaendekante,F15__2752
1240,Sonstige Begrenzungskante,5030,Digitalisierung analoger Vorlagen,5400,Sicher,AX_Gelaendekante,F15__2756
1220,Böschungsoberkante,5030,Digitalisierung analoger Vorlagen,5400,Sicher,AX_Gelaendekante,F15__2768
1240,Sonstige Begrenzungskante,5030,Digitalisierung analoger Vorlagen,5400,Sicher,AX_Gelaendekante,F15__2778
1240,Sonstige Begrenzungskante,5030,Digitalisierung analoger Vorlagen,5400,Sicher,AX_Gelaendekante,F15__2786
1220,Böschungsoberkante,5030,Digitalisierung analoger Vorlagen,5400,Sicher,AX_Gelaendekante,F15__2813
1220,Böschungsoberkante,5030,Digitalisierung analoger Vorlagen,5400,Sicher,AX_Gelaendekante,F15__2829
1240,Sonstige Begrenzungskante,5030,Digitalisierung analoger Vorlagen,5400,Sicher,AX_Gelaendekante,F15__2841
1230,Böschungsunterkante,5030,Digitalisierung analoger Vorlagen,5400,Sicher,AX_Gelaendekante,F15__2860
1230,Böschungsunterkante,5030,Digitalisierung analoger Vorlagen,5400,Sicher,AX_Gelaendekante,F15__2874
1230,Böschungsunterkante,5030,Digitalisierung analoger Vorlagen,5400,Sicher,AX_Gelaendekante,F15__2889
1230,Böschungsunterkante,5030,Digitalisierung analoger Vorlagen,5400,Sicher,AX_Gelaendekante,F15__2890
1230,Böschungsunterkante,5030,Digitalisierung analoger Vorlagen,5410,Unsicher,AX_Gelaendekante,F15__2892
1230,Böschungsunterkante,5030,Digitalisierung analoger Vorlagen,5400,Sicher,AX_Gelaendekante,F15__2898
1230,Böschungsunterkante,5030,Digitalisierung analoger Vorlagen,5400,Sicher,AX_Gelaendekante,F15__2903
1240,Sonstige Begrenzungskante,5030,Digitalisierung analoger Vorlagen,5400,Sicher,AX_Gelaendekante,F15__2905
1220,Böschungsoberkante,5030,Digitalisierung analoger Vorlagen,5400,Sicher,AX_Gelaendekante,F15__2908
1240,Sonstige Begrenzungskante,5030,Digitalisierung analoger Vorlagen,5400,Sicher,AX_Gelaendekante,F15__2929
1220,Böschungsoberkante,5030,Digitalisierung analoger Vorlagen,5400,Sicher,AX_Gelaendekante,F15__2936
1240,Sonstige Begrenzungskante,5030,Digitalisierung analoger Vorlagen,5400,Sicher,AX_Gelaendekante,F15__2949
1240,Sonstige Begrenzungskante,5030,Digitalisierung analoger Vorlagen,5400,Sicher,AX_Gelaendekante,F15__2964
1220,Böschungsoberkante,5030,Digitalisierung analoger Vorlagen,5400,Sicher,AX_Gelaendekante,F15__2980
1230,Böschungsunterkante,5030,Digitalisierung analoger Vorlagen,5400,Sicher,AX_Gelaendekante,F15__2981
1240,Sonstige Begrenzungskante,5030,Digitalisierung analoger Vorlagen,5400,Sicher,AX_Gelaendekante,F15__2985
1240,Sonstige Begrenzungskante,5030,Digitalisierung analoger Vorlagen,5400,Sicher,AX_Gelaendekante,F15__2987
1240,Sonstige Begrenzungskante,5030,Digitalisierung analoger Vorlagen,5400,Sicher,AX_Gelaendekante,F15__3005
1220,Böschungsoberkante,5030,Digitalisierung analoger Vorlagen,5400,Sicher,AX_Gelaendekante,F15__3044
1220,Böschungsoberkante,5030,Digitalisierung analoger Vorlagen,5400,Sicher,AX_Gelaendekante,F15__3059
1230,Böschungsunterkante,5030,Digitalisierung analoger Vorlagen,5400,Sicher,AX_Gelaendekante,F15__3078
1230,Böschungsunterkante,5030,Digitalisierung analoger Vorlagen,5400,Sicher,AX_Gelaendekante,F15__3083
1230,Böschungsunterkante,5030,Digitalisierung analoger Vorlagen,5400,Sicher,AX_Gelaendekante,F15__3095
1240,Sonstige Begrenzungskante,5030,Digitalisierung analoger Vorlagen,5400,Sicher,AX_Gelaendekante,F15__3106
1220,Böschungsoberkante,5030,Digitalisierung analoger Vorlagen,5400,Sicher,AX_Gelaendekante,F15__3111
1220,Böschungsoberkante,5030,Digitalisierung analoger Vorlagen,5400,Sicher,AX_Gelaendekante,F15__3114
1230,Böschungsunterkante,5030,Digitalisierung analoger Vorlagen,5400,Sicher,AX_Gelaendekante,F15__3117
1230,Böschungsunterkante,5030,Digitalisierung analoger Vorlagen,5400,Sicher,AX_Gelaendekante,F15__3128
1230,Böschungsunterkante,5030,Digitalisierung analoger Vorlagen,5400,Sicher,AX_Gelaendekante,F15__3133
1240,Sonstige Begrenzungskante,5030,Digitalisierung analoger Vorlagen,5400,Sicher,AX_Gelaendekante,F15__3138
1220,Böschungsoberkante,5030,Digitalisierung analoger Vorlagen,5400,Sicher,AX_Gelaendekante,F15__3145
1230,Böschungsunterkante,5030,Digitalisierung analoger Vorlagen,5400,Sicher,AX_Gelaendekante,F15__3159
1220,Böschungsoberkante,5030,Digitalisierung analoger Vorlagen,5400,Sicher,AX_Gelaendekante,F15__3162
1230,Böschungsunterkante,5030,Digitalisierung analoger Vorlagen,5400,Sicher,AX_Gelaendekante,F15__3164
1230,Böschungsunterkante,5030,Digitalisierung analoger Vorlagen,5400,Sicher,AX_Gelaendekante,F15__3166
1240,Sonstige Begrenzungskante,5030,Digitalisierung analoger Vorlagen,5400,Sicher,AX_Gelaendekante,F15__3179
1230,Böschungsunterkante,5030,Digitalisierung analoger Vorlagen,5400,Sicher,AX_Gelaendekante,F15__3196
1240,Sonstige Begrenzungskante,5030,Digitalisierung analoger Vorlagen,5400,Sicher,AX_Gelaendekante,F15__3199
1230,Böschungsunterkante,5030,Digitalisierung analoger Vorlagen,5400,Sicher,AX_Gelaendekante,F15__3210
1220,Böschungsoberkante,5030,Digitalisierung analoger Vorlagen,5400,Sicher,AX_Gelaendekante,F15__3238
1220,Böschungsoberkante,5030,Digitalisierung analoger Vorlagen,5400,Sicher,AX_Gelaendekante,F15__3250
1220,Böschungsoberkante,5030,Digitalisierung analoger Vorlagen,5400,Sicher,AX_Gelaendekante,F15__3265
1240,Sonstige Begrenzungskante,5030,Digitalisierung analoger Vorlagen,5400,Sicher,AX_Gelaendekante,F15__3269
1230,Böschungsunterkante,5030,Digitalisierung analoger Vorlagen,5400,Sicher,AX_Gelaendekante,F15__3283
1220,Böschungsoberkante,5030,Digitalisierung analoger Vorlagen,5400,Sicher,AX_Gelaendekante,F15__3284
1220,Böschungsoberkante,5030,Digitalisierung analoger Vorlagen,5400,Sicher,AX_Gelaendekante,F15__3291
1240,Sonstige Begrenzungskante,5030,Digitalisierung analoger Vorlagen,5400,Sicher,AX_Gelaendekante,F15__3309
1240,Sonstige Begrenzungskante,5030,Digitalisierung analoger Vorlagen,5400,Sicher,AX_Gelaendekante,F15__3327
1230,Böschungsunterkante,5030,Digitalisierung analoger Vorlagen,5400,Sicher,AX_Gelaendekante,F15__3351
1240,Sonstige Begrenzungskante,5030,Digitalisierung analoger Vorlagen,5400,Sicher,AX_Gelaendekante,F15__3368
1240,Sonstige Begrenzungskante,5030,Digitalisierung analoger Vorlagen,5400,Sicher,AX_Gelaendekante,F15__3371
1230,Böschungsunterkante,5030,Digitalisierung analoger Vorlagen,5400,Sicher,AX_Gelaendekante,F15__3377
1240,Sonstige Begrenzungskante,5030,Digitalisierung analoger Vorlagen,5400,Sicher,AX_Gelaendekante,F15__3386
1240,Sonstige Begrenzungskante,5030,Digitalisierung analoger Vorlagen,5400,Sicher,AX_Gelaendekante,F15__3397
1230,Böschungsunterkante,5030,Digitalisierung analoger Vorlagen,5400,Sicher,AX_Gelaendekante,F15__3401
1240,Sonstige Begrenzungskante,5030,Digitalisierung analoger Vorlagen,5400,Sicher,AX_Gelaendekante,F15__3411
1220,Böschungsoberkante,5030,Digitalisierung analoger Vorlagen,5400,Sicher,AX_Gelaendekante,F15__3423
1240,Sonstige Begrenzungskante,5030,Digitalisierung analoger Vorlagen,5400,Sicher,AX_Gelaendekante,F15__3430
1240,Sonstige Begrenzungskante,5030,Digitalisierung analoger Vorlagen,5400,Sicher,AX_Gelaendekante,F15__3444
1230,Böschungsunterkante,5030,Digitalisierung analoger Vorlagen,5400,Sicher,AX_Gelaendekante,F15__3456
1240,Sonstige Begrenzungskante,5030,Digitalisierung analoger Vorlagen,5400,Sicher,AX_Gelaendekante,F15__3488
1220,Böschungsoberkante,5030,Digitalisierung analoger Vorlagen,5400,Sicher,AX_Gelaendekante,F15__3502
1240,Sonstige Begrenzungskante,5030,Digitalisierung analoger Vorlagen,5400,Sicher,AX_Gelaendekante,F15__3508
1230,Böschungsunterkante,5030,Digitalisierung analoger Vorlagen,5400,Sicher,AX_Gelaendekante,F15__3529
1220,Böschungsoberkante,5030,Digitalisierung analoger Vorlagen,5400,Sicher,AX_Gelaendekante,F15__3539
1230,Böschungsunterkante,5030,Digitalisierung analoger Vorlagen,5400,Sicher,AX_Gelaendekante,F15__3557
1220,Böschungsoberkante,5030,Digitalisierung analoger Vorlagen,5400,Sicher,AX_Gelaendekante,F15__3558
1240,Sonstige Begrenzungskante,5030,Digitalisierung analoger Vorlagen,5400,Sicher,AX_Gelaendekante,F15__3575
1230,Böschungsunterkante,5030,Digitalisierung analoger Vorlagen,5400,Sicher,AX_Gelaendekante,F15__3578
1240,Sonstige Begrenzungskante,5030,Digitalisierung analoger Vorlagen,5400,Sicher,AX_Gelaendekante,F15__3596
1240,Sonstige Begrenzungskante,5030,Digitalisierung analoger Vorlagen,5400,Sicher,AX_Gelaendekante,F15__3597
1240,Sonstige Begrenzungskante,5030,Digitalisierung analoger Vorlagen,5400,Sicher,AX_Gelaendekante,F15__3607
1230,Böschungsunterkante,5030,Digitalisierung analoger Vorlagen,5400,Sicher,AX_Gelaendekante,F15__3615
1240,Sonstige Begrenzungskante,5030,Digitalisierung analoger Vorlagen,5400,Sicher,AX_Gelaendekante,F15__3628
1230,Böschungsunterkante,5030,Digitalisierung analoger Vorlagen,5400,Sicher,AX_Gelaendekante,F15__3674
1230,Böschungsunterkante,5030,Digitalisierung analoger Vorlagen,5400,Sicher,AX_Gelaendekante,F15__3711
1240,Sonstige Begrenzungskante,5030,Digitalisierung analoger Vorlagen,5400,Sicher,AX_Gelaendekante,F15__3716
1240,Sonstige Begrenzungskante,5030,Digitalisierung analoger Vorlagen,5400,Sicher,AX_Gelaendekante,F15__3718
1230,Böschungsunterkante,5030,Digitalisierung analoger Vorlagen,5400,Sicher,AX_Gelaendekante,F15__3723
1240,Sonstige Begrenzungskante,5030,Digitalisierung analoger Vorlagen,5400,Sicher,AX_Gelaendekante,F15__3729
1240,Sonstige Begrenzungskante,5030,Digitalisierung analoger Vorlagen,5400,Sicher,AX_Gelaendekante,F15__3738
1240,Sonstige Begrenzungskante,5030,Digitalisierung analoger Vorlagen,5400,Sicher,AX_Gelaendekante,F15__3742
1220,Böschungsoberkante,5030,Digitalisierung analoger Vorlagen,5400,Sicher,AX_Gelaendekante,F15__3744
1220,Böschungsoberkante,5030,Digitalisierung analoger Vorlagen,5400,Sicher,AX_Gelaendekante,F15__3757
1240,Sonstige Begrenzungskante,5030,Digitalisierung analoger Vorlagen,5400,Sicher,AX_Gelaendekante,F15__3759
1220,Böschungsoberkante,5030,Digitalisierung analoger Vorlagen,5400,Sicher,AX_Gelaendekante,F15__3769
1240,Sonstige Begrenzungskante,5030,Digitalisierung analoger Vorlagen,5400,Sicher,AX_Gelaendekante,F15__3786
1230,Böschungsunterkante,5030,Digitalisierung analoger Vorlagen,5400,Sicher,AX_Gelaendekante,F15__3807
1240,Sonstige Begrenzungskante,5030,Digitalisierung analoger Vorlagen,5400,Sicher,AX_Gelaendekante,F15__3820
1220,Böschungsoberkante,5030,Digitalisierung analoger Vorlagen,5400,Sicher,AX_Gelaendekante,F15__3823
1230,Böschungsunterkante,5030,Digitalisierung analoger Vorlagen,5400,Sicher,AX_Gelaendekante,F15__3851
1240,Sonstige Begrenzungskante,5030,Digitalisierung analoger Vorlagen,5400,Sicher,AX_Gelaendekante,F15__3868
1230,Böschungsunterkante,5030,Digitalisierung analoger Vorlagen,5400,Sicher,AX_Gelaendekante,F15__3876
1240,Sonstige Begrenzungskante,5030,Digitalisierung analoger Vorlagen,5400,Sicher,AX_Gelaendekante,F15__3881
1240,Sonstige Begrenzungskante,5030,Digitalisierung analoger Vorlagen,5400,Sicher,AX_Gelaendekante,F15__3890
1240,Sonstige Begrenzungskante,5030,Digitalisierung analoger Vorlagen,5400,Sicher,AX_Gelaendekante,F15__3893
1230,Böschungsunterkante,5030,Digitalisierung analoger Vorlagen,5400,Sicher,AX_Gelaendekante,F15__3894
1240,Sonstige Begrenzungskante,5030,Digitalisierung analoger Vorlagen,5400,Sicher,AX_Gelaendekante,F15__3917
1230,Böschungsunterkante,5030,Digitalisierung analoger Vorlagen,5400,Sicher,AX_Gelaendekante,F15__3926
1230,Böschungsunterkante,5030,Digitalisierung analoger Vorlagen,5400,Sicher,AX_Gelaendekante,F15__3969
1240,Sonstige Begrenzungskante,5030,Digitalisierung analoger Vorlagen,5400,Sicher,AX_Gelaendekante,F15__3971
1220,Böschungsoberkante,5030,Digitalisierung analoger Vorlagen,5400,Sicher,AX_Gelaendekante,F15__3972
1240,Sonstige Begrenzungskante,5030,Digitalisierung analoger Vorlagen,5400,Sicher,AX_Gelaendekante,F15__3984
1230,Böschungsunterkante,5030,Digitalisierung analoger Vorlagen,5400,Sicher,AX_Gelaendekante,F15__3985
1240,Sonstige Begrenzungskante,5030,Digitalisierung analoger Vorlagen,5400,Sicher,AX_Gelaendekante,F15__3995
1240,Sonstige Begrenzungskante,5030,Digitalisierung analoger Vorlagen,5400,Sicher,AX_Gelaendekante,F15__3997
1220,Böschungsoberkante,5030,Digitalisierung analoger Vorlagen,5400,Sicher,AX_Gelaendekante,F15__4017
1240,Sonstige Begrenzungskante,5030,Digitalisierung analoger Vorlagen,5400,Sicher,AX_Gelaendekante,F15__4023
1230,Böschungsunterkante,5030,Digitalisierung analoger Vorlagen,5400,Sicher,AX_Gelaendekante,F15__4031
1240,Sonstige Begrenzungskante,5030,Digitalisierung analoger Vorlagen,5400,Sicher,AX_Gelaendekante,F15__4050
1240,Sonstige Begrenzungskante,5030,Digitalisierung analoger Vorlagen,5400,Sicher,AX_Gelaendekante,F15__4059
1220,Böschungsoberkante,5030,Digitalisierung analoger Vorlagen,5400,Sicher,AX_Gelaendekante,F15__4066
1240,Sonstige Begrenzungskante,5030,Digitalisierung analoger Vorlagen,5400,Sicher,AX_Gelaendekante,F15__4067
1240,Sonstige Begrenzungskante,5030,Digitalisierung analoger Vorlagen,5400,Sicher,AX_Gelaendekante,F15__4079
1220,Böschungsoberkante,5030,Digitalisierung analoger Vorlagen,5400,Sicher,AX_Gelaendekante,F15__4097
1220,Böschungsoberkante,5030,Digitalisierung analoger Vorlagen,5400,Sicher,AX_Gelaendekante,F15__4110
1240,Sonstige Begrenzungskante,5030,Digitalisierung analoger Vorlagen,5400,Sicher,AX_Gelaendekante,F15__4112
1240,Sonstige Begrenzungskante,5030,Digitalisierung analoger Vorlagen,5400,Sicher,AX_Gelaendekante,F15__4128
1220,Böschungsoberkante,5030,Digitalisierung analoger Vorlagen,5400,Sicher,AX_Gelaendekante,F15__4130
1220,Böschungsoberkante,5030,Digitalisierung analoger Vorlagen,5400,Sicher,AX_Gelaendekante,F15__4143
1230,Böschungsunterkante,5030,Digitalisierung analoger Vorlagen,5400,Sicher,AX_Gelaendekante,F15__4144
1240,Sonstige Begrenzungskante,5030,Digitalisierung analoger Vorlagen,5400,Sicher,AX_Gelaendekante,F15__4148
1220,Böschungsoberkante,5030,Digitalisierung analoger Vorlagen,5400,Sicher,AX_Gelaendekante,F15__4156
1230,Böschungsunterkante,5030,Digitalisierung analoger Vorlagen,5400,Sicher,AX_Gelaendekante,F15__4166
1220,Böschungsoberkante,5030,Digitalisierung analoger Vorlagen,5400,Sicher,AX_Gelaendekante,F15__4171
1220,Böschungsoberkante,5030,Digitalisierung analoger Vorlagen,5400,Sicher,AX_Gelaendekante,F15__4205
1230,Böschungsunterkante,5030,Digitalisierung analoger Vorlagen,5400,Sicher,AX_Gelaendekante,F15__4209
1220,Böschungsoberkante,5030,Digitalisierung analoger Vorlagen,5400,Sicher,AX_Gelaendekante,F15__4212
1240,Sonstige Begrenzungskante,5030,Digitalisierung analoger Vorlagen,5400,Sicher,AX_Gelaendekante,F15__4262
1230,Böschungsunterkante,5030,Digitalisierung analoger Vorlagen,5410,Unsicher,AX_Gelaendekante,F15__4267
1220,Böschungsoberkante,5030,Digitalisierung analoger Vorlagen,5400,Sicher,AX_Gelaendekante,F15__4283
1220,Böschungsoberkante,5030,Digitalisierung analoger Vorlagen,5400,Sicher,AX_Gelaendekante,F15__4287
1240,Sonstige Begrenzungskante,5030,Digitalisierung analoger Vorlagen,5400,Sicher,AX_Gelaendekante,F15__4298
1240,Sonstige Begrenzungskante,5030,Digitalisierung analoger Vorlagen,5400,Sicher,AX_Gelaendekante,F15__4348
1230,Böschungsunterkante,5030,Digitalisierung analoger Vorlagen,5400,Sicher,AX_Gelaendekante,F15__4364
1230,Böschungsunterkante,5030,Digitalisierung analoger Vorlagen,5400,Sicher,AX_Gelaendekante,F15__4366
1240,Sonstige Begrenzungskante,5030,Digitalisierung analoger Vorlagen,5400,Sicher,AX_Gelaendekante,F15__4368
1220,Böschungsoberkante,5030,Digitalisierung analoger Vorlagen,5400,Sicher,AX_Gelaendekante,F15__4395
1230,Böschungsunterkante,5030,Digitalisierung analoger Vorlagen,5400,Sicher,AX_Gelaendekante,F15__4416
1230,Böschungsunterkante,5030,Digitalisierung analoger Vorlagen,5400,Sicher,AX_Gelaendekante,F15__4417
1220,Böschungsoberkante,5030,Digitalisierung analoger Vorlagen,5400,Sicher,AX_Gelaendekante,F15__4421
1220,Böschungsoberkante,5030,Digitalisierung analoger Vorlagen,5400,Sicher,AX_Gelaendekante,F15__4441
1230,Böschungsunterkante,5030,Digitalisierung analoger Vorlagen,5400,Sicher,AX_Gelaendekante,F15__4471
1240,Sonstige Begrenzungskante,5030,Digitalisierung analoger Vorlagen,5400,Sicher,AX_Gelaendekante,F15__4473
1220,Böschungsoberkante,5030,Digitalisierung analoger Vorlagen,5400,Sicher,AX_Gelaendekante,F15__4474
1230,Böschungsunterkante,5030,Digitalisierung analoger Vorlagen,5400,Sicher,AX_Gelaendekante,F15__4480
1240,Sonstige Begrenzungskante,5030,Digitalisierung analoger Vorlagen,5400,Sicher,AX_Gelaendekante,F15__4486
1240,Sonstige Begrenzungskante,5030,Digitalisierung analoger Vorlagen,5400,Sicher,AX_Gelaendekante,F15__4487
1240,Sonstige Begrenzungskante,5030,Digitalisierung analoger Vorlagen,5400,Sicher,AX_Gelaendekante,F15__4500
1230,Böschungsunterkante,5030,Digitalisierung analoger Vorlagen,5400,Sicher,AX_Gelaendekante,F15__4504
1220,Böschungsoberkante,5030,Digitalisierung analoger Vorlagen,5400,Sicher,AX_Gelaendekante,F15__4507
1240,Sonstige Begrenzungskante,5030,Digitalisierung analoger Vorlagen,5400,Sicher,AX_Gelaendekante,F15__4509
1240,Sonstige Begrenzungskante,5030,Digitalisierung analoger Vorlagen,5400,Sicher,AX_Gelaendekante,F15__4515
1220,Böschungsoberkante,5030,Digitalisierung analoger Vorlagen,5400,Sicher,AX_Gelaendekante,F15__4519
1230,Böschungsunterkante,5030,Digitalisierung analoger Vorlagen,5400,Sicher,AX_Gelaendekante,F15__4530
1220,Böschungsoberkante,5030,Digitalisierung analoger Vorlagen,5400,Sicher,AX_Gelaendekante,F15__4533
1220,Böschungsoberkante,5030,Digitalisierung analoger Vorlagen,5400,Sicher,AX_Gelaendekante,F15__4546
1240,Sonstige Begrenzungskante,5030,Digitalisierung analoger Vorlagen,5400,Sicher,AX_Gelaendekante,F15__4554
1240,Sonstige Begrenzungskante,5030,Digitalisierung analoger Vorlagen,5400,Sicher,AX_Gelaendekante,F15__4594
1230,Böschungsunterkante,5030,Digitalisierung analoger Vorlagen,5400,Sicher,AX_Gelaendekante,F15__4601
1240,Sonstige Begrenzungskante,5030,Digitalisierung analoger Vorlagen,5400,Sicher,AX_Gelaendekante,F15__4618
1240,Sonstige Begrenzungskante,5030,Digitalisierung analoger Vorlagen,5400,Sicher,AX_Gelaendekante,F15__4621
1230,Böschungsunterkante,5030,Digitalisierung analoger Vorlagen,5400,Sicher,AX_Gelaendekante,F15__4651
1230,Böschungsunterkante,5030,Digitalisierung analoger Vorlagen,5410,Unsicher,AX_Gelaendekante,F15__4660
1230,Böschungsunterkante,5030,Digitalisierung analoger Vorlagen,5400,Sicher,AX_Gelaendekante,F15__4667
1240,Sonstige Begrenzungskante,5030,Digitalisierung analoger Vorlagen,5400,Sicher,AX_Gelaendekante,F15__4707
1240,Sonstige Begrenzungskante,5030,Digitalisierung analoger Vorlagen,5400,Sicher,AX_Gelaendekante,F15__4714
1240,Sonstige Begrenzungskante,5030,Digitalisierung analoger Vorlagen,5400,Sicher,AX_Gelaendekante,F15__4731
1220,Böschungsoberkante,5030,Digitalisierung analoger Vorlagen,5400,Sicher,AX_Gelaendekante,F15__4750
1240,Sonstige Begrenzungskante,5030,Digitalisierung analoger Vorlagen,5400,Sicher,AX_Gelaendekante,F15__4751
1230,Böschungsunterkante,5030,Digitalisierung analoger Vorlagen,5400,Sicher,AX_Gelaendekante,F15__4758
1230,Böschungsunterkante,5030,Digitalisierung analoger Vorlagen,5400,Sicher,AX_Gelaendekante,F15__4779
1230,Böschungsunterkante,5030,Digitalisierung analoger Vorlagen,5400,Sicher,AX_Gelaendekante,F15__4783
1230,Böschungsunterkante,5030,Digitalisierung analoger Vorlagen,5410,Unsicher,AX_Gelaendekante,F15__4785
1240,Sonstige Begrenzungskante,5030,Digitalisierung analoger Vorlagen,5400,Sicher,AX_Gelaendekante,F15__4795
1220,Böschungsoberkante,5030,Digitalisierung analoger Vorlagen,5400,Sicher,AX_Gelaendekante,F15__4799
1230,Böschungsunterkante,5030,Digitalisierung analoger Vorlagen,5400,Sicher,AX_Gelaendekante,F15__4806
1230,Böschungsunterkante,5030,Digitalisierung analoger Vorlagen,5400,Sicher,AX_Gelaendekante,F15__4840
1220,Böschungsoberkante,5030,Digitalisierung analoger Vorlagen,5400,Sicher,AX_Gelaendekante,F15__4845
1240,Sonstige Begrenzungskante,5030,Digitalisierung analoger Vorlagen,5400,Sicher,AX_Gelaendekante,F15__4859
1240,Sonstige Begrenzungskante,5030,Digitalisierung analoger Vorlagen,5400,Sicher,AX_Gelaendekante,F15__4865
1240,Sonstige Begrenzungskante,5030,Digitalisierung analoger Vorlagen,5400,Sicher,AX_Gelaendekante,F15__4876
1240,Sonstige Begrenzungskante,5030,Digitalisierung analoger Vorlagen,5400,Sicher,AX_Gelaendekante,F15__4878
1230,Böschungsunterkante,5030,Digitalisierung analoger Vorlagen,5400,Sicher,AX_Gelaendekante,F15__4909
1240,Sonstige Begrenzungskante,5030,Digitalisierung analoger Vorlagen,5400,Sicher,AX_Gelaendekante,F15__4913
1230,Böschungsunterkante,5030,Digitalisierung analoger Vorlagen,5400,Sicher,AX_Gelaendekante,F15__4925
1240,Sonstige Begrenzungskante,5030,Digitalisierung analoger Vorlagen,5400,Sicher,AX_Gelaendekante,F15__4927
1230,Böschungsunterkante,5030,Digitalisierung analoger Vorlagen,5400,Sicher,AX_Gelaendekante,F15__4937
1240,Sonstige Begrenzungskante,5030,Digitalisierung analoger Vorlagen,5400,Sicher,AX_Gelaendekante,F15__4953
1230,Böschungsunterkante,5030,Digitalisierung analoger Vorlagen,5400,Sicher,AX_Gelaendekante,F15__4955
1240,Sonstige Begrenzungskante,5030,Digitalisierung analoger Vorlagen,5400,Sicher,AX_Gelaendekante,F15__4966
1240,Sonstige Begrenzungskante,5030,Digitalisierung analoger Vorlagen,5400,Sicher,AX_Gelaendekante,F15__4981
1240,Sonstige Begrenzungskante,5030,Digitalisierung analoger Vorlagen,5400,Sicher,AX_Gelaendekante,F15__4983
1240,Sonstige Begrenzungskante,5030,Digitalisierung analoger Vorlagen,5400,Sicher,AX_Gelaendekante,F15__5135
1220,Böschungsoberkante,5030,Digitalisierung analoger Vorlagen,5400,Sicher,AX_Gelaendekante,F15__5684
1230,Böschungsunterkante,5030,Digitalisierung analoger Vorlagen,5400,Sicher,AX_Gelaendekante,F15__101001
1220,Böschungsoberkante,5030,Digitalisierung analoger Vorlagen,5400,Sicher,AX_Gelaendekante,F15__101016
1230,Böschungsunterkante,5030,Digitalisierung analoger Vorlagen,5410,Unsicher,AX_Gelaendekante,F15__101019
1220,Böschungsoberkante,5030,Digitalisierung analoger Vorlagen,5400,Sicher,AX_Gelaendekante,F15__101028
1230,Böschungsunterkante,5030,Digitalisierung analoger Vorlagen,5400,Sicher,AX_Gelaendekante,F15__101034
1230,Böschungsunterkante,5030,Digitalisierung analoger Vorlagen,5400,Sicher,AX_Gelaendekante,F15__101040
1240,Sonstige Begrenzungskante,5030,Digitalisierung analoger Vorlagen,5400,Sicher,AX_Gelaendekante,F15__101043
1220,Böschungsoberkante,5030,Digitalisierung analoger Vorlagen,5400,Sicher,AX_Gelaendekante,F15__101051
1220,Böschungsoberkante,5030,Digitalisierung analoger Vorlagen,5400,Sicher,AX_Gelaendekante,F15__101052
1230,Böschungsunterkante,5030,Digitalisierung analoger Vorlagen,5400,Sicher,AX_Gelaendekante,F15__101055
1220,Böschungsoberkante,5030,Digitalisierung analoger Vorlagen,5400,Sicher,AX_Gelaendekante,F15__101058
1230,Böschungsunterkante,5030,Digitalisierung analoger Vorlagen,5400,Sicher,AX_Gelaendekante,F15__101065
1230,Böschungsunterkante,5030,Digitalisierung analoger Vorlagen,5400,Sicher,AX_Gelaendekante,F15__101070
1230,Böschungsunterkante,5030,Digitalisierung analoger Vorlagen,5400,Sicher,AX_Gelaendekante,F15__101074
1230,Böschungsunterkante,5030,Digitalisierung analoger Vorlagen,5400,Sicher,AX_Gelaendekante,F15__101081
1240,Sonstige Begrenzungskante,5030,Digitalisierung analoger Vorlagen,5400,Sicher,AX_Gelaendekante,F15__101082
1220,Böschungsoberkante,5030,Digitalisierung analoger Vorlagen,5400,Sicher,AX_Gelaendekante,F15__101083
1220,Böschungsoberkante,5030,Digitalisierung analoger Vorlagen,5400,Sicher,AX_Gelaendekante,F15__101085
1220,Böschungsoberkante,5030,Digitalisierung analoger Vorlagen,5400,Sicher,AX_Gelaendekante,F15__101091
1230,Böschungsunterkante,5030,Digitalisierung analoger Vorlagen,5400,Sicher,AX_Gelaendekante,F15__101094
1220,Böschungsoberkante,5030,Digitalisierung analoger Vorlagen,5400,Sicher,AX_Gelaendekante,F15__101096
1230,Böschungsunterkante,5030,Digitalisierung analoger Vorlagen,5400,Sicher,AX_Gelaendekante,F15__101103
1220,Böschungsoberkante,5030,Digitalisierung analoger Vorlagen,5400,Sicher,AX_Gelaendekante,F15__101104
1230,Böschungsunterkante,5030,Digitalisierung analoger Vorlagen,5400,Sicher,AX_Gelaendekante,F15__101107
1220,Böschungsoberkante,5030,Digitalisierung analoger Vorlagen,5400,Sicher,AX_Gelaendekante,F15__101109
1220,Böschungsoberkante,5030,Digitalisierung analoger Vorlagen,5400,Sicher,AX_Gelaendekante,F15__101115
1230,Böschungsunterkante,5030,Digitalisierung analoger Vorlagen,5400,Sicher,AX_Gelaendekante,F15__101121
1220,Böschungsoberkante,5030,Digitalisierung analoger Vorlagen,5400,Sicher,AX_Gelaendekante,F15__101135
1220,Böschungsoberkante,5030,Digitalisierung analoger Vorlagen,5400,Sicher,AX_Gelaendekante,F15__101140
1240,Sonstige Begrenzungskante,5030,Digitalisierung analoger Vorlagen,5400,Sicher,AX_Gelaendekante,F15__101145
1230,Böschungsunterkante,5030,Digitalisierung analoger Vorlagen,5400,Sicher,AX_Gelaendekante,F15__101146
1230,Böschungsunterkante,5030,Digitalisierung analoger Vorlagen,5400,Sicher,AX_Gelaendekante,F15__101151
1220,Böschungsoberkante,5030,Digitalisierung analoger Vorlagen,5400,Sicher,AX_Gelaendekante,F15__101152
1220,Böschungsoberkante,5030,Digitalisierung analoger Vorlagen,5400,Sicher,AX_Gelaendekante,F15__101154
1230,Böschungsunterkante,5030,Digitalisierung analoger Vorlagen,5400,Sicher,AX_Gelaendekante,F15__101155
1230,Böschungsunterkante,5030,Digitalisierung analoger Vorlagen,5400,Sicher,AX_Gelaendekante,F15__101158
1220,Böschungsoberkante,5030,Digitalisierung analoger Vorlagen,5400,Sicher,AX_Gelaendekante,F15__101162
1220,Böschungsoberkante,5030,Digitalisierung analoger Vorlagen,5400,Sicher,AX_Gelaendekante,F15__101164
1220,Böschungsoberkante,5030,Digitalisierung analoger Vorlagen,5400,Sicher,AX_Gelaendekante,F15__101171
1230,Böschungsunterkante,5030,Digitalisierung analoger Vorlagen,5400,Sicher,AX_Gelaendekante,F15__101177
1230,Böschungsunterkante,5030,Digitalisierung analoger Vorlagen,5400,Sicher,AX_Gelaendekante,F15__101189
1230,Böschungsunterkante,5030,Digitalisierung analoger Vorlagen,5400,Sicher,AX_Gelaendekante,F15__101192
1230,Böschungsunterkante,5030,Digitalisierung analoger Vorlagen,5400,Sicher,AX_Gelaendekante,F15__101198
1240,Sonstige Begrenzungskante,5030,Digitalisierung analoger Vorlagen,5400,Sicher,AX_Gelaendekante,F15__101199
1220,Böschungsoberkante,5030,Digitalisierung analoger Vorlagen,5400,Sicher,AX_Gelaendekante,F15__101202
1230,Böschungsunterkante,5030,Digitalisierung analoger Vorlagen,5400,Sicher,AX_Gelaendekante,F15__101206
1230,Böschungsunterkante,5030,Digitalisierung analoger Vorlagen,5400,Sicher,AX_Gelaendekante,F15__101207
1230,Böschungsunterkante,5030,Digitalisierung analoger Vorlagen,5400,Sicher,AX_Gelaendekante,F15__101216
1240,Sonstige Begrenzungskante,5030,Digitalisierung analoger Vorlagen,5400,Sicher,AX_Gelaendekante,F15__101221
1230,Böschungsunterkante,5030,Digitalisierung analoger Vorlagen,5400,Sicher,AX_Gelaendekante,F15__101227
1230,Böschungsunterkante,5030,Digitalisierung analoger Vorlagen,5400,Sicher,AX_Gelaendekante,F15__101235
1220,Böschungsoberkante,5030,Digitalisierung analoger Vorlagen,5400,Sicher,AX_Gelaendekante,F15__101237
1220,Böschungsoberkante,5030,Digitalisierung analoger Vorlagen,5400,Sicher,AX_Gelaendekante,F15__101238
1230,Böschungsunterkante,5030,Digitalisierung analoger Vorlagen,5400,Sicher,AX_Gelaendekante,F15__101244
1220,Böschungsoberkante,5030,Digitalisierung analoger Vorlagen,5400,Sicher,AX_Gelaendekante,F15__101249
1220,Böschungsoberkante,5030,Digitalisierung analoger Vorlagen,5400,Sicher,AX_Gelaendekante,F15__101255
1230,Böschungsunterkante,5030,Digitalisierung analoger Vorlagen,5400,Sicher,AX_Gelaendekante,F15__101264
1230,Böschungsunterkante,5030,Digitalisierung analoger Vorlagen,5400,Sicher,AX_Gelaendekante,F15__101267
1230,Böschungsunterkante,5030,Digitalisierung analoger Vorlagen,5400,Sicher,AX_Gelaendekante,F15__101274
1220,Böschungsoberkante,5030,Digitalisierung analoger Vorlagen,5400,Sicher,AX_Gelaendekante,F15__101276
1230,Böschungsunterkante,5030,Digitalisierung analoger Vorlagen,5400,Sicher,AX_Gelaendekante,F15__101277
1230,Böschungsunterkante,5030,Digitalisierung analoger Vorlagen,5400,Sicher,AX_Gelaendekante,F15__101281
1220,Böschungsoberkante,5030,Digitalisierung analoger Vorlagen,5400,Sicher,AX_Gelaendekante,F15__101284
1230,Böschungsunterkante,5030,Digitalisierung analoger Vorlagen,5400,Sicher,AX_Gelaendekante,F15__101285
1220,Böschungsoberkante,5030,Digitalisierung analoger Vorlagen,5400,Sicher,AX_Gelaendekante,F15__101286
1230,Böschungsunterkante,5030,Digitalisierung analoger Vorlagen,5400,Sicher,AX_Gelaendekante,F15__101288
1220,Böschungsoberkante,5030,Digitalisierung analoger Vorlagen,5400,Sicher,AX_Gelaendekante,F15__101293
1230,Böschungsunterkante,5030,Digitalisierung analoger Vorlagen,5400,Sicher,AX_Gelaendekante,F15__101298
1220,Böschungsoberkante,5030,Digitalisierung analoger Vorlagen,5400,Sicher,AX_Gelaendekante,F15__101304
1220,Böschungsoberkante,5030,Digitalisierung analoger Vorlagen,5400,Sicher,AX_Gelaendekante,F15__101312
1220,Böschungsoberkante,5030,Digitalisierung analoger Vorlagen,5400,Sicher,AX_Gelaendekante,F15__101317
1220,Böschungsoberkante,5030,Digitalisierung analoger Vorlagen,5400,Sicher,AX_Gelaendekante,F15__101327
1230,Böschungsunterkante,5030,Digitalisierung analoger Vorlagen,5400,Sicher,AX_Gelaendekante,F15__101331
1220,Böschungsoberkante,5030,Digitalisierung analoger Vorlagen,5400,Sicher,AX_Gelaendekante,F15__101341
1230,Böschungsunterkante,5030,Digitalisierung analoger Vorlagen,5400,Sicher,AX_Gelaendekante,F15__101343
1220,Böschungsoberkante,5030,Digitalisierung analoger Vorlagen,5400,Sicher,AX_Gelaendekante,F15__101345
1230,Böschungsunterkante,5030,Digitalisierung analoger Vorlagen,5400,Sicher,AX_Gelaendekante,F15__101359
1220,Böschungsoberkante,5030,Digitalisierung analoger Vorlagen,5400,Sicher,AX_Gelaendekante,F15__101361
1220,Böschungsoberkante,5030,Digitalisierung analoger Vorlagen,5400,Sicher,AX_Gelaendekante,F15__101362
1230,Böschungsunterkante,5030,Digitalisierung analoger Vorlagen,5400,Sicher,AX_Gelaendekante,F15__101368
1230,Böschungsunterkante,5030,Digitalisierung analoger Vorlagen,5400,Sicher,AX_Gelaendekante,F15__101376
1230,Böschungsunterkante,5030,Digitalisierung analoger Vorlagen,5400,Sicher,AX_Gelaendekante,F15__101382
1240,Sonstige Begrenzungskante,5030,Digitalisierung analoger Vorlagen,5400,Sicher,AX_Gelaendekante,F15__101387
1230,Böschungsunterkante,5030,Digitalisierung analoger Vorlagen,5400,Sicher,AX_Gelaendekante,F15__101388
1220,Böschungsoberkante,5030,Digitalisierung analoger Vorlagen,5400,Sicher,AX_Gelaendekante,F15__101389
1220,Böschungsoberkante,5030,Digitalisierung analoger Vorlagen,5400,Sicher,AX_Gelaendekante,F15__101405
1230,Böschungsunterkante,5030,Digitalisierung analoger Vorlagen,5400,Sicher,AX_Gelaendekante,F15__101414
1240,Sonstige Begrenzungskante,5030,Digitalisierung analoger Vorlagen,5400,Sicher,AX_Gelaendekante,F15__101424
1230,Böschungsunterkante,5030,Digitalisierung analoger Vorlagen,5400,Sicher,AX_Gelaendekante,F15__101426
1240,Sonstige Begrenzungskante,5030,Digitalisierung analoger Vorlagen,5400,Sicher,AX_Gelaendekante,F15__101427
1230,Böschungsunterkante,5030,Digitalisierung analoger Vorlagen,5400,Sicher,AX_Gelaendekante,F15__101448
1220,Böschungsoberkante,5030,Digitalisierung analoger Vorlagen,5400,Sicher,AX_Gelaendekante,F15__101450
1220,Böschungsoberkante,5030,Digitalisierung analoger Vorlagen,5400,Sicher,AX_Gelaendekante,F15__101452
1240,Sonstige Begrenzungskante,5030,Digitalisierung analoger Vorlagen,5400,Sicher,AX_Gelaendekante,F15__101462
1240,Sonstige Begrenzungskante,5030,Digitalisierung analoger Vorlagen,5400,Sicher,AX_Gelaendekante,F15__101473
1220,Böschungsoberkante,5030,Digitalisierung analoger Vorlagen,5400,Sicher,AX_Gelaendekante,F15__101486
1230,Böschungsunterkante,5030,Digitalisierung analoger Vorlagen,5400,Sicher,AX_Gelaendekante,F15__101487
1240,Sonstige Begrenzungskante,5030,Digitalisierung analoger Vorlagen,5400,Sicher,AX_Gelaendekante,F15__101490
1220,Böschungsoberkante,5030,Digitalisierung analoger Vorlagen,5400,Sicher,AX_Gelaendekante,F15__101499
1230,Böschungsunterkante,5030,Digitalisierung analoger Vorlagen,5400,Sicher,AX_Gelaendekante,F15__101503
1220,Böschungsoberkante,5030,Digitalisierung analoger Vorlagen,5400,Sicher,AX_Gelaendekante,F15__101507
1220,Böschungsoberkante,5030,Digitalisierung analoger Vorlagen,5400,Sicher,AX_Gelaendekante,F15__101509
1220,Böschungsoberkante,5030,Digitalisierung analoger Vorlagen,5400,Sicher,AX_Gelaendekante,F15__101524
1230,Böschungsunterkante,5030,Digitalisierung analoger Vorlagen,5400,Sicher,AX_Gelaendekante,F15__101526
1220,Böschungsoberkante,5030,Digitalisierung analoger Vorlagen,5400,Sicher,AX_Gelaendekante,F15__101528
1220,Böschungsoberkante,5030,Digitalisierung analoger Vorlagen,5400,Sicher,AX_Gelaendekante,F15__101534
1220,Böschungsoberkante,5030,Digitalisierung analoger Vorlagen,5400,Sicher,AX_Gelaendekante,F15__101537
1230,Böschungsunterkante,5030,Digitalisierung analoger Vorlagen,5400,Sicher,AX_Gelaendekante,F15__101540
1230,Böschungsunterkante,5030,Digitalisierung analoger Vorlagen,5400,Sicher,AX_Gelaendekante,F15__101543
1220,Böschungsoberkante,5030,Digitalisierung analoger Vorlagen,5400,Sicher,AX_Gelaendekante,F15__101544
1230,Böschungsunterkante,5030,Digitalisierung analoger Vorlagen,5400,Sicher,AX_Gelaendekante,F15__101545
1230,Böschungsunterkante,5030,Digitalisierung analoger Vorlagen,5400,Sicher,AX_Gelaendekante,F15__101549
1220,Böschungsoberkante,5030,Digitalisierung analoger Vorlagen,5400,Sicher,AX_Gelaendekante,F15__101550
1220,Böschungsoberkante,5030,Digitalisierung analoger Vorlagen,5400,Sicher,AX_Gelaendekante,F15__101551
1230,Böschungsunterkante,5030,Digitalisierung analoger Vorlagen,5400,Sicher,AX_Gelaendekante,F15__101555
1230,Böschungsunterkante,5030,Digitalisierung analoger Vorlagen,5400,Sicher,AX_Gelaendekante,F15__101557
1230,Böschungsunterkante,5030,Digitalisierung analoger Vorlagen,5400,Sicher,AX_Gelaendekante,F15__101560
1220,Böschungsoberkante,5030,Digitalisierung analoger Vorlagen,5400,Sicher,AX_Gelaendekante,F15__101565
1220,Böschungsoberkante,5030,Digitalisierung analoger Vorlagen,5400,Sicher,AX_Gelaendekante,F15__101571
1230,Böschungsunterkante,5030,Digitalisierung analoger Vorlagen,5400,Sicher,AX_Gelaendekante,F15__101573
1220,Böschungsoberkante,5030,Digitalisierung analoger Vorlagen,5400,Sicher,AX_Gelaendekante,F15__101584
1220,Böschungsoberkante,5030,Digitalisierung analoger Vorlagen,5400,Sicher,AX_Gelaendekante,F15__101593
1230,Böschungsunterkante,5030,Digitalisierung analoger Vorlagen,5400,Sicher,AX_Gelaendekante,F15__101594
1230,Böschungsunterkante,5030,Digitalisierung analoger Vorlagen,5400,Sicher,AX_Gelaendekante,F15__101595
1220,Böschungsoberkante,5030,Digitalisierung analoger Vorlagen,5400,Sicher,AX_Gelaendekante,F15__101604
1240,Sonstige Begrenzungskante,5030,Digitalisierung analoger Vorlagen,5400,Sicher,AX_Gelaendekante,F15__101607
1220,Böschungsoberkante,5030,Digitalisierung analoger Vorlagen,5400,Sicher,AX_Gelaendekante,F15__101609
1220,Böschungsoberkante,5030,Digitalisierung analoger Vorlagen,5400,Sicher,AX_Gelaendekante,F15__101623
1220,Böschungsoberkante,5030,Digitalisierung analoger Vorlagen,5400,Sicher,AX_Gelaendekante,F15__101627
1230,Böschungsunterkante,5030,Digitalisierung analoger Vorlagen,5400,Sicher,AX_Gelaendekante,F15__101628
1230,Böschungsunterkante,5030,Digitalisierung analoger Vorlagen,5400,Sicher,AX_Gelaendekante,F15__101635
1240,Sonstige Begrenzungskante,5030,Digitalisierung analoger Vorlagen,5400,Sicher,AX_Gelaendekante,F15__101636
1230,Böschungsunterkante,5030,Digitalisierung analoger Vorlagen,5400,Sicher,AX_Gelaendekante,F15__101637
1220,Böschungsoberkante,5030,Digitalisierung analoger Vorlagen,5400,Sicher,AX_Gelaendekante,F15__101638
1230,Böschungsunterkante,5030,Digitalisierung analoger Vorlagen,5400,Sicher,AX_Gelaendekante,F15__101644
1220,Böschungsoberkante,5030,Digitalisierung analoger Vorlagen,5400,Sicher,AX_Gelaendekante,F15__101651
1240,Sonstige Begrenzungskante,5030,Digitalisierung analoger Vorlagen,5400,Sicher,AX_Gelaendekante,F15__101653
1220,Böschungsoberkante,5030,Digitalisierung analoger Vorlagen,5400,Sicher,AX_Gelaendekante,F15__101655
1230,Böschungsunterkante,5030,Digitalisierung analoger Vorlagen,5400,Sicher,AX_Gelaendekante,F15__101663
1230,Böschungsunterkante,5030,Digitalisierung analoger Vorlagen,5400,Sicher,AX_Gelaendekante,F15__101668
1220,Böschungsoberkante,5030,Digitalisierung analoger Vorlagen,5400,Sicher,AX_Gelaendekante,F15__101674
1230,Böschungsunterkante,5030,Digitalisierung analoger Vorlagen,5400,Sicher,AX_Gelaendekante,F15__101679
1220,Böschungsoberkante,5030,Digitalisierung analoger Vorlagen,5400,Sicher,AX_Gelaendekante,F15__101698
1220,Böschungsoberkante,5030,Digitalisierung analoger Vorlagen,5400,Sicher,AX_Gelaendekante,F15__101709
1220,Böschungsoberkante,5030,Digitalisierung analoger Vorlagen,5400,Sicher,AX_Gelaendekante,F15__101713
1240,Sonstige Begrenzungskante,5030,Digitalisierung analoger Vorlagen,5400,Sicher,AX_Gelaendekante,F15__101717
1230,Böschungsunterkante,5030,Digitalisierung analoger Vorlagen,5400,Sicher,AX_Gelaendekante,F15__101726
1220,Böschungsoberkante,5030,Digitalisierung analoger Vorlagen,5400,Sicher,AX_Gelaendekante,F15__101729
1230,Böschungsunterkante,5030,Digitalisierung analoger Vorlagen,5400,Sicher,AX_Gelaendekante,F15__101749
1220,Böschungsoberkante,5030,Digitalisierung analoger Vorlagen,5400,Sicher,AX_Gelaendekante,F15__101752
1220,Böschungsoberkante,5030,Digitalisierung analoger Vorlagen,5400,Sicher,AX_Gelaendekante,F15__101755
1220,Böschungsoberkante,5030,Digitalisierung analoger Vorlagen,5400,Sicher,AX_Gelaendekante,F15__101757
1230,Böschungsunterkante,5030,Digitalisierung analoger Vorlagen,5400,Sicher,AX_Gelaendekante,F15__101759
1230,Böschungsunterkante,5030,Digitalisierung analoger Vorlagen,5400,Sicher,AX_Gelaendekante,F15__101760
1220,Böschungsoberkante,5030,Digitalisierung analoger Vorlagen,5400,Sicher,AX_Gelaendekante,F15__101765
1220,Böschungsoberkante,5030,Digitalisierung analoger Vorlagen,5400,Sicher,AX_Gelaendekante,F15__101767
1240,Sonstige Begrenzungskante,5030,Digitalisierung analoger Vorlagen,5400,Sicher,AX_Gelaendekante,F15__101780
1220,Böschungsoberkante,5030,Digitalisierung analoger Vorlagen,5400,Sicher,AX_Gelaendekante,F15__101783
1240,Sonstige Begrenzungskante,5030,Digitalisierung analoger Vorlagen,5400,Sicher,AX_Gelaendekante,F15__101784
1230,Böschungsunterkante,5030,Digitalisierung analoger Vorlagen,5400,Sicher,AX_Gelaendekante,F15__101790
1230,Böschungsunterkante,5030,Digitalisierung analoger Vorlagen,5400,Sicher,AX_Gelaendekante,F15__101791
1220,Böschungsoberkante,5030,Digitalisierung analoger Vorlagen,5400,Sicher,AX_Gelaendekante,F15__101792
1220,Böschungsoberkante,5030,Digitalisierung analoger Vorlagen,5400,Sicher,AX_Gelaendekante,F15__101794
1220,Böschungsoberkante,5030,Digitalisierung analoger Vorlagen,5400,Sicher,AX_Gelaendekante,F15__101802
1230,Böschungsunterkante,5030,Digitalisierung analoger Vorlagen,5400,Sicher,AX_Gelaendekante,F15__101805
1220,Böschungsoberkante,5030,Digitalisierung analoger Vorlagen,5400,Sicher,AX_Gelaendekante,F15__101810
1220,Böschungsoberkante,5030,Digitalisierung analoger Vorlagen,5400,Sicher,AX_Gelaendekante,F15__101813
1220,Böschungsoberkante,5030,Digitalisierung analoger Vorlagen,5400,Sicher,AX_Gelaendekante,F15__101814
1230,Böschungsunterkante,5030,Digitalisierung analoger Vorlagen,5400,Sicher,AX_Gelaendekante,F15__101819
1230,Böschungsunterkante,5030,Digitalisierung analoger Vorlagen,5400,Sicher,AX_Gelaendekante,F15__101820
1220,Böschungsoberkante,5030,Digitalisierung analoger Vorlagen,5400,Sicher,AX_Gelaendekante,F15__101826
1230,Böschungsunterkante,5030,Digitalisierung analoger Vorlagen,5400,Sicher,AX_Gelaendekante,F15__101829
1220,Böschungsoberkante,5030,Digitalisierung analoger Vorlagen,5400,Sicher,AX_Gelaendekante,F15__101845
1240,Sonstige Begrenzungskante,5030,Digitalisierung analoger Vorlagen,5400,Sicher,AX_Gelaendekante,F15__101849
1220,Böschungsoberkante,5030,Digitalisierung analoger Vorlagen,5400,Sicher,AX_Gelaendekante,F15__101853
1220,Böschungsoberkante,5030,Digitalisierung analoger Vorlagen,5400,Sicher,AX_Gelaendekante,F15__101855
1220,Böschungsoberkante,5030,Digitalisierung analoger Vorlagen,5400,Sicher,AX_Gelaendekante,F15__101879
1230,Böschungsunterkante,5030,Digitalisierung analoger Vorlagen,5400,Sicher,AX_Gelaendekante,F15__101891
1230,Böschungsunterkante,5030,Digitalisierung analoger Vorlagen,5400,Sicher,AX_Gelaendekante,F15__101893
1230,Böschungsunterkante,5030,Digitalisierung analoger Vorlagen,5400,Sicher,AX_Gelaendekante,F15__101907
1230,Böschungsunterkante,5030,Digitalisierung analoger Vorlagen,5400,Sicher,AX_Gelaendekante,F15__101910
1220,Böschungsoberkante,5030,Digitalisierung analoger Vorlagen,5400,Sicher,AX_Gelaendekante,F15__101915
1230,Böschungsunterkante,5030,Digitalisierung analoger Vorlagen,5400,Sicher,AX_Gelaendekante,F15__101919
1220,Böschungsoberkante,5030,Digitalisierung analoger Vorlagen,5400,Sicher,AX_Gelaendekante,F15__101921
1240,Sonstige Begrenzungskante,5030,Digitalisierung analoger Vorlagen,5400,Sicher,AX_Gelaendekante,F15__101922
1230,Böschungsunterkante,5030,Digitalisierung analoger Vorlagen,5400,Sicher,AX_Gelaendekante,F15__101923
1230,Böschungsunterkante,5030,Digitalisierung analoger Vorlagen,5400,Sicher,AX_Gelaendekante,F15__101927
1230,Böschungsunterkante,5030,Digitalisierung analoger Vorlagen,5400,Sicher,AX_Gelaendekante,F15__101930
1220,Böschungsoberkante,5030,Digitalisierung analoger Vorlagen,5400,Sicher,AX_Gelaendekante,F15__101932
1220,Böschungsoberkante,5030,Digitalisierung analoger Vorlagen,5400,Sicher,AX_Gelaendekante,F15__101933
1240,Sonstige Begrenzungskante,5030,Digitalisierung analoger Vorlagen,5400,Sicher,AX_Gelaendekante,F15__101939
1240,Sonstige Begrenzungskante,5030,Digitalisierung analoger Vorlagen,5400,Sicher,AX_Gelaendekante,F15__101950
1230,Böschungsunterkante,5030,Digitalisierung analoger Vorlagen,5400,Sicher,AX_Gelaendekante,F15__101954
1220,Böschungsoberkante,5030,Digitalisierung analoger Vorlagen,5400,Sicher,AX_Gelaendekante,F15__101975
1220,Böschungsoberkante,5030,Digitalisierung analoger Vorlagen,5400,Sicher,AX_Gelaendekante,F15__101983
1220,Böschungsoberkante,5030,Digitalisierung analoger Vorlagen,5400,Sicher,AX_Gelaendekante,F15__101995
1220,Böschungsoberkante,5030,Digitalisierung analoger Vorlagen,5400,Sicher,AX_Gelaendekante,F15__101998
1230,Böschungsunterkante,5030,Digitalisierung analoger Vorlagen,5400,Sicher,AX_Gelaendekante,F15__102003
1230,Böschungsunterkante,5030,Digitalisierung analoger Vorlagen,5400,Sicher,AX_Gelaendekante,F15__102006
1220,Böschungsoberkante,5030,Digitalisierung analoger Vorlagen,5400,Sicher,AX_Gelaendekante,F15__102008
1230,Böschungsunterkante,5030,Digitalisierung analoger Vorlagen,5400,Sicher,AX_Gelaendekante,F15__102010
1220,Böschungsoberkante,5030,Digitalisierung analoger Vorlagen,5400,Sicher,AX_Gelaendekante,F15__102011
1230,Böschungsunterkante,5030,Digitalisierung analoger Vorlagen,5400,Sicher,AX_Gelaendekante,F15__102016
1230,Böschungsunterkante,5030,Digitalisierung analoger Vorlagen,5400,Sicher,AX_Gelaendekante,F15__102017
1230,Böschungsunterkante,5030,Digitalisierung analoger Vorlagen,5400,Sicher,AX_Gelaendekante,F15__102018
1230,Böschungsunterkante,5030,Digitalisierung analoger Vorlagen,5400,Sicher,AX_Gelaendekante,F15__102019
1220,Böschungsoberkante,5030,Digitalisierung analoger Vorlagen,5400,Sicher,AX_Gelaendekante,F15__102020
1220,Böschungsoberkante,5030,Digitalisierung analoger Vorlagen,5400,Sicher,AX_Gelaendekante,F15__102022
1230,Böschungsunterkante,5030,Digitalisierung analoger Vorlagen,5400,Sicher,AX_Gelaendekante,F15__102023
1230,Böschungsunterkante,5030,Digitalisierung analoger Vorlagen,5400,Sicher,AX_Gelaendekante,F15__102024
1230,Böschungsunterkante,5030,Digitalisierung analoger Vorlagen,5400,Sicher,AX_Gelaendekante,F15__102025
1220,Böschungsoberkante,5030,Digitalisierung analoger Vorlagen,5400,Sicher,AX_Gelaendekante,F15__102028
1220,Böschungsoberkante,5030,Digitalisierung analoger Vorlagen,5400,Sicher,AX_Gelaendekante,F15__102030
1240,Sonstige Begrenzungskante,5030,Digitalisierung analoger Vorlagen,5400,Sicher,AX_Gelaendekante,F15__102033
1220,Böschungsoberkante,5030,Digitalisierung analoger Vorlagen,5400,Sicher,AX_Gelaendekante,F15__102034
1230,Böschungsunterkante,5030,Digitalisierung analoger Vorlagen,5400,Sicher,AX_Gelaendekante,F15__102035
1230,Böschungsunterkante,5030,Digitalisierung analoger Vorlagen,5400,Sicher,AX_Gelaendekante,F15__102036
1220,Böschungsoberkante,5030,Digitalisierung analoger Vorlagen,5400,Sicher,AX_Gelaendekante,F15__102039
1220,Böschungsoberkante,5030,Digitalisierung analoger Vorlagen,5400,Sicher,AX_Gelaendekante,F15__102040
1220,Böschungsoberkante,5030,Digitalisierung analoger Vorlagen,5400,Sicher,AX_Gelaendekante,F15__102041
1230,Böschungsunterkante,5030,Digitalisierung analoger Vorlagen,5400,Sicher,AX_Gelaendekante,F15__102043
1230,Böschungsunterkante,5030,Digitalisierung analoger Vorlagen,5400,Sicher,AX_Gelaendekante,F15__102045
1220,Böschungsoberkante,5030,Digitalisierung analoger Vorlagen,5400,Sicher,AX_Gelaendekante,F15__102046
1220,Böschungsoberkante,5030,Digitalisierung analoger Vorlagen,5400,Sicher,AX_Gelaendekante,F15__102048
1230,Böschungsunterkante,5030,Digitalisierung analoger Vorlagen,5400,Sicher,AX_Gelaendekante,F15__102049
1220,Böschungsoberkante,5030,Digitalisierung analoger Vorlagen,5400,Sicher,AX_Gelaendekante,F15__102050
1220,Böschungsoberkante,5030,Digitalisierung analoger Vorlagen,5400,Sicher,AX_Gelaendekante,F15__102051
1230,Böschungsunterkante,5030,Digitalisierung analoger Vorlagen,5400,Sicher,AX_Gelaendekante,F15__102052
1220,Böschungsoberkante,5030,Digitalisierung analoger Vorlagen,5400,Sicher,AX_Gelaendekante,F15__102055
1220,Böschungsoberkante,5030,Digitalisierung analoger Vorlagen,5400,Sicher,AX_Gelaendekante,F15__102060
1230,Böschungsunterkante,5030,Digitalisierung analoger Vorlagen,5400,Sicher,AX_Gelaendekante,F15__102064
1220,Böschungsoberkante,5030,Digitalisierung analoger Vorlagen,5400,Sicher,AX_Gelaendekante,F15__102066
1240,Sonstige Begrenzungskante,5030,Digitalisierung analoger Vorlagen,5400,Sicher,AX_Gelaendekante,F15__102069
1240,Sonstige Begrenzungskante,5030,Digitalisierung analoger Vorlagen,5400,Sicher,AX_Gelaendekante,F15__102071
1220,Böschungsoberkante,5030,Digitalisierung analoger Vorlagen,5400,Sicher,AX_Gelaendekante,F15__102078
1230,Böschungsunterkante,5030,Digitalisierung analoger Vorlagen,5400,Sicher,AX_Gelaendekante,F15__102082
1240,Sonstige Begrenzungskante,5030,Digitalisierung analoger Vorlagen,5400,Sicher,AX_Gelaendekante,F15__102090
1240,Sonstige Begrenzungskante,5030,Digitalisierung analoger Vorlagen,5400,Sicher,AX_Gelaendekante,F15__102091
1230,Böschungsunterkante,5030,Digitalisierung analoger Vorlagen,5400,Sicher,AX_Gelaendekante,F15__102092
1220,Böschungsoberkante,5030,Digitalisierung analoger Vorlagen,5400,Sicher,AX_Gelaendekante,F15__102102
1240,Sonstige Begrenzungskante,5030,Digitalisierung analoger Vorlagen,5400,Sicher,AX_Gelaendekante,F15__102105
1230,Böschungsunterkante,5030,Digitalisierung analoger Vorlagen,5400,Sicher,AX_Gelaendekante,F15__102106
1230,Böschungsunterkante,5030,Digitalisierung analoger Vorlagen,5400,Sicher,AX_Gelaendekante,F15__102109
1240,Sonstige Begrenzungskante,5030,Digitalisierung analoger Vorlagen,5400,Sicher,AX_Gelaendekante,F15__102111
1220,Böschungsoberkante,5030,Digitalisierung analoger Vorlagen,5400,Sicher,AX_Gelaendekante,F15__102112
1220,Böschungsoberkante,5030,Digitalisierung analoger Vorlagen,5400,Sicher,AX_Gelaendekante,F15__102114
1230,Böschungsunterkante,5030,Digitalisierung analoger Vorlagen,5400,Sicher,AX_Gelaendekante,F15__102124
1240,Sonstige Begrenzungskante,5030,Digitalisierung analoger Vorlagen,5400,Sicher,AX_Gelaendekante,F15__102125
1230,Böschungsunterkante,5030,Digitalisierung analoger Vorlagen,5400,Sicher,AX_Gelaendekante,F15__102128
1230,Böschungsunterkante,5030,Digitalisierung analoger Vorlagen,5400,Sicher,AX_Gelaendekante,F15__102138
1220,Böschungsoberkante,5030,Digitalisierung analoger Vorlagen,5400,Sicher,AX_Gelaendekante,F15__102139
1230,Böschungsunterkante,5030,Digitalisierung analoger Vorlagen,5400,Sicher,AX_Gelaendekante,F15__102140
1220,Böschungsoberkante,5030,Digitalisierung analoger Vorlagen,5400,Sicher,AX_Gelaendekante,F15__102141
1230,Böschungsunterkante,5030,Digitalisierung analoger Vorlagen,5400,Sicher,AX_Gelaendekante,F15__102145
1230,Böschungsunterkante,5030,Digitalisierung analoger Vorlagen,5400,Sicher,AX_Gelaendekante,F15__102148
1230,Böschungsunterkante,5030,Digitalisierung analoger Vorlagen,5400,Sicher,AX_Gelaendekante,F15__102150
1230,Böschungsunterkante,5030,Digitalisierung analoger Vorlagen,5400,Sicher,AX_Gelaendekante,F15__102153
1230,Böschungsunterkante,5030,Digitalisierung analoger Vorlagen,5400,Sicher,AX_Gelaendekante,F15__102158
1230,Böschungsunterkante,5030,Digitalisierung analoger Vorlagen,5400,Sicher,AX_Gelaendekante,F15__102160
1230,Böschungsunterkante,5030,Digitalisierung analoger Vorlagen,5400,Sicher,AX_Gelaendekante,F15__102161
1220,Böschungsoberkante,5030,Digitalisierung analoger Vorlagen,5400,Sicher,AX_Gelaendekante,F15__102166
1240,Sonstige Begrenzungskante,5030,Digitalisierung analoger Vorlagen,5400,Sicher,AX_Gelaendekante,F15__102170
1230,Böschungsunterkante,5030,Digitalisierung analoger Vorlagen,5400,Sicher,AX_Gelaendekante,F15__102172
1230,Böschungsunterkante,5030,Digitalisierung analoger Vorlagen,5400,Sicher,AX_Gelaendekante,F15__102174
1230,Böschungsunterkante,5030,Digitalisierung analoger Vorlagen,5400,Sicher,AX_Gelaendekante,F15__102177
1230,Böschungsunterkante,5030,Digitalisierung analoger Vorlagen,5400,Sicher,AX_Gelaendekante,F15__102182
1230,Böschungsunterkante,5030,Digitalisierung analoger Vorlagen,5400,Sicher,AX_Gelaendekante,F15__102183
1220,Böschungsoberkante,5030,Digitalisierung analoger Vorlagen,5400,Sicher,AX_Gelaendekante,F15__102189
1220,Böschungsoberkante,5030,Digitalisierung analoger Vorlagen,5400,Sicher,AX_Gelaendekante,F15__102191
1220,Böschungsoberkante,5030,Digitalisierung analoger Vorlagen,5400,Sicher,AX_Gelaendekante,F15__102195
1220,Böschungsoberkante,5030,Digitalisierung analoger Vorlagen,5400,Sicher,AX_Gelaendekante,F15__102196
1220,Böschungsoberkante,5030,Digitalisierung analoger Vorlagen,5400,Sicher,AX_Gelaendekante,F15__102197
1240,Sonstige Begrenzungskante,5030,Digitalisierung analoger Vorlagen,5400,Sicher,AX_Gelaendekante,F15__102203
1220,Böschungsoberkante,5030,Digitalisierung analoger Vorlagen,5400,Sicher,AX_Gelaendekante,F15__102211
1220,Böschungsoberkante,5030,Digitalisierung analoger Vorlagen,5400,Sicher,AX_Gelaendekante,F15__102215
1220,Böschungsoberkante,5030,Digitalisierung analoger Vorlagen,5400,Sicher,AX_Gelaendekante,F15__102222
1230,Böschungsunterkante,5030,Digitalisierung analoger Vorlagen,5400,Sicher,AX_Gelaendekante,F15__102224
1230,Böschungsunterkante,5030,Digitalisierung analoger Vorlagen,5400,Sicher,AX_Gelaendekante,F15__102225
1230,Böschungsunterkante,5030,Digitalisierung analoger Vorlagen,5400,Sicher,AX_Gelaendekante,F15__102226
1220,Böschungsoberkante,5030,Digitalisierung analoger Vorlagen,5400,Sicher,AX_Gelaendekante,F15__102229
1220,Böschungsoberkante,5030,Digitalisierung analoger Vorlagen,5400,Sicher,AX_Gelaendekante,F15__102230
1220,Böschungsoberkante,5030,Digitalisierung analoger Vorlagen,5400,Sicher,AX_Gelaendekante,F15__102233
1230,Böschungsunterkante,5030,Digitalisierung analoger Vorlagen,5400,Sicher,AX_Gelaendekante,F15__102235
1230,Böschungsunterkante,5030,Digitalisierung analoger Vorlagen,5400,Sicher,AX_Gelaendekante,F15__102236
1220,Böschungsoberkante,5030,Digitalisierung analoger Vorlagen,5400,Sicher,AX_Gelaendekante,F15__102238
1230,Böschungsunterkante,5030,Digitalisierung analoger Vorlagen,5400,Sicher,AX_Gelaendekante,F15__102240
1230,Böschungsunterkante,5030,Digitalisierung analoger Vorlagen,5400,Sicher,AX_Gelaendekante,F15__102241
1230,Böschungsunterkante,5030,Digitalisierung analoger Vorlagen,5400,Sicher,AX_Gelaendekante,F15__102242
1220,Böschungsoberkante,5030,Digitalisierung analoger Vorlagen,5400,Sicher,AX_Gelaendekante,F15__102243
1230,Böschungsunterkante,5030,Digitalisierung analoger Vorlagen,5400,Sicher,AX_Gelaendekante,F15__102247
1230,Böschungsunterkante,5030,Digitalisierung analoger Vorlagen,5400,Sicher,AX_Gelaendekante,F15__102248
1220,Böschungsoberkante,5030,Digitalisierung analoger Vorlagen,5400,Sicher,AX_Gelaendekante,F15__102255
1230,Böschungsunterkante,5030,Digitalisierung analoger Vorlagen,5400,Sicher,AX_Gelaendekante,F15__102257
1230,Böschungsunterkante,5030,Digitalisierung analoger Vorlagen,5400,Sicher,AX_Gelaendekante,F15__102264
1230,Böschungsunterkante,5030,Digitalisierung analoger Vorlagen,5400,Sicher,AX_Gelaendekante,F15__102265
1220,Böschungsoberkante,5030,Digitalisierung analoger Vorlagen,5400,Sicher,AX_Gelaendekante,F15__102266
1230,Böschungsunterkante,5030,Digitalisierung analoger Vorlagen,5400,Sicher,AX_Gelaendekante,F15__102271
1230,Böschungsunterkante,5030,Digitalisierung analoger Vorlagen,5400,Sicher,AX_Gelaendekante,F15__102274
1230,Böschungsunterkante,5030,Digitalisierung analoger Vorlagen,5400,Sicher,AX_Gelaendekante,F15__102276
1230,Böschungsunterkante,5030,Digitalisierung analoger Vorlagen,5400,Sicher,AX_Gelaendekante,F15__102280
1230,Böschungsunterkante,5030,Digitalisierung analoger Vorlagen,5400,Sicher,AX_Gelaendekante,F15__102284
1230,Böschungsunterkante,5030,Digitalisierung analoger Vorlagen,5400,Sicher,AX_Gelaendekante,F15__102285
1230,Böschungsunterkante,5030,Digitalisierung analoger Vorlagen,5400,Sicher,AX_Gelaendekante,F15__102286
1220,Böschungsoberkante,5030,Digitalisierung analoger Vorlagen,5400,Sicher,AX_Gelaendekante,F15__102290
1240,Sonstige Begrenzungskante,5030,Digitalisierung analoger Vorlagen,5400,Sicher,AX_Gelaendekante,F15__102295
1230,Böschungsunterkante,5030,Digitalisierung analoger Vorlagen,5400,Sicher,AX_Gelaendekante,F15__102297
1230,Böschungsunterkante,5030,Digitalisierung analoger Vorlagen,5410,Unsicher,AX_Gelaendekante,F15__102299
1230,Böschungsunterkante,5030,Digitalisierung analoger Vorlagen,5400,Sicher,AX_Gelaendekante,F15__102301
1240,Sonstige Begrenzungskante,5030,Digitalisierung analoger Vorlagen,5400,Sicher,AX_Gelaendekante,F15__102304
1230,Böschungsunterkante,5030,Digitalisierung analoger Vorlagen,5400,Sicher,AX_Gelaendekante,F15__102305
1220,Böschungsoberkante,5030,Digitalisierung analoger Vorlagen,5400,Sicher,AX_Gelaendekante,F15__102308
1240,Sonstige Begrenzungskante,5030,Digitalisierung analoger Vorlagen,5400,Sicher,AX_Gelaendekante,F15__102309
1220,Böschungsoberkante,5030,Digitalisierung analoger Vorlagen,5400,Sicher,AX_Gelaendekante,F15__102312
1240,Sonstige Begrenzungskante,5030,Digitalisierung analoger Vorlagen,5400,Sicher,AX_Gelaendekante,F15__102322
1240,Sonstige Begrenzungskante,5030,Digitalisierung analoger Vorlagen,5400,Sicher,AX_Gelaendekante,F15__102323
1220,Böschungsoberkante,5030,Digitalisierung analoger Vorlagen,5400,Sicher,AX_Gelaendekante,F15__102324
1230,Böschungsunterkante,5030,Digitalisierung analoger Vorlagen,5400,Sicher,AX_Gelaendekante,F15__102328
1230,Böschungsunterkante,5030,Digitalisierung analoger Vorlagen,5400,Sicher,AX_Gelaendekante,F15__102333
1220,Böschungsoberkante,5030,Digitalisierung analoger Vorlagen,5400,Sicher,AX_Gelaendekante,F15__102336
1230,Böschungsunterkante,5030,Digitalisierung analoger Vorlagen,5400,Sicher,AX_Gelaendekante,F15__102339
1240,Sonstige Begrenzungskante,5030,Digitalisierung analoger Vorlagen,5400,Sicher,AX_Gelaendekante,F15__102344
1240,Sonstige Begrenzungskante,5030,Digitalisierung analoger Vorlagen,5400,Sicher,AX_Gelaendekante,F15__102345
1230,Böschungsunterkante,5030,Digitalisierung analoger Vorlagen,5400,Sicher,AX_Gelaendekante,F15__102351
1220,Böschungsoberkante,5030,Digitalisierung analoger Vorlagen,5400,Sicher,AX_Gelaendekante,F15__102353
1230,Böschungsunterkante,5030,Digitalisierung analoger Vorlagen,5400,Sicher,AX_Gelaendekante,F15__102354
1230,Böschungsunterkante,5030,Digitalisierung analoger Vorlagen,5400,Sicher,AX_Gelaendekante,F15__102356
1230,Böschungsunterkante,5030,Digitalisierung analoger Vorlagen,5400,Sicher,AX_Gelaendekante,F15__102357
1220,Böschungsoberkante,5030,Digitalisierung analoger Vorlagen,5400,Sicher,AX_Gelaendekante,F15__102360
1230,Böschungsunterkante,5030,Digitalisierung analoger Vorlagen,5400,Sicher,AX_Gelaendekante,F15__102363
1240,Sonstige Begrenzungskante,5030,Digitalisierung analoger Vorlagen,5400,Sicher,AX_Gelaendekante,F15__102364
1240,Sonstige Begrenzungskante,5030,Digitalisierung analoger Vorlagen,5400,Sicher,AX_Gelaendekante,F15__102365
1220,Böschungsoberkante,5030,Digitalisierung analoger Vorlagen,5400,Sicher,AX_Gelaendekante,F15__102366
1220,Böschungsoberkante,5030,Digitalisierung analoger Vorlagen,5410,Unsicher,AX_Gelaendekante,F15__102368
1230,Böschungsunterkante,5030,Digitalisierung analoger Vorlagen,5400,Sicher,AX_Gelaendekante,F15__102369
1220,Böschungsoberkante,5030,Digitalisierung analoger Vorlagen,5400,Sicher,AX_Gelaendekante,F15__102370
1220,Böschungsoberkante,5030,Digitalisierung analoger Vorlagen,5400,Sicher,AX_Gelaendekante,F15__102372
1220,Böschungsoberkante,5030,Digitalisierung analoger Vorlagen,5400,Sicher,AX_Gelaendekante,F15__102379
1230,Böschungsunterkante,5030,Digitalisierung analoger Vorlagen,5400,Sicher,AX_Gelaendekante,F15__102380
1220,Böschungsoberkante,5030,Digitalisierung analoger Vorlagen,5400,Sicher,AX_Gelaendekante,F15__102381
1220,Böschungsoberkante,5030,Digitalisierung analoger Vorlagen,5400,Sicher,AX_Gelaendekante,F15__102388
1220,Böschungsoberkante,5030,Digitalisierung analoger Vorlagen,5400,Sicher,AX_Gelaendekante,F15__102389
1230,Böschungsunterkante,5030,Digitalisierung analoger Vorlagen,5400,Sicher,AX_Gelaendekante,F15__102391
1230,Böschungsunterkante,5030,Digitalisierung analoger Vorlagen,5400,Sicher,AX_Gelaendekante,F15__102392
1230,Böschungsunterkante,5030,Digitalisierung analoger Vorlagen,5400,Sicher,AX_Gelaendekante,F15__102393
1220,Böschungsoberkante,5030,Digitalisierung analoger Vorlagen,5400,Sicher,AX_Gelaendekante,F15__102396
1230,Böschungsunterkante,5030,Digitalisierung analoger Vorlagen,5400,Sicher,AX_Gelaendekante,F15__102398
1220,Böschungsoberkante,5030,Digitalisierung analoger Vorlagen,5400,Sicher,AX_Gelaendekante,F15__102399
1220,Böschungsoberkante,5030,Digitalisierung analoger Vorlagen,5400,Sicher,AX_Gelaendekante,F15__102400
1220,Böschungsoberkante,5030,Digitalisierung analoger Vorlagen,5400,Sicher,AX_Gelaendekante,F15__102404
1230,Böschungsunterkante,5030,Digitalisierung analoger Vorlagen,5400,Sicher,AX_Gelaendekante,F15__102405
1240,Sonstige Begrenzungskante,5030,Digitalisierung analoger Vorlagen,5400,Sicher,AX_Gelaendekante,F15__102406
1230,Böschungsunterkante,5030,Digitalisierung analoger Vorlagen,5400,Sicher,AX_Gelaendekante,F15__102408
1220,Böschungsoberkante,5030,Digitalisierung analoger Vorlagen,5400,Sicher,AX_Gelaendekante,F15__102413
1220,Böschungsoberkante,5030,Digitalisierung analoger Vorlagen,5400,Sicher,AX_Gelaendekante,F15__102416
1220,Böschungsoberkante,5030,Digitalisierung analoger Vorlagen,5400,Sicher,AX_Gelaendekante,F15__102417
1220,Böschungsoberkante,5030,Digitalisierung analoger Vorlagen,5400,Sicher,AX_Gelaendekante,F15__102420
1220,Böschungsoberkante,5030,Digitalisierung analoger Vorlagen,5400,Sicher,AX_Gelaendekante,F15__102422
1230,Böschungsunterkante,5030,Digitalisierung analoger Vorlagen,5400,Sicher,AX_Gelaendekante,F15__102423
1240,Sonstige Begrenzungskante,5030,Digitalisierung analoger Vorlagen,5400,Sicher,AX_Gelaendekante,F15__102426
1220,Böschungsoberkante,5030,Digitalisierung analoger Vorlagen,5400,Sicher,AX_Gelaendekante,F15__102428
1230,Böschungsunterkante,5030,Digitalisierung analoger Vorlagen,5400,Sicher,AX_Gelaendekante,F15__102433
1220,Böschungsoberkante,5030,Digitalisierung analoger Vorlagen,5400,Sicher,AX_Gelaendekante,F15__102434
1220,Böschungsoberkante,5030,Digitalisierung analoger Vorlagen,5400,Sicher,AX_Gelaendekante,F15__102436
1240,Sonstige Begrenzungskante,5030,Digitalisierung analoger Vorlagen,5400,Sicher,AX_Gelaendekante,F15__102441
1220,Böschungsoberkante,5030,Digitalisierung analoger Vorlagen,5400,Sicher,AX_Gelaendekante,F15__102443
1230,Böschungsunterkante,5030,Digitalisierung analoger Vorlagen,5400,Sicher,AX_Gelaendekante,F15__102444
1230,Böschungsunterkante,5030,Digitalisierung analoger Vorlagen,5400,Sicher,AX_Gelaendekante,F15__102452
1240,Sonstige Begrenzungskante,5030,Digitalisierung analoger Vorlagen,5400,Sicher,AX_Gelaendekante,F15__102454
1220,Böschungsoberkante,5030,Digitalisierung analoger Vorlagen,5400,Sicher,AX_Gelaendekante,F15__102456
1230,Böschungsunterkante,5030,Digitalisierung analoger Vorlagen,5400,Sicher,AX_Gelaendekante,F15__102457
1220,Böschungsoberkante,5030,Digitalisierung analoger Vorlagen,5400,Sicher,AX_Gelaendekante,F15__102460
1240,Sonstige Begrenzungskante,5030,Digitalisierung analoger Vorlagen,5400,Sicher,AX_Gelaendekante,F15__102467
1240,Sonstige Begrenzungskante,5030,Digitalisierung analoger Vorlagen,5400,Sicher,AX_Gelaendekante,F15__102468
1230,Böschungsunterkante,5030,Digitalisierung analoger Vorlagen,5400,Sicher,AX_Gelaendekante,F15__102472
1240,Sonstige Begrenzungskante,5030,Digitalisierung analoger Vorlagen,5400,Sicher,AX_Gelaendekante,F15__102475
1230,Böschungsunterkante,5030,Digitalisierung analoger Vorlagen,5400,Sicher,AX_Gelaendekante,F15__102480
1220,Böschungsoberkante,5030,Digitalisierung analoger Vorlagen,5400,Sicher,AX_Gelaendekante,F15__102483
1220,Böschungsoberkante,5030,Digitalisierung analoger Vorlagen,5400,Sicher,AX_Gelaendekante,F15__102486
1230,Böschungsunterkante,5030,Digitalisierung analoger Vorlagen,5400,Sicher,AX_Gelaendekante,F15__102489
1230,Böschungsunterkante,5030,Digitalisierung analoger Vorlagen,5400,Sicher,AX_Gelaendekante,F15__102491
1230,Böschungsunterkante,5030,Digitalisierung analoger Vorlagen,5400,Sicher,AX_Gelaendekante,F15__102498
1230,Böschungsunterkante,5030,Digitalisierung analoger Vorlagen,5400,Sicher,AX_Gelaendekante,F15__102501
1220,Böschungsoberkante,5030,Digitalisierung analoger Vorlagen,5400,Sicher,AX_Gelaendekante,F15__102502
1220,Böschungsoberkante,5030,Digitalisierung analoger Vorlagen,5400,Sicher,AX_Gelaendekante,F15__102503
1220,Böschungsoberkante,5030,Digitalisierung analoger Vorlagen,5400,Sicher,AX_Gelaendekante,F15__102504
1230,Böschungsunterkante,5030,Digitalisierung analoger Vorlagen,5400,Sicher,AX_Gelaendekante,F15__102505
1230,Böschungsunterkante,5030,Digitalisierung analoger Vorlagen,5400,Sicher,AX_Gelaendekante,F15__102507
1240,Sonstige Begrenzungskante,5030,Digitalisierung analoger Vorlagen,5400,Sicher,AX_Gelaendekante,F15__102509
1220,Böschungsoberkante,5030,Digitalisierung analoger Vorlagen,5400,Sicher,AX_Gelaendekante,F15__102512
1230,Böschungsunterkante,5030,Digitalisierung analoger Vorlagen,5400,Sicher,AX_Gelaendekante,F15__102516
1220,Böschungsoberkante,5030,Digitalisierung analoger Vorlagen,5400,Sicher,AX_Gelaendekante,F15__102517
1240,Sonstige Begrenzungskante,5030,Digitalisierung analoger Vorlagen,5400,Sicher,AX_Gelaendekante,F15__102518
1230,Böschungsunterkante,5030,Digitalisierung analoger Vorlagen,5400,Sicher,AX_Gelaendekante,F15__102523
1230,Böschungsunterkante,5030,Digitalisierung analoger Vorlagen,5400,Sicher,AX_Gelaendekante,F15__102524
1230,Böschungsunterkante,5030,Digitalisierung analoger Vorlagen,5400,Sicher,AX_Gelaendekante,F15__102529
1220,Böschungsoberkante,5030,Digitalisierung analoger Vorlagen,5400,Sicher,AX_Gelaendekante,F15__102530
1220,Böschungsoberkante,5030,Digitalisierung analoger Vorlagen,5400,Sicher,AX_Gelaendekante,F15__102533
1220,Böschungsoberkante,5030,Digitalisierung analoger Vorlagen,5400,Sicher,AX_Gelaendekante,F15__102535
1230,Böschungsunterkante,5030,Digitalisierung analoger Vorlagen,5400,Sicher,AX_Gelaendekante,F15__102537
1220,Böschungsoberkante,5030,Digitalisierung analoger Vorlagen,5400,Sicher,AX_Gelaendekante,F15__102539
1240,Sonstige Begrenzungskante,5030,Digitalisierung analoger Vorlagen,5400,Sicher,AX_Gelaendekante,F15__102541
1230,Böschungsunterkante,5030,Digitalisierung analoger Vorlagen,5400,Sicher,AX_Gelaendekante,F15__102542
1230,Böschungsunterkante,5030,Digitalisierung analoger Vorlagen,5400,Sicher,AX_Gelaendekante,F15__102546
1220,Böschungsoberkante,5030,Digitalisierung analoger Vorlagen,5400,Sicher,AX_Gelaendekante,F15__102547
1230,Böschungsunterkante,5030,Digitalisierung analoger Vorlagen,5400,Sicher,AX_Gelaendekante,F15__102548
1230,Böschungsunterkante,5030,Digitalisierung analoger Vorlagen,5400,Sicher,AX_Gelaendekante,F15__102549
1220,Böschungsoberkante,5030,Digitalisierung analoger Vorlagen,5400,Sicher,AX_Gelaendekante,F15__102550
1220,Böschungsoberkante,5030,Digitalisierung analoger Vorlagen,5400,Sicher,AX_Gelaendekante,F15__102551
1220,Böschungsoberkante,5030,Digitalisierung analoger Vorlagen,5400,Sicher,AX_Gelaendekante,F15__102553
1240,Sonstige Begrenzungskante,5030,Digitalisierung analoger Vorlagen,5400,Sicher,AX_Gelaendekante,F15__102554
1240,Sonstige Begrenzungskante,5030,Digitalisierung analoger Vorlagen,5400,Sicher,AX_Gelaendekante,F15__102555
1220,Böschungsoberkante,5030,Digitalisierung analoger Vorlagen,5400,Sicher,AX_Gelaendekante,F15__102558
1220,Böschungsoberkante,5030,Digitalisierung analoger Vorlagen,5400,Sicher,AX_Gelaendekante,F15__102560
1220,Böschungsoberkante,5030,Digitalisierung analoger Vorlagen,5400,Sicher,AX_Gelaendekante,F15__102569
1220,Böschungsoberkante,5030,Digitalisierung analoger Vorlagen,5400,Sicher,AX_Gelaendekante,F15__102572
1240,Sonstige Begrenzungskante,5030,Digitalisierung analoger Vorlagen,5400,Sicher,AX_Gelaendekante,F15__102573
1220,Böschungsoberkante,5030,Digitalisierung analoger Vorlagen,5400,Sicher,AX_Gelaendekante,F15__102574
1220,Böschungsoberkante,5030,Digitalisierung analoger Vorlagen,5400,Sicher,AX_Gelaendekante,F15__102575
1220,Böschungsoberkante,5030,Digitalisierung analoger Vorlagen,5400,Sicher,AX_Gelaendekante,F15__102576
1220,Böschungsoberkante,5030,Digitalisierung analoger Vorlagen,5400,Sicher,AX_Gelaendekante,F15__102577
1230,Böschungsunterkante,5030,Digitalisierung analoger Vorlagen,5400,Sicher,AX_Gelaendekante,F15__102582
1240,Sonstige Begrenzungskante,5030,Digitalisierung analoger Vorlagen,5400,Sicher,AX_Gelaendekante,F15__102585
1230,Böschungsunterkante,5030,Digitalisierung analoger Vorlagen,5400,Sicher,AX_Gelaendekante,F15__102588
1240,Sonstige Begrenzungskante,5030,Digitalisierung analoger Vorlagen,5400,Sicher,AX_Gelaendekante,F15__102590
1220,Böschungsoberkante,5030,Digitalisierung analoger Vorlagen,5400,Sicher,AX_Gelaendekante,F15__102596
1230,Böschungsunterkante,5030,Digitalisierung analoger Vorlagen,5400,Sicher,AX_Gelaendekante,F15__102599
1220,Böschungsoberkante,5030,Digitalisierung analoger Vorlagen,5400,Sicher,AX_Gelaendekante,F15__102600
1230,Böschungsunterkante,5030,Digitalisierung analoger Vorlagen,5400,Sicher,AX_Gelaendekante,F15__102602
1220,Böschungsoberkante,5030,Digitalisierung analoger Vorlagen,5400,Sicher,AX_Gelaendekante,F15__102607
1230,Böschungsunterkante,5030,Digitalisierung analoger Vorlagen,5400,Sicher,AX_Gelaendekante,F15__102609
1230,Böschungsunterkante,5030,Digitalisierung analoger Vorlagen,5400,Sicher,AX_Gelaendekante,F15__102611
1230,Böschungsunterkante,5030,Digitalisierung analoger Vorlagen,5400,Sicher,AX_Gelaendekante,F15__102614
1240,Sonstige Begrenzungskante,5030,Digitalisierung analoger Vorlagen,5400,Sicher,AX_Gelaendekante,F15__102615
1220,Böschungsoberkante,5030,Digitalisierung analoger Vorlagen,5400,Sicher,AX_Gelaendekante,F15__102617
1220,Böschungsoberkante,5030,Digitalisierung analoger Vorlagen,5400,Sicher,AX_Gelaendekante,F15__102618
1230,Böschungsunterkante,5030,Digitalisierung analoger Vorlagen,5400,Sicher,AX_Gelaendekante,F15__102620
1230,Böschungsunterkante,5030,Digitalisierung analoger Vorlagen,5400,Sicher,AX_Gelaendekante,F15__102621
1230,Böschungsunterkante,5030,Digitalisierung analoger Vorlagen,5400,Sicher,AX_Gelaendekante,F15__102622
1240,Sonstige Begrenzungskante,5030,Digitalisierung analoger Vorlagen,5400,Sicher,AX_Gelaendekante,F15__102624
1220,Böschungsoberkante,5030,Digitalisierung analoger Vorlagen,5400,Sicher,AX_Gelaendekante,F15__102628
1220,Böschungsoberkante,5030,Digitalisierung analoger Vorlagen,5400,Sicher,AX_Gelaendekante,F15__102629
1220,Böschungsoberkante,5030,Digitalisierung analoger Vorlagen,5400,Sicher,AX_Gelaendekante,F15__102630
1220,Böschungsoberkante,5030,Digitalisierung analoger Vorlagen,5400,Sicher,AX_Gelaendekante,F15__102632
1230,Böschungsunterkante,5030,Digitalisierung analoger Vorlagen,5400,Sicher,AX_Gelaendekante,F15__102633
1220,Böschungsoberkante,5030,Digitalisierung analoger Vorlagen,5400,Sicher,AX_Gelaendekante,F15__102638
1230,Böschungsunterkante,5030,Digitalisierung analoger Vorlagen,5400,Sicher,AX_Gelaendekante,F15__102639
1220,Böschungsoberkante,5030,Digitalisierung analoger Vorlagen,5400,Sicher,AX_Gelaendekante,F15__102641
1220,Böschungsoberkante,5030,Digitalisierung analoger Vorlagen,5400,Sicher,AX_Gelaendekante,F15__102642
1230,Böschungsunterkante,5030,Digitalisierung analoger Vorlagen,5400,Sicher,AX_Gelaendekante,F15__102644
1220,Böschungsoberkante,5030,Digitalisierung analoger Vorlagen,5400,Sicher,AX_Gelaendekante,F15__102645
1230,Böschungsunterkante,5030,Digitalisierung analoger Vorlagen,5400,Sicher,AX_Gelaendekante,F15__102649
1220,Böschungsoberkante,5030,Digitalisierung analoger Vorlagen,5400,Sicher,AX_Gelaendekante,F15__102654
1220,Böschungsoberkante,5030,Digitalisierung analoger Vorlagen,5410,Unsicher,AX_Gelaendekante,F15__102658
1220,Böschungsoberkante,5030,Digitalisierung analoger Vorlagen,5400,Sicher,AX_Gelaendekante,F15__102660
1230,Böschungsunterkante,5030,Digitalisierung analoger Vorlagen,5400,Sicher,AX_Gelaendekante,F15__102664
1220,Böschungsoberkante,5030,Digitalisierung analoger Vorlagen,5400,Sicher,AX_Gelaendekante,F15__102666
1230,Böschungsunterkante,5030,Digitalisierung analoger Vorlagen,5400,Sicher,AX_Gelaendekante,F15__102667
1230,Böschungsunterkante,5030,Digitalisierung analoger Vorlagen,5400,Sicher,AX_Gelaendekante,F15__102670
1220,Böschungsoberkante,5030,Digitalisierung analoger Vorlagen,5400,Sicher,AX_Gelaendekante,F15__102671
1220,Böschungsoberkante,5030,Digitalisierung analoger Vorlagen,5400,Sicher,AX_Gelaendekante,F15__102674
1220,Böschungsoberkante,5030,Digitalisierung analoger Vorlagen,5400,Sicher,AX_Gelaendekante,F15__102677
1230,Böschungsunterkante,5030,Digitalisierung analoger Vorlagen,5400,Sicher,AX_Gelaendekante,F15__102683
1240,Sonstige Begrenzungskante,5030,Digitalisierung analoger Vorlagen,5400,Sicher,AX_Gelaendekante,F15__102685
1230,Böschungsunterkante,5030,Digitalisierung analoger Vorlagen,5400,Sicher,AX_Gelaendekante,F15__102686
1230,Böschungsunterkante,5030,Digitalisierung analoger Vorlagen,5400,Sicher,AX_Gelaendekante,F15__102689
1230,Böschungsunterkante,5030,Digitalisierung analoger Vorlagen,5400,Sicher,AX_Gelaendekante,F15__102694
1240,Sonstige Begrenzungskante,5030,Digitalisierung analoger Vorlagen,5400,Sicher,AX_Gelaendekante,F15__102696
1220,Böschungsoberkante,5030,Digitalisierung analoger Vorlagen,5400,Sicher,AX_Gelaendekante,F15__102701
1240,Sonstige Begrenzungskante,5030,Digitalisierung analoger Vorlagen,5400,Sicher,AX_Gelaendekante,F15__102702
1230,Böschungsunterkante,5030,Digitalisierung analoger Vorlagen,5400,Sicher,AX_Gelaendekante,F15__102705
1220,Böschungsoberkante,5030,Digitalisierung analoger Vorlagen,5400,Sicher,AX_Gelaendekante,F15__102713
1220,Böschungsoberkante,5030,Digitalisierung analoger Vorlagen,5400,Sicher,AX_Gelaendekante,F15__102717
1220,Böschungsoberkante,5030,Digitalisierung analoger Vorlagen,5410,Unsicher,AX_Gelaendekante,F15__102721
1230,Böschungsunterkante,5030,Digitalisierung analoger Vorlagen,5400,Sicher,AX_Gelaendekante,F15__102722
1230,Böschungsunterkante,5030,Digitalisierung analoger Vorlagen,5400,Sicher,AX_Gelaendekante,F15__102725
1230,Böschungsunterkante,5030,Digitalisierung analoger Vorlagen,5400,Sicher,AX_Gelaendekante,F15__102726
1220,Böschungsoberkante,5030,Digitalisierung analoger Vorlagen,5400,Sicher,AX_Gelaendekante,F15__102727
1220,Böschungsoberkante,5030,Digitalisierung analoger Vorlagen,5400,Sicher,AX_Gelaendekante,F15__102730
1220,Böschungsoberkante,5030,Digitalisierung analoger Vorlagen,5400,Sicher,AX_Gelaendekante,F15__102737
1230,Böschungsunterkante,5030,Digitalisierung analoger Vorlagen,5400,Sicher,AX_Gelaendekante,F15__102738
1230,Böschungsunterkante,5030,Digitalisierung analoger Vorlagen,5400,Sicher,AX_Gelaendekante,F15__102739
1230,Böschungsunterkante,5030,Digitalisierung analoger Vorlagen,5400,Sicher,AX_Gelaendekante,F15__102741
1230,Böschungsunterkante,5030,Digitalisierung analoger Vorlagen,5400,Sicher,AX_Gelaendekante,F15__102743
1230,Böschungsunterkante,5030,Digitalisierung analoger Vorlagen,5400,Sicher,AX_Gelaendekante,F15__102746
1230,Böschungsunterkante,5030,Digitalisierung analoger Vorlagen,5400,Sicher,AX_Gelaendekante,F15__102747
1240,Sonstige Begrenzungskante,5030,Digitalisierung analoger Vorlagen,5400,Sicher,AX_Gelaendekante,F15__102748
1230,Böschungsunterkante,5030,Digitalisierung analoger Vorlagen,5400,Sicher,AX_Gelaendekante,F15__102750
1220,Böschungsoberkante,5030,Digitalisierung analoger Vorlagen,5400,Sicher,AX_Gelaendekante,F15__102752
1230,Böschungsunterkante,5030,Digitalisierung analoger Vorlagen,5400,Sicher,AX_Gelaendekante,F15__102753
1230,Böschungsunterkante,5030,Digitalisierung analoger Vorlagen,5400,Sicher,AX_Gelaendekante,F15__102756
1230,Böschungsunterkante,5030,Digitalisierung analoger Vorlagen,5400,Sicher,AX_Gelaendekante,F15__102763
1220,Böschungsoberkante,5030,Digitalisierung analoger Vorlagen,5400,Sicher,AX_Gelaendekante,F15__102768
1230,Böschungsunterkante,5030,Digitalisierung analoger Vorlagen,5400,Sicher,AX_Gelaendekante,F15__102778
1220,Böschungsoberkante,5030,Digitalisierung analoger Vorlagen,5400,Sicher,AX_Gelaendekante,F15__102780
1240,Sonstige Begrenzungskante,5030,Digitalisierung analoger Vorlagen,5400,Sicher,AX_Gelaendekante,F15__102781
1220,Böschungsoberkante,5030,Digitalisierung analoger Vorlagen,5400,Sicher,AX_Gelaendekante,F15__102782
1230,Böschungsunterkante,5030,Digitalisierung analoger Vorlagen,5400,Sicher,AX_Gelaendekante,F15__102785
1220,Böschungsoberkante,5030,Digitalisierung analoger Vorlagen,5400,Sicher,AX_Gelaendekante,F15__102789
1220,Böschungsoberkante,5030,Digitalisierung analoger Vorlagen,5400,Sicher,AX_Gelaendekante,F15__102791
1220,Böschungsoberkante,5030,Digitalisierung analoger Vorlagen,5400,Sicher,AX_Gelaendekante,F15__102792
1220,Böschungsoberkante,5030,Digitalisierung analoger Vorlagen,5400,Sicher,AX_Gelaendekante,F15__102793
1220,Böschungsoberkante,5030,Digitalisierung analoger Vorlagen,5400,Sicher,AX_Gelaendekante,F15__102794
1220,Böschungsoberkante,5030,Digitalisierung analoger Vorlagen,5400,Sicher,AX_Gelaendekante,F15__102795
1230,Böschungsunterkante,5030,Digitalisierung analoger Vorlagen,5400,Sicher,AX_Gelaendekante,F15__102796
1220,Böschungsoberkante,5030,Digitalisierung analoger Vorlagen,5400,Sicher,AX_Gelaendekante,F15__102802
1230,Böschungsunterkante,5030,Digitalisierung analoger Vorlagen,5400,Sicher,AX_Gelaendekante,F15__102805
1220,Böschungsoberkante,5030,Digitalisierung analoger Vorlagen,5400,Sicher,AX_Gelaendekante,F15__102806
1240,Sonstige Begrenzungskante,5030,Digitalisierung analoger Vorlagen,5400,Sicher,AX_Gelaendekante,F15__102811
1220,Böschungsoberkante,5030,Digitalisierung analoger Vorlagen,5400,Sicher,AX_Gelaendekante,F15__102812
1240,Sonstige Begrenzungskante,5030,Digitalisierung analoger Vorlagen,5400,Sicher,AX_Gelaendekante,F15__102814
1230,Böschungsunterkante,5030,Digitalisierung analoger Vorlagen,5400,Sicher,AX_Gelaendekante,F15__102816
1220,Böschungsoberkante,5030,Digitalisierung analoger Vorlagen,5400,Sicher,AX_Gelaendekante,F15__102819
1230,Böschungsunterkante,5030,Digitalisierung analoger Vorlagen,5400,Sicher,AX_Gelaendekante,F15__102821
1220,Böschungsoberkante,5030,Digitalisierung analoger Vorlagen,5400,Sicher,AX_Gelaendekante,F15__102822
1220,Böschungsoberkante,5030,Digitalisierung analoger Vorlagen,5400,Sicher,AX_Gelaendekante,F15__102823
1220,Böschungsoberkante,5030,Digitalisierung analoger Vorlagen,5400,Sicher,AX_Gelaendekante,F15__102826
1230,Böschungsunterkante,5030,Digitalisierung analoger Vorlagen,5400,Sicher,AX_Gelaendekante,F15__102829
1220,Böschungsoberkante,5030,Digitalisierung analoger Vorlagen,5400,Sicher,AX_Gelaendekante,F15__102831
1230,Böschungsunterkante,5030,Digitalisierung analoger Vorlagen,5400,Sicher,AX_Gelaendekante,F15__102835
1240,Sonstige Begrenzungskante,5030,Digitalisierung analoger Vorlagen,5400,Sicher,AX_Gelaendekante,F15__102836
1230,Böschungsunterkante,5030,Digitalisierung analoger Vorlagen,5400,Sicher,AX_Gelaendekante,F15__102841
1230,Böschungsunterkante,5030,Digitalisierung analoger Vorlagen,5400,Sicher,AX_Gelaendekante,F15__102843
1240,Sonstige Begrenzungskante,5030,Digitalisierung analoger Vorlagen,5400,Sicher,AX_Gelaendekante,F15__102845
1230,Böschungsunterkante,5030,Digitalisierung analoger Vorlagen,5400,Sicher,AX_Gelaendekante,F15__102849
1220,Böschungsoberkante,5030,Digitalisierung analoger Vorlagen,5400,Sicher,AX_Gelaendekante,F15__102851
1230,Böschungsunterkante,5030,Digitalisierung analoger Vorlagen,5400,Sicher,AX_Gelaendekante,F15__102855
1230,Böschungsunterkante,5030,Digitalisierung analoger Vorlagen,5400,Sicher,AX_Gelaendekante,F15__102857
1230,Böschungsunterkante,5030,Digitalisierung analoger Vorlagen,5400,Sicher,AX_Gelaendekante,F15__102862
1230,Böschungsunterkante,5030,Digitalisierung analoger Vorlagen,5400,Sicher,AX_Gelaendekante,F15__102865
1220,Böschungsoberkante,5030,Digitalisierung analoger Vorlagen,5400,Sicher,AX_Gelaendekante,F15__102867
1220,Böschungsoberkante,5030,Digitalisierung analoger Vorlagen,5400,Sicher,AX_Gelaendekante,F15__102868
1240,Sonstige Begrenzungskante,5030,Digitalisierung analoger Vorlagen,5400,Sicher,AX_Gelaendekante,F15__102869
1220,Böschungsoberkante,5030,Digitalisierung analoger Vorlagen,5400,Sicher,AX_Gelaendekante,F15__102870
1230,Böschungsunterkante,5030,Digitalisierung analoger Vorlagen,5400,Sicher,AX_Gelaendekante,F15__102874
1220,Böschungsoberkante,5030,Digitalisierung analoger Vorlagen,5400,Sicher,AX_Gelaendekante,F15__102875
1230,Böschungsunterkante,5030,Digitalisierung analoger Vorlagen,5400,Sicher,AX_Gelaendekante,F15__102877
1230,Böschungsunterkante,5030,Digitalisierung analoger Vorlagen,5400,Sicher,AX_Gelaendekante,F15__102878
1230,Böschungsunterkante,5030,Digitalisierung analoger Vorlagen,5400,Sicher,AX_Gelaendekante,F15__102881
1230,Böschungsunterkante,5030,Digitalisierung analoger Vorlagen,5400,Sicher,AX_Gelaendekante,F15__102883
1220,Böschungsoberkante,5030,Digitalisierung analoger Vorlagen,5400,Sicher,AX_Gelaendekante,F15__102889
1220,Böschungsoberkante,5030,Digitalisierung analoger Vorlagen,5400,Sicher,AX_Gelaendekante,F15__102893
1230,Böschungsunterkante,5030,Digitalisierung analoger Vorlagen,5400,Sicher,AX_Gelaendekante,F15__102894
1220,Böschungsoberkante,5030,Digitalisierung analoger Vorlagen,5400,Sicher,AX_Gelaendekante,F15__102897
1220,Böschungsoberkante,5030,Digitalisierung analoger Vorlagen,5400,Sicher,AX_Gelaendekante,F15__102899
1230,Böschungsunterkante,5030,Digitalisierung analoger Vorlagen,5400,Sicher,AX_Gelaendekante,F15__102900
1220,Böschungsoberkante,5030,Digitalisierung analoger Vorlagen,5400,Sicher,AX_Gelaendekante,F15__102906
1230,Böschungsunterkante,5030,Digitalisierung analoger Vorlagen,5400,Sicher,AX_Gelaendekante,F15__102907
1220,Böschungsoberkante,5030,Digitalisierung analoger Vorlagen,5400,Sicher,AX_Gelaendekante,F15__102909
1220,Böschungsoberkante,5030,Digitalisierung analoger Vorlagen,5400,Sicher,AX_Gelaendekante,F15__102910
1220,Böschungsoberkante,5030,Digitalisierung analoger Vorlagen,5400,Sicher,AX_Gelaendekante,F15__102913
1230,Böschungsunterkante,5030,Digitalisierung analoger Vorlagen,5400,Sicher,AX_Gelaendekante,F15__102921
1240,Sonstige Begrenzungskante,5030,Digitalisierung analoger Vorlagen,5400,Sicher,AX_Gelaendekante,F15__102925
1230,Böschungsunterkante,5030,Digitalisierung analoger Vorlagen,5400,Sicher,AX_Gelaendekante,F15__102926
1240,Sonstige Begrenzungskante,5030,Digitalisierung analoger Vorlagen,5400,Sicher,AX_Gelaendekante,F15__102930
1230,Böschungsunterkante,5030,Digitalisierung analoger Vorlagen,5400,Sicher,AX_Gelaendekante,F15__102931
1240,Sonstige Begrenzungskante,5030,Digitalisierung analoger Vorlagen,5400,Sicher,AX_Gelaendekante,F15__102932
1220,Böschungsoberkante,5030,Digitalisierung analoger Vorlagen,5400,Sicher,AX_Gelaendekante,F15__102934
1220,Böschungsoberkante,5030,Digitalisierung analoger Vorlagen,5400,Sicher,AX_Gelaendekante,F15__102937
1230,Böschungsunterkante,5030,Digitalisierung analoger Vorlagen,5400,Sicher,AX_Gelaendekante,F15__102938
1220,Böschungsoberkante,5030,Digitalisierung analoger Vorlagen,5400,Sicher,AX_Gelaendekante,F15__102939
1230,Böschungsunterkante,5030,Digitalisierung analoger Vorlagen,5400,Sicher,AX_Gelaendekante,F15__102943
1240,Sonstige Begrenzungskante,5030,Digitalisierung analoger Vorlagen,5400,Sicher,AX_Gelaendekante,F15__102949
1230,Böschungsunterkante,5030,Digitalisierung analoger Vorlagen,5400,Sicher,AX_Gelaendekante,F15__102950
1220,Böschungsoberkante,5030,Digitalisierung analoger Vorlagen,5400,Sicher,AX_Gelaendekante,F15__102951
1220,Böschungsoberkante,5030,Digitalisierung analoger Vorlagen,5400,Sicher,AX_Gelaendekante,F15__102952
1230,Böschungsunterkante,5030,Digitalisierung analoger Vorlagen,5400,Sicher,AX_Gelaendekante,F15__102956
1240,Sonstige Begrenzungskante,5030,Digitalisierung analoger Vorlagen,5400,Sicher,AX_Gelaendekante,F15__102957
1240,Sonstige Begrenzungskante,5030,Digitalisierung analoger Vorlagen,5400,Sicher,AX_Gelaendekante,F15__102961
1220,Böschungsoberkante,5030,Digitalisierung analoger Vorlagen,5400,Sicher,AX_Gelaendekante,F15__102963
1240,Sonstige Begrenzungskante,5030,Digitalisierung analoger Vorlagen,5400,Sicher,AX_Gelaendekante,F15__102965
1230,Böschungsunterkante,5030,Digitalisierung analoger Vorlagen,5400,Sicher,AX_Gelaendekante,F15__102974
1220,Böschungsoberkante,5030,Digitalisierung analoger Vorlagen,5400,Sicher,AX_Gelaendekante,F15__102975
1220,Böschungsoberkante,5030,Digitalisierung analoger Vorlagen,5400,Sicher,AX_Gelaendekante,F15__102976
1230,Böschungsunterkante,5030,Digitalisierung analoger Vorlagen,5400,Sicher,AX_Gelaendekante,F15__102982
1220,Böschungsoberkante,5030,Digitalisierung analoger Vorlagen,5400,Sicher,AX_Gelaendekante,F15__102984
1240,Sonstige Begrenzungskante,5030,Digitalisierung analoger Vorlagen,5400,Sicher,AX_Gelaendekante,F15__102985
1220,Böschungsoberkante,5030,Digitalisierung analoger Vorlagen,5400,Sicher,AX_Gelaendekante,F15__102986
1240,Sonstige Begrenzungskante,5030,Digitalisierung analoger Vorlagen,5400,Sicher,AX_Gelaendekante,F15__102987
1230,Böschungsunterkante,5030,Digitalisierung analoger Vorlagen,5400,Sicher,AX_Gelaendekante,F15__102990
1230,Böschungsunterkante,5030,Digitalisierung analoger Vorlagen,5400,Sicher,AX_Gelaendekante,F15__102991
1230,Böschungsunterkante,5030,Digitalisierung analoger Vorlagen,5400,Sicher,AX_Gelaendekante,F15__102992
1220,Böschungsoberkante,5030,Digitalisierung analoger Vorlagen,5400,Sicher,AX_Gelaendekante,F15__102993
1220,Böschungsoberkante,5030,Digitalisierung analoger Vorlagen,5400,Sicher,AX_Gelaendekante,F15__102994
1220,Böschungsoberkante,5030,Digitalisierung analoger Vorlagen,5400,Sicher,AX_Gelaendekante,F15__102998
1230,Böschungsunterkante,5030,Digitalisierung analoger Vorlagen,5400,Sicher,AX_Gelaendekante,F15__103000
1220,Böschungsoberkante,5030,Digitalisierung analoger Vorlagen,5400,Sicher,AX_Gelaendekante,F15__103211
1240,Sonstige Begrenzungskante,5030,Digitalisierung analoger Vorlagen,5400,Sicher,AX_Gelaendekante,F15__103365
1240,Sonstige Begrenzungskante,5030,Digitalisierung analoger Vorlagen,5400,Sicher,AX_Gelaendekante,F15__103424
1220,Böschungsoberkante,5030,Digitalisierung analoger Vorlagen,5400,Sicher,AX_Gelaendekante,F15__103433
1240,Sonstige Begrenzungskante,5030,Digitalisierung analoger Vorlagen,5400,Sicher,AX_Gelaendekante,F15__103479
1230,Böschungsunterkante,5030,Digitalisierung analoger Vorlagen,5400,Sicher,AX_Gelaendekante,F15__103511
1220,Böschungsoberkante,5030,Digitalisierung analoger Vorlagen,5400,Sicher,AX_Gelaendekante,F15__103513
1230,Böschungsunterkante,5030,Digitalisierung analoger Vorlagen,5400,Sicher,AX_Gelaendekante,F15__103551
1220,Böschungsoberkante,5030,Digitalisierung analoger Vorlagen,5400,Sicher,AX_Gelaendekante,F15__103877
1240,Sonstige Begrenzungskante,5030,Digitalisierung analoger Vorlagen,5400,Sicher,AX_Gelaendekante,F15__103901
1230,Böschungsunterkante,5030,Digitalisierung analoger Vorlagen,5400,Sicher,AX_Gelaendekante,F15__104103
1240,Sonstige Begrenzungskante,5030,Digitalisierung analoger Vorlagen,5400,Sicher,AX_Gelaendekante,F15__104197
1230,Böschungsunterkante,5030,Digitalisierung analoger Vorlagen,5400,Sicher,AX_Gelaendekante,F15__104247
1230,Böschungsunterkante,5030,Digitalisierung analoger Vorlagen,5400,Sicher,AX_Gelaendekante,F15__104378
1240,Sonstige Begrenzungskante,5030,Digitalisierung analoger Vorlagen,5400,Sicher,AX_Gelaendekante,F15__104497
1240,Sonstige Begrenzungskante,5030,Digitalisierung analoger Vorlagen,5400,Sicher,AX_Gelaendekante,F15__104592
1220,Böschungsoberkante,5030,Digitalisierung analoger Vorlagen,5400,Sicher,AX_Gelaendekante,F15__104860
1230,Böschungsunterkante,5030,Digitalisierung analoger Vorlagen,5400,Sicher,AX_Gelaendekante,F15__104991
