PLANNAME,BEREICH,BEZIRK,AFS_BEHOER,AFS_BESCHL,BBG_ANFANG,BBG_ENDE,AUL_ANFANG,AUL_ENDE,FESTSG,FESTSG_VON,FESTSG_AM,FSG_GVBL_N,FSG_GVBL_S,FSG_GVBL_D,SCAN_WWW,alias,AFS_L_AEND,AUSLEG_WWW,NORMKONTR
1 - 12,für die Grundstücke Birkenstr. 22-28 und Stephanstr. 37-43 sowie Teilflächen der Birkenstr.,Mitte,Bezirksamt,2003-10-07T00:00:00,2006-11-06T00:00:00,2006-12-01T00:00:00,2008-11-10T00:00:00,2008-11-24T00:00:00,ja,Bezirk,2009-07-21T00:00:00,18,390,2009-07-30T00:00:00,<A HREF=http://mitte.gis-broker.de/bplaene/0100012.jpg" TARGET="BPlan-Scan">BPlan-Scan</a>,1 - 12,,,
1 - 43VE,Perleberger Str. 42 Turmstr. 25-26, Stromstr. 11-17,Mitte,Bezirksamt,2006-10-24T00:00:00,2008-04-07T00:00:00,2008-04-30T00:00:00,2011-05-16T00:00:00,2011-05-27T00:00:00,ja,Bezirk,2012-05-08T00:00:00,11,135,2012-05-19T00:00:00,<A HREF=http://mitte.gis-broker.de/bplaene/0100043VE.jpg" TARGET="BPlan-Scan">BPlan-Scan</a>,1 - 43VE,,,
1 - 45VE,für das westlich des Grundstücks Siemensstraße 27 gelegene Flurstück 343 und eine Teilfläche der künftigen Planstraße.,Mitte,Bezirksamt,2009-02-10T00:00:00,2009-05-11T00:00:00,2009-06-10T00:00:00,2015-02-23T00:00:00,2015-03-23T00:00:00,nein,,,,,,,1 - 45VE,,,
1 - 49,Siemensstr. 50 Beusselstr. 44A, 44B,Mitte,Bezirksamt,2007-09-11T00:00:00,,,,,nein,,,,,,,1 - 49,,,
1 - 72,für das Grundstück Bachstr. 1-2,Mitte,Bezirksamt,2013-08-20T00:00:00,2013-11-11T00:00:00,2013-12-11T00:00:00,2015-08-17T00:00:00,2015-09-18T00:00:00,nein,,,,,,,1 - 72,,,
1 - 78B,für das Gelände zwischen Alt_Moabit Calvinstr., Helgoländer Ufer und Kirchstr. sowie für die Grundstücke Alt-Moabit 18-22 und Wilsnacker Str. 1-2,Mitte,Bezirksamt,2011-05-24T00:00:00,2011-07-11T00:00:00,2011-08-05T00:00:00,2013-06-10T00:00:00,2013-07-10T00:00:00,nein,,,,,,,1 - 78B,,,
1 - 79B,für das Gelände zwischen Rathenower Str. Turmstr., Bandelstr. und Dreysestr. sowie für die Grundstücke Turmstr. 17-20 und Bandelstr. 34-45,Mitte,Bezirksamt,2011-05-24T00:00:00,2011-07-11T00:00:00,2011-08-05T00:00:00,2013-06-10T00:00:00,2013-07-10T00:00:00,nein,,,,,,,1 - 79B,,,
1 - 80B,für das Gelände zwischen Sickingenstr. Siemensstr., Waldstr., Wiclefstr. Wittstocker Str., Rostocker Str. sowie für die Grundstücke Wiclefstr. 38-42, Waldstr. 41-54, Waldenserstr. 21-24, Emdener Str. 52-55, Beusselstr. 55-60, Wittstocker Str. 23-26 .....,Mitte,Bezirksamt,2011-05-24T00:00:00,2011-10-04T00:00:00,2011-10-31T00:00:00,2013-06-10T00:00:00,2013-07-10T00:00:00,nein,,,,,,,1 - 80B,,,
1 - 90,für eine Teilfläche des Flurstück 369 nördlich der Ellen-Epstein-Str. - Gleislinse -,Mitte,Bezirksamt,2013-07-09T00:00:00,2015-06-08T00:00:00,2015-07-08T00:00:00,,,nein,,,,,,,1 - 90,,,
II - B1,Einkaufszentren (Gotzkowskybrücke),Mitte,Bezirksamt,1985-12-03T00:00:00,1986-02-24T00:00:00,1986-03-26T00:00:00,1986-10-06T00:00:00,1986-11-07T00:00:00,ja,Senat,1987-03-20T00:00:00,25,1219,1987-04-04T00:00:00,<A HREF=http://mitte.gis-broker.de/bplaene/0102000B1.gif" TARGET="BPlan-Scan">BPlan-Scan</a>,II - B1,1984-09-09T00:00:00,,
II - B2,Ausschluß von Spielhallen,Mitte,Bezirksamt,1987-01-20T00:00:00,1987-05-11T00:00:00,1987-06-12T00:00:00,1989-04-17T00:00:00,1989-05-19T00:00:00,ja,Senat,1990-01-08T00:00:00,4,223,1990-01-19T00:00:00,<A HREF=http://mitte.gis-broker.de/bplaene/0102000B2.gif" TARGET="BPlan-Scan">BPlan-Scan</a>,II - B2,1988-11-29T00:00:00,,
II - B4,Sickingenstr. 39-41 52-58, Ufnaustr. 1-17, Huttenstr. 23-32,Mitte,Bezirksamt,1992-04-30T00:00:00,,,1998-08-17T00:00:00,1998-09-17T00:00:00,ja,Bezirk,1999-08-31T00:00:00,37,505,1999-09-16T00:00:00,<A HREF=http://mitte.gis-broker.de/bplaene/0102000B4.gif" TARGET="BPlan-Scan">BPlan-Scan</a>,II - B4,1996-04-30T00:00:00,,
II - E,Dachraumausbauten,Mitte,Bezirksamt,1981-11-10T00:00:00,1982-03-15T00:00:00,1982-04-15T00:00:00,1984-01-09T00:00:00,1984-02-09T00:00:00,ja,Senat,1988-09-01T00:00:00,58,1903,1988-10-06T00:00:00,<A HREF=http://mitte.gis-broker.de/bplaene/0102000E.gif" TARGET="BPlan-Scan">BPlan-Scan</a>,II - E,,,
II - 4,Brückenallee Holsteiner Ufer, S-Bhf. Bellevue,Mitte,Bezirksamt,1957-04-08T00:00:00,,,1958-12-08T00:00:00,1959-01-24T00:00:00,ja,Senat,1959-08-04T00:00:00,39,894,1959-08-26T00:00:00,<A HREF=http://mitte.gis-broker.de/bplaene/0102004.gif" TARGET="BPlan-Scan">BPlan-Scan</a>,II - 4,,,
II - 4-1,Holsteiner Ufer 46,Mitte,Bezirksamt,1991-04-23T00:00:00,,,1998-08-24T00:00:00,1998-09-24T00:00:00,ja,Bezirk,1998-11-17T00:00:00,46,340,1998-11-21T00:00:00,<A HREF=http://mitte.gis-broker.de/bplaene/01020041.gif" TARGET="BPlan-Scan">BPlan-Scan</a>,II - 4-1,1993-10-19T00:00:00,,
II - 6,Beusselstr. Sickingenstr., Siemensstr.,Mitte,Bezirksamt,1957-01-28T00:00:00,,,1958-12-08T00:00:00,1959-01-24T00:00:00,ja,Senat,1959-11-09T00:00:00,53,1199,1959-11-23T00:00:00,<A HREF=http://mitte.gis-broker.de/bplaene/0102006.gif" TARGET="BPlan-Scan">BPlan-Scan</a>,II - 6,,,
II - 7a,Stromstr.,Mitte,Bezirksamt,1955-11-14T00:00:00,,,1957-06-26T00:00:00,1957-07-25T00:00:00,ja,Senat,1960-09-17T00:00:00,48,947,1960-09-29T00:00:00,<A HREF=http://mitte.gis-broker.de/bplaene/0102007a.gif" TARGET="BPlan-Scan">BPlan-Scan</a>,II - 7a,,,
II - 7b,Stromstr.,Mitte,Bezirksamt,1955-08-15T00:00:00,,,1973-11-06T00:00:00,1973-12-05T00:00:00,ja,Senat,1978-08-01T00:00:00,59,1578,1978-08-19T00:00:00,<A HREF=http://mitte.gis-broker.de/bplaene/0102007b.gif" TARGET="BPlan-Scan">BPlan-Scan</a>,II - 7b,1960-06-20T00:00:00,,
II - 7b-1,für die Grundstücke Stromstr. 60-62 Turmstr. 28-29 und Wilhelmshavener Str. 1 sowie einer Teilfläche der Stromstr.,Mitte,Bezirksamt,2011-11-15T00:00:00,,,,,nein,,,,,,,II - 7b-1,,,
II - 8,Tile-Wardenberg-Str. Hansaufer., Wulklenweberstr., Eyke-von-Repkow-Platz,Mitte,Bezirksamt,1955-08-08T00:00:00,,,1958-03-06T00:00:00,1958-04-02T00:00:00,ja,Senat,1960-02-06T00:00:00,9,102,1960-02-18T00:00:00,<A HREF=http://mitte.gis-broker.de/bplaene/0102008.gif" TARGET="BPlan-Scan">BPlan-Scan</a>,II - 8,,,
II - 14,Putlitzstr. Salzwedeler Str., Stephanstr.,Mitte,Bezirksamt,1955-08-08T00:00:00,,,1961-01-09T00:00:00,1961-02-13T00:00:00,ja,Senat,1962-01-24T00:00:00,8,214,1962-02-13T00:00:00,<A HREF=http://mitte.gis-broker.de/bplaene/0102014.gif" TARGET="BPlan-Scan">BPlan-Scan</a>,II - 14,1958-08-25T00:00:00,,
II - 17,Tile-Wardenberg-Str. Jagowstr., Wullenweberstr., Wickingerufer,Mitte,Bezirksamt,1955-08-08T00:00:00,,,1957-06-26T00:00:00,1957-07-25T00:00:00,ja,Senat,1957-11-27T00:00:00,75,1752,1957-12-06T00:00:00,<A HREF=http://mitte.gis-broker.de/bplaene/0102017.gif" TARGET="BPlan-Scan">BPlan-Scan</a>,II - 17,,,
II - 18,Altonaer Str. Lessingstr., Holsteiner Ufer, Claudiusstr., Flensburger Str.,Mitte,Bezirksamt,1957-09-30T00:00:00,,,1969-07-14T00:00:00,1969-08-13T00:00:00,ja,Senat,1970-08-14T00:00:00,80,1549,1970-08-28T00:00:00,<A HREF=http://mitte.gis-broker.de/bplaene/0102018.gif" TARGET="BPlan-Scan">BPlan-Scan</a>,II - 18,1969-05-12T00:00:00,,
II - 27,Huttenstr. Wiebestr.,         str., Berlichingenstr.,Mitte,Bezirksamt,1955-05-16T00:00:00,,,1964-02-10T00:00:00,1964-03-09T00:00:00,ja,Senat,1964-06-26T00:00:00,40,710,1964-07-08T00:00:00,<A HREF=http://mitte.gis-broker.de/bplaene/0102027.gif" TARGET="BPlan-Scan">BPlan-Scan</a>,II - 27,,,
II - 27-1,Sickingenplatz,Mitte,Bezirksamt,2007-04-24T00:00:00,2007-08-20T00:00:00,2007-09-20T00:00:00,2007-08-20T00:00:00,2007-09-20T00:00:00,ja,Bezirk,2009-06-16T00:00:00,16,290,2009-06-27T00:00:00,<A HREF=http://mitte.gis-broker.de/bplaene/01020271.jpg" TARGET="BPlan-Scan">BPlan-Scan</a>,II - 27-1,,,
II - 28,Altonaer Str. Spree Ufer, Lessingstr.,Mitte,Bezirksamt,1971-06-03T00:00:00,,,1977-08-01T00:00:00,1977-09-01T00:00:00,ja,Senat,1978-08-10T00:00:00,63,1702,1978-09-02T00:00:00,<A HREF=http://mitte.gis-broker.de/bplaene/0102028.gif" TARGET="BPlan-Scan">BPlan-Scan</a>,II - 28,,,
II - 30,Turmstr. Gotzkowskystr., Zwinglistr., Beußelstr.,Mitte,,,,,1961-06-26T00:00:00,1961-07-31T00:00:00,ja,Senat,1963-01-09T00:00:00,15,292,1963-02-26T00:00:00,<A HREF=http://mitte.gis-broker.de/bplaene/0102030.gif" TARGET="BPlan-Scan">BPlan-Scan</a>,II - 30,,,
II - 32,Stephanstr. Havelberger Str.,Mitte,,,,,1963-11-18T00:00:00,1963-12-17T00:00:00,ja,Senat,1964-04-11T00:00:00,25,467,1964-04-22T00:00:00,<A HREF=http://mitte.gis-broker.de/bplaene/0102032.gif" TARGET="BPlan-Scan">BPlan-Scan</a>,II - 32,,,
II - 39,Kaiserin-Augusta-Allee,Mitte,Bezirksamt,1956-09-03T00:00:00,,,1960-03-09T00:00:00,1960-04-13T00:00:00,ja,Senat,1962-10-05T00:00:00,50,1170,1962-10-17T00:00:00,<A HREF=http://mitte.gis-broker.de/bplaene/0102039.gif" TARGET="BPlan-Scan">BPlan-Scan</a>,II - 39,,,
II - 49,Turmstr.,Mitte,,,,,1963-04-01T00:00:00,1963-04-30T00:00:00,ja,Senat,1964-08-04T00:00:00,48,899,1964-08-25T00:00:00,<A HREF=http://mitte.gis-broker.de/bplaene/0102049.gif" TARGET="BPlan-Scan">BPlan-Scan</a>,II - 49,,,
II - 51,Levetzowstr.,Mitte,,,,,1960-06-30T00:00:00,1960-08-06T00:00:00,ja,Senat,1962-02-12T00:00:00,9,225,1962-02-22T00:00:00,<A HREF=http://mitte.gis-broker.de/bplaene/0102051.gif" TARGET="BPlan-Scan">BPlan-Scan</a>,II - 51,,,
II - 53,Turmstr.,Mitte,,,,,1963-12-16T00:00:00,1964-01-15T00:00:00,ja,Senat,1964-06-05T00:00:00,37,662,1964-06-24T00:00:00,<A HREF=http://mitte.gis-broker.de/bplaene/0102053.gif" TARGET="BPlan-Scan">BPlan-Scan</a>,II - 53,,,
II - 55,Wullenweberstr. Spree,Mitte,Bezirksamt,1960-08-22T00:00:00,,,1965-02-22T00:00:00,1965-03-22T00:00:00,ja,Senat,1965-07-29T00:00:00,44,939,1965-08-11T00:00:00,<A HREF=http://mitte.gis-broker.de/bplaene/0102055.gif" TARGET="BPlan-Scan">BPlan-Scan</a>,II - 55,,,
II - 55-1,Wullenweberstr. Spree,Mitte,Bezirksamt,1978-09-04T00:00:00,1980-04-14T00:00:00,1980-05-14T00:00:00,1984-07-16T00:00:00,1984-08-16T00:00:00,ja,Senat,1988-11-01T00:00:00,64,2185,1988-11-26T00:00:00,<A HREF=http://mitte.gis-broker.de/bplaene/01020551.gif" TARGET="BPlan-Scan">BPlan-Scan</a>,II - 55-1,,,
II - 62,Birkenstr. Stephanstr.,Mitte,Bezirksamt,1961-10-23T00:00:00,,,1965-01-04T00:00:00,1965-02-03T00:00:00,ja,Senat,1965-07-20T00:00:00,43,924,1965-08-04T00:00:00,<A HREF=http://mitte.gis-broker.de/bplaene/0102062.gif" TARGET="BPlan-Scan">BPlan-Scan</a>,II - 62,,,
II - 63,Bremer Str. Unionstr.,Mitte,Bezirksamt,1961-08-21T00:00:00,,,1963-12-16T00:00:00,1964-01-15T00:00:00,ja,Senat,1964-03-26T00:00:00,24,445,1964-04-14T00:00:00,<A HREF=http://mitte.gis-broker.de/bplaene/0102063.gif" TARGET="BPlan-Scan">BPlan-Scan</a>,II - 63,,,
II - 66,Perleberger Str. Havelberger Str.,Mitte,Bezirksamt,1962-06-12T00:00:00,,,1963-07-15T00:00:00,1963-08-14T00:00:00,ja,Senat,1963-10-11T00:00:00,59,1029,1963-10-24T00:00:00,<A HREF=http://mitte.gis-broker.de/bplaene/0102066.gif" TARGET="BPlan-Scan">BPlan-Scan</a>,II - 66,,,
II - 70,Wickinger Ufer Agricolastr.,Mitte,Bezirksamt,1962-07-23T00:00:00,,,1963-04-16T00:00:00,1963-05-16T00:00:00,ja,Senat,1963-09-03T00:00:00,53,918,1963-09-20T00:00:00,<A HREF=http://mitte.gis-broker.de/bplaene/0102070.gif" TARGET="BPlan-Scan">BPlan-Scan</a>,II - 70,,,
II - 77,Quitzowstr.,Mitte,Bezirksamt,1964-03-23T00:00:00,,,1965-02-22T00:00:00,1965-03-22T00:00:00,ja,Senat,1965-07-14T00:00:00,41,897,1965-07-28T00:00:00,<A HREF=http://mitte.gis-broker.de/bplaene/0102077.gif" TARGET="BPlan-Scan">BPlan-Scan</a>,II - 77,,,
II - 78,Waldstr. Waldenser Str., Emdener Str.,Mitte,Bezirksamt,1965-03-29T00:00:00,,,1966-11-01T00:00:00,1966-11-30T00:00:00,ja,Senat,1969-06-21T00:00:00,50,775,1969-07-02T00:00:00,<A HREF=http://mitte.gis-broker.de/bplaene/0102078.gif" TARGET="BPlan-Scan">BPlan-Scan</a>,II - 78,,,
II - 81,Nördlich Altonaer Str. zwischen Spree und S-Bahn,Mitte,Bezirksamt,1965-07-19T00:00:00,,,1967-04-24T00:00:00,1967-05-23T00:00:00,ja,Senat,1967-08-28T00:00:00,55,1356,1967-09-15T00:00:00,<A HREF=http://mitte.gis-broker.de/bplaene/0102081.gif" TARGET="BPlan-Scan">BPlan-Scan</a>,II - 81,,,
II - 85,Stromstr. Alt-Moabit, Kirchstr.,Mitte,Bezirksamt,1967-07-17T00:00:00,,,1971-01-04T00:00:00,1971-02-04T00:00:00,ja,Senat,1971-05-07T00:00:00,38,736,1971-05-19T00:00:00,<A HREF=http://mitte.gis-broker.de/bplaene/0102085.gif" TARGET="BPlan-Scan">BPlan-Scan</a>,II - 85,,,
II - 85-1,Stromstr. Alt-Moabit, Kirchstr.,Mitte,Bezirksamt,1985-03-19T00:00:00,1985-06-19T00:00:00,1985-07-19T00:00:00,1986-02-24T00:00:00,1986-03-26T00:00:00,ja,Senat,1987-02-12T00:00:00,16,850,1987-03-04T00:00:00,<A HREF=http://mitte.gis-broker.de/bplaene/01020851.gif" TARGET="BPlan-Scan">BPlan-Scan</a>,II - 85-1,1985-01-28T00:00:00,,
II - 92,Stromstr. 27-31,Mitte,Bezirksamt,1971-06-10T00:00:00,,,1973-03-05T00:00:00,1973-04-05T00:00:00,ja,Senat,1974-03-28T00:00:00,38,811,1974-04-19T00:00:00,<A HREF=http://mitte.gis-broker.de/bplaene/0102092.gif" TARGET="BPlan-Scan">BPlan-Scan</a>,II - 92,,,
II - 93,Erasmusstr. 20-24,Mitte,Bezirksamt,1972-10-30T00:00:00,,,1975-01-28T00:00:00,1975-02-28T00:00:00,ja,Senat,1975-10-01T00:00:00,89,2582,1975-10-25T00:00:00,<A HREF=http://mitte.gis-broker.de/bplaene/0102093.gif" TARGET="BPlan-Scan">BPlan-Scan</a>,II - 93,,,
II - 96,Bartningallee 24/26,Mitte,Bezirksamt,1973-03-19T00:00:00,,,1975-10-27T00:00:00,1975-11-27T00:00:00,ja,Senat,1976-07-12T00:00:00,65,1615,1976-08-04T00:00:00,<A HREF=http://mitte.gis-broker.de/bplaene/0102096.gif" TARGET="BPlan-Scan">BPlan-Scan</a>,II - 96,1973-06-25T00:00:00,,
II - 103,Schleswiger Ufer Altonaer Str., Bachstr.,Mitte,Bezirksamt,1975-04-21T00:00:00,,,1978-03-06T00:00:00,1978-04-06T00:00:00,ja,Senat,1985-04-22T00:00:00,30,1057,1985-05-15T00:00:00,<A HREF=http://mitte.gis-broker.de/bplaene/0102103.gif" TARGET="BPlan-Scan">BPlan-Scan</a>,II - 103,,,
II - 108,Birkenstr. 22-28 Stephanstr. 37-43,Mitte,Bezirksamt,1976-02-23T00:00:00,,,1977-02-02T00:00:00,1977-03-03T00:00:00,ja,Senat,1977-12-19T00:00:00,3,33,1978-01-10T00:00:00,<A HREF=http://mitte.gis-broker.de/bplaene/0102108.gif" TARGET="BPlan-Scan">BPlan-Scan</a>,II - 108,,,
II - 108-1,Stephanstr. 37-43 Birkenstr. 22-28,Mitte,Bezirksamt,1986-07-22T00:00:00,1986-10-06T00:00:00,1986-11-07T00:00:00,1988-02-15T00:00:00,1988-03-16T00:00:00,ja,Senat,1989-02-08T00:00:00,11,382,1989-02-25T00:00:00,<A HREF=http://mitte.gis-broker.de/bplaene/01021081.gif" TARGET="BPlan-Scan">BPlan-Scan</a>,II - 108-1,1986-12-23T00:00:00,,
II - 144,Stromstr. Alt-Moabit, Kirchstr.,Mitte,Bezirksamt,1990-03-20T00:00:00,1990-06-11T00:00:00,1990-07-11T00:00:00,1992-03-30T00:00:00,1992-04-30T00:00:00,ja,Senat,1994-07-26T00:00:00,42,274,1994-08-12T00:00:00,<A HREF=http://mitte.gis-broker.de/bplaene/0102144.gif" TARGET="BPlan-Scan">BPlan-Scan</a>,II - 144,,,
II - 148,Huttenstr. Sickingenstr.,Mitte,Bezirksamt,1990-04-30T00:00:00,1990-04-23T00:00:00,1990-05-23T00:00:00,,,nein,,,0,0,,,II - 148,1992-03-31T00:00:00,,
II - 149,Wohninsel Huttenstr.,Mitte,Bezirksamt,1991-04-16T00:00:00,1990-04-23T00:00:00,1990-05-23T00:00:00,,,nein,,,0,0,,,II - 149,1998-09-15T00:00:00,,
II - 151,Jonasparkplatz,Mitte,Bezirksamt,1990-05-15T00:00:00,1990-08-28T00:00:00,1990-09-14T00:00:00,1992-02-10T00:00:00,1992-03-10T00:00:00,ja,Senat,1993-04-14T00:00:00,25,202,1993-05-05T00:00:00,<A HREF=http://mitte.gis-broker.de/bplaene/0102151.gif" TARGET="BPlan-Scan">BPlan-Scan</a>,II - 151,,,
II - 161,Beusselstr. Kaiserin-Augusta-Allee,Mitte,Bezirksamt,1992-04-07T00:00:00,1997-09-01T00:00:00,1997-10-01T00:00:00,2000-07-03T00:00:00,2000-07-17T00:00:00,ja,Bezirk,2005-05-03T00:00:00,17,296,2005-05-28T00:00:00,<A HREF=http://mitte.gis-broker.de/bplaene/0102161.gif" TARGET="BPlan-Scan">BPlan-Scan</a>,II - 161,1997-06-03T00:00:00,,
II - 169,Rostocker Str.44 und  Berlichingenstr. 8 sowie das hier nördlich angrenzende Grundstück (Flurstück 301/3),Mitte,Bezirksamt,1992-07-28T00:00:00,2000-11-20T00:00:00,2000-12-19T00:00:00,2008-07-07T00:00:00,2008-08-08T00:00:00,ja,Bezirk,2010-02-02T00:00:00,5,50,2010-02-20T00:00:00,<A HREF=http://mitte.gis-broker.de/bplaene/0102169.jpg" TARGET="BPlan-Scan">BPlan-Scan</a>,II - 169,2008-04-29T00:00:00,,
II - 180,für die Grundstücke Rostocker Straße 32-32 B die westlich angrenzende Fläche, Flurstücke 20/1 und 20/3, sowie das Grundstück Berlichingen straße 20,Mitte,Bezirksamt,1994-04-19T00:00:00,1994-05-02T00:00:00,1994-06-02T00:00:00,2008-09-29T00:00:00,2008-10-30T00:00:00,ja,Bezirk,2009-11-24T00:00:00,30,740,2009-12-12T00:00:00,<A HREF=http://mitte.gis-broker.de/bplaene/0102180.jpg" TARGET="BPlan-Scan">BPlan-Scan</a>,II - 180,2007-12-04T00:00:00,,
II - 181,westl. Bereich des Blockes 74 (Neues Ufer Huttenstr.),Mitte,Bezirksamt,1995-10-17T00:00:00,1995-11-20T00:00:00,1995-12-20T00:00:00,,,nein,,,0,0,,,II - 181,,,
II - 185,für die Grundstücke Quitzowstraße 36-50 eine Teilfläche des ehemaligen Bahngeländes südlich der Planstraße sowie Teilflächen der Planstraße und der Quitzowstraße.,Mitte,Bezirksamt,1998-05-31T00:00:00,1998-06-08T00:00:00,1998-07-08T00:00:00,,,nein,,,0,0,,,II - 185,2008-01-15T00:00:00,,
II - 186,für die westliche Teilfläche des Grundstückes Quitzow- straße 50-55 die Grundstücke Quitzowstraße 52 und 56 und Teilflächen der Quitzow- und der Planstraße.,Mitte,Bezirksamt,1998-03-30T00:00:00,1998-06-08T00:00:00,1998-07-08T00:00:00,,,nein,,,0,0,,,II - 186,2008-10-14T00:00:00,,
II - 187,für das Grundstück Quitzowstraße 59 das westlich angrenzende Flurstück 293, die Grundstücke Quitzowstaße 70-74, Teilflächen der Grundstücke Quitzowstraße 61 und 82 sowie Teilflächen der Quitzowstr. und der Ellen-Epstein-Straße,Mitte,Bezirksamt,1998-03-31T00:00:00,1998-06-08T00:00:00,1998-07-08T00:00:00,,,nein,,,0,0,,,II - 187,2009-06-16T00:00:00,,
II - 188,für die westliche Teilfläche des Grundstückes Quitzowstraße 82 die Grundstücke Quitzowstraße 83-91, Siemensstraße 21-26 A, die nördlich angrenzende Teilfläche des Flurstückes 285 und Teilflächen der Quitzow-, Siemens- und Planstraße.,Mitte,Bezirksamt,1998-03-31T00:00:00,1998-06-08T00:00:00,1998-07-08T00:00:00,,,nein,,,0,0,,,II - 188,2008-10-14T00:00:00,,
II - 189,für die mittlere Teilfläche des Grundstücks Siemensstr. 27-49 sowie Teilflächen der Siemensstr. und der Planstraße.,Mitte,Bezirksamt,1998-03-31T00:00:00,1998-06-08T00:00:00,1998-07-08T00:00:00,,,nein,,,0,0,,,II - 189,2006-12-05T00:00:00,,
II - 190,Kaiserin-Augusta-Allee 101 Kaiserin-Augusta-Allee 98-100,Mitte,Bezirksamt,1998-09-01T00:00:00,1998-10-12T00:00:00,1998-11-12T00:00:00,2000-03-27T00:00:00,2000-04-28T00:00:00,ja,Bezirk,2001-03-06T00:00:00,13,82,2001-04-14T00:00:00,<A HREF=http://mitte.gis-broker.de/bplaene/0102190.gif" TARGET="BPlan-Scan">BPlan-Scan</a>,II - 190,,,
II - 202,Schloß Bellevue,Mitte,Senat,1993-12-16T00:00:00,1994-03-07T00:00:00,1994-03-31T00:00:00,1996-04-28T00:00:00,1996-05-29T00:00:00,ja,Senat,1997-12-11T00:00:00,58,705,1997-12-30T00:00:00,<A HREF=http://mitte.gis-broker.de/bplaene/0102202.gif" TARGET="BPlan-Scan">BPlan-Scan</a>,II - 202,,,
III - 75,Föhrer Str.,Mitte,,,,,1961-07-25T00:00:00,1961-08-25T00:00:00,ja,Senat,1962-02-12T00:00:00,9,226,1962-02-22T00:00:00,<A HREF=http://mitte.gis-broker.de/bplaene/0103075.gif" TARGET="BPlan-Scan">BPlan-Scan</a>,III - 75,,,
4 - 4,für das Grundstück Gaußstraße 11 Lise-Meitner-Straße 22,Charlottenburg-Wilmersdorf,Bezirksamt,2001-07-17T00:00:00,2001-09-03T00:00:00,2001-10-05T00:00:00,2003-01-20T00:00:00,2003-02-21T00:00:00,ja,Bezirk,2005-06-07T00:00:00,21,320,2005-06-17T00:00:00,<A HREF=http://www.berlin.de/ba-charlottenburg-wilmersdorf/org/geodatenservice/bebauungsplaene/0404004.html" TARGET="BPlan-Scan">BPlan-Scan</a>,4 - 4,,,
4 - 4-1B,für die Grundstücke Lise-Meitner- Straße 30 Gaußstraße 5, Gaußstraße 7, 7 A, 11, 13, Gaußstraße 9 und Gaußstraße 15, 19 sowiefür eine Teilfläche des Grundstückes Gaußstr. 1 (Flurstück 402),Charlottenburg-Wilmersdorf,Bezirksamt,2009-11-03T00:00:00,,,2010-02-15T00:00:00,2010-03-17T00:00:00,ja,Bezirk,2010-11-30T00:00:00,30,539,2010-12-10T00:00:00,<A HREF=http://www.berlin.de/ba-charlottenburg-wilmersdorf/org/geodatenservice/bebauungsplaene/0404004-1b.html" TARGET="BPlan-Scan">BPlan-Scan</a>,4 - 4-1B,,,
4 - 9a,Sömmeringstr. 2-22 Quedlinburgerstr.45 / Am Spreebord 9 sowie Quedlinburgerstr.15 / Am Spreebord 5 (tlw.),Charlottenburg-Wilmersdorf,Bezirksamt,2003-09-16T00:00:00,2003-11-17T00:00:00,2003-12-19T00:00:00,2005-06-06T00:00:00,2005-07-08T00:00:00,ja,Bezirk,2006-06-20T00:00:00,25,682,2006-07-07T00:00:00,<A HREF=http://www.berlin.de/ba-charlottenburg-wilmersdorf/org/geodatenservice/bebauungsplaene/0404009a.html" TARGET="BPlan-Scan">BPlan-Scan</a>,4 - 9a,2004-07-13T00:00:00,,
4 - 48B,für das Gelände zwischen Saatwinkler Damm Hüttigpfad und Emmy-Zehden-Weg und den Hüttigpfad, das Flurstück 474, den Saatwinkler Damm und Emmy-Zehden-Weg.,Charlottenburg-Wilmersdorf,Bezirksamt,2011-11-15T00:00:00,,,2013-01-28T00:00:00,2013-03-01T00:00:00,ja,Bezirk,2013-11-26T00:00:00,33,620,2013-12-05T00:00:00,<A HREF=http://www.berlin.de/ba-charlottenburg-wilmersdorf/org/geodatenservice/bebauungsplaene/0404048b.html" TARGET="BPlan-Scan">BPlan-Scan</a>,4 - 48B,2012-10-30T00:00:00,,
4 - 60,für die Grundstücke Englische Str. 21-23 Gutenbergstr. 2/10 und das Flurstück 292 der Flur 6.,Charlottenburg-Wilmersdorf,Bezirksamt,2014-10-28T00:00:00,,,,,nein,,,,,,,4 - 60,,,
4 - 62,für das Gelände zwischen Spree Hannah- Karminski-Str., Gutenbergstr. Und Margarete- Kühn-Str. sowie für einen Abschnitt der Margarete- Kühn-Str. und dessen Anbindung an den Uferweg südlich der Spree,Charlottenburg-Wilmersdorf,Bezirksamt,2015-01-20T00:00:00,,,,,nein,,,,,,,4 - 62,,,
4 - 63,Alt-Lietzow 11,Charlottenburg-Wilmersdorf,Bezirksamt,2016-02-16T00:00:00,2016-02-29T00:00:00,2016-04-01T00:00:00,,,nein,,,,,,,4 - 63,,<A HREF=http://www.bebauungsplan.charlottenburg-wilmersdorf.de" TARGET="Bplan">öffnen</a>,
VII - B7,Otto-Suhr-Allee Richard-Wagner-Platz, Richard-Wagner-Str., Zillestr, Wilmersdorfer Str., Spielhagenstr., Gierkezeile, Gierkeplatz,Charlottenburg-Wilmersdorf,Bezirksamt,1990-12-18T00:00:00,1991-04-02T00:00:00,1991-05-03T00:00:00,1992-08-10T00:00:00,1992-09-11T00:00:00,ja,Senat,2006-05-15T00:00:00,20,485,2006-06-13T00:00:00,<A HREF=http://www.berlin.de/ba-charlottenburg-wilmersdorf/org/geodatenservice/bebauungsplaene/0407000b7.html" TARGET="BPlan-Scan">BPlan-Scan</a>,VII - B7,,,
VII - 3,Aufhebung der Klaustaler Str.,Charlottenburg-Wilmersdorf,,,,,1954-06-22T00:00:00,1954-07-19T00:00:00,ja,Senat,1954-12-13T00:00:00,4,0,1955-01-15T00:00:00,<A HREF=http://www.berlin.de/ba-charlottenburg-wilmersdorf/org/geodatenservice/bebauungsplaene/0407003.html" TARGET="BPlan-Scan">BPlan-Scan</a>,VII - 3,,,
VII - 3-1B,für die Grundstücke Quedlinburger Str. 5/11 Darwinstr. 1,5 und 13/17 und Am Spreebord 1,Charlottenburg-Wilmersdorf,Bezirksamt,2010-08-31T00:00:00,,,2012-08-13T00:00:00,2012-09-14T00:00:00,ja,Bezirk,2013-07-16T00:00:00,18,354,2013-07-30T00:00:00,<A HREF=http://www.berlin.de/ba-charlottenburg-wilmersdorf/org/geodatenservice/bebauungsplaene/0407003-1b.html" TARGET="BPlan-Scan">BPlan-Scan</a>,VII - 3-1B,,,
VII - 15,Franklinstr. Helmholtzstr., Dovestr., Salzufer,Charlottenburg-Wilmersdorf,Bezirksamt,1954-10-11T00:00:00,,,1960-03-17T00:00:00,1960-04-12T00:00:00,ja,Senat,1961-01-27T00:00:00,9,209,1961-01-27T00:00:00,<A HREF=http://www.berlin.de/ba-charlottenburg-wilmersdorf/org/geodatenservice/bebauungsplaene/0407015.html" TARGET="BPlan-Scan">BPlan-Scan</a>,VII - 15,,,
VII - 17,Schustehrusstr. Wilmersdorfer Str., Otto-Suhr-Allee, Wintersteinstr., Richard-Wagner-Platz,Charlottenburg-Wilmersdorf,,,,,1963-10-21T00:00:00,1963-11-21T00:00:00,ja,Senat,1964-01-26T00:00:00,8,169,1964-02-13T00:00:00,<A HREF=http://www.berlin.de/ba-charlottenburg-wilmersdorf/org/geodatenservice/bebauungsplaene/0407017.html" TARGET="BPlan-Scan">BPlan-Scan</a>,VII - 17,,,
VII - 18,Zillestr. Krumme Str., Bismarckstr., Richard-Wagner-Str.,Charlottenburg-Wilmersdorf,,,,,1955-10-19T00:00:00,1955-11-15T00:00:00,ja,Senat,1956-11-10T00:00:00,70,1124,1956-11-19T00:00:00,<A HREF=http://www.berlin.de/ba-charlottenburg-wilmersdorf/org/geodatenservice/bebauungsplaene/0407018.html" TARGET="BPlan-Scan">BPlan-Scan</a>,VII - 18,,,
VII - 18-1,Zillestr. Krumme Str., Bismarckstr., Richard-Wagner-Str.,Charlottenburg-Wilmersdorf,Bezirksamt,1959-03-31T00:00:00,,,1963-10-21T00:00:00,1963-11-21T00:00:00,ja,Senat,1964-03-21T00:00:00,22,432,1964-04-06T00:00:00,<A HREF=http://www.berlin.de/ba-charlottenburg-wilmersdorf/org/geodatenservice/bebauungsplaene/0407018-1.html" TARGET="BPlan-Scan">BPlan-Scan</a>,VII - 18-1,1963-07-08T00:00:00,,
VII - 19,Mierendorffstr. Hordhauserstr., Sömmeringstr.,Charlottenburg-Wilmersdorf,Bezirksamt,1954-07-05T00:00:00,,,1963-08-06T00:00:00,1963-09-05T00:00:00,ja,Senat,1963-10-22T00:00:00,60,1034,1963-11-01T00:00:00,<A HREF=http://www.berlin.de/ba-charlottenburg-wilmersdorf/org/geodatenservice/bebauungsplaene/0407019.html" TARGET="BPlan-Scan">BPlan-Scan</a>,VII - 19,,,
VII - 27,Ernst-Reuter-Platz,Charlottenburg-Wilmersdorf,,,,,1961-11-21T00:00:00,1961-12-20T00:00:00,ja,Senat,1963-04-25T00:00:00,29,476,1963-05-14T00:00:00,<A HREF=http://www.berlin.de/ba-charlottenburg-wilmersdorf/org/geodatenservice/bebauungsplaene/0407027.html" TARGET="BPlan-Scan">BPlan-Scan</a>,VII - 27,,,
VII - 37-1,Westhafenkanal Liese-Meitner-Str.,Charlottenburg-Wilmersdorf,Bezirksamt,1986-07-01T00:00:00,1988-12-05T00:00:00,1989-01-06T00:00:00,1989-03-28T00:00:00,1989-04-28T00:00:00,ja,Senat,1989-08-25T00:00:00,54,1690,1989-09-15T00:00:00,<A HREF=http://www.berlin.de/ba-charlottenburg-wilmersdorf/org/geodatenservice/bebauungsplaene/0407037-1.html" TARGET="BPlan-Scan">BPlan-Scan</a>,VII - 37-1,1988-11-15T00:00:00,,
VII - 38,Warburgzeile Alt-Lietzow, Loschmidtstr.,Charlottenburg-Wilmersdorf,,,,,1956-11-07T00:00:00,1956-12-06T00:00:00,ja,Senat,1957-11-13T00:00:00,75,1751,1957-12-06T00:00:00,<A HREF=http://www.berlin.de/ba-charlottenburg-wilmersdorf/org/geodatenservice/bebauungsplaene/0407038.html" TARGET="BPlan-Scan">BPlan-Scan</a>,VII - 38,,,
VII - 49,Cauerstr. Guerickestr., Fraunhoferstr., Kohlrauschstr.,Charlottenburg-Wilmersdorf,,,,,1960-06-02T00:00:00,1960-06-30T00:00:00,ja,Senat,1961-03-02T00:00:00,14,329,1961-03-14T00:00:00,<A HREF=http://www.berlin.de/ba-charlottenburg-wilmersdorf/org/geodatenservice/bebauungsplaene/0407049.html" TARGET="BPlan-Scan">BPlan-Scan</a>,VII - 49,,,
VII - 52,Cauerstr. Otto-Suhr-Allee., Fraunhoferstr.,Charlottenburg-Wilmersdorf,,,,,1960-06-02T00:00:00,1960-06-30T00:00:00,ja,Senat,1960-10-17T00:00:00,54,1083,1960-10-26T00:00:00,<A HREF=http://www.berlin.de/ba-charlottenburg-wilmersdorf/org/geodatenservice/bebauungsplaene/0407052.html" TARGET="BPlan-Scan">BPlan-Scan</a>,VII - 52,,,
VII - 52-1,Otto-Suhr-Allee 30/34  Cauerstr. 1 - 6,Charlottenburg-Wilmersdorf,Bezirksamt,1988-11-22T00:00:00,1989-11-27T00:00:00,1989-12-29T00:00:00,1992-11-16T00:00:00,1992-12-18T00:00:00,ja,Senat,2000-01-11T00:00:00,6,232,2000-02-16T00:00:00,<A HREF=http://www.berlin.de/ba-charlottenburg-wilmersdorf/org/geodatenservice/bebauungsplaene/0407052-1.html" TARGET="BPlan-Scan">BPlan-Scan</a>,VII - 52-1,,,
VII - 53,Otto-Suhr-Allee. Loschmidtstr., Cauerstr.,Charlottenburg-Wilmersdorf,,,,,1961-11-07T00:00:00,1961-12-06T00:00:00,ja,Senat,1962-10-05T00:00:00,50,1170,1962-10-17T00:00:00,<A HREF=http://www.berlin.de/ba-charlottenburg-wilmersdorf/org/geodatenservice/bebauungsplaene/0407053.html" TARGET="BPlan-Scan">BPlan-Scan</a>,VII - 53,,,
VII - 56,Englische Str. Siegmundshof, Straße des 17.Juni,Charlottenburg-Wilmersdorf,,,,,1961-11-07T00:00:00,1961-12-06T00:00:00,ja,Senat,1962-04-06T00:00:00,18,428,1962-05-03T00:00:00,<A HREF=http://www.berlin.de/ba-charlottenburg-wilmersdorf/org/geodatenservice/bebauungsplaene/0407056.html" TARGET="BPlan-Scan">BPlan-Scan</a>,VII - 56,,,
VII - 70,Otto-Suhr-Allee Richard-Wagner-Platz, Alt-Lietzow, Wintersteinstr.,Charlottenburg-Wilmersdorf,,,,,1962-07-10T00:00:00,1962-08-10T00:00:00,ja,Senat,1962-11-14T00:00:00,55,1245,1962-12-04T00:00:00,<A HREF=http://www.berlin.de/ba-charlottenburg-wilmersdorf/org/geodatenservice/bebauungsplaene/0407070.html" TARGET="BPlan-Scan">BPlan-Scan</a>,VII - 70,,,
VII - 70-1,Otto-Suhr-Allee Richard-Wagner-Platz, Alt-Lietzow,Charlottenburg-Wilmersdorf,Bezirksamt,1970-05-11T00:00:00,,,1972-08-08T00:00:00,1972-09-08T00:00:00,ja,Senat,1973-01-18T00:00:00,14,339,1973-02-05T00:00:00,<A HREF=http://www.berlin.de/ba-charlottenburg-wilmersdorf/org/geodatenservice/bebauungsplaene/0407070-1.html" TARGET="BPlan-Scan">BPlan-Scan</a>,VII - 70-1,,,
VII - 70-2,Wintersteinstr. Alt-Lietzow,Charlottenburg-Wilmersdorf,Bezirksamt,1974-01-14T00:00:00,,,1975-03-11T00:00:00,1975-04-11T00:00:00,ja,Senat,1975-09-23T00:00:00,86,2496,1975-10-14T00:00:00,<A HREF=http://www.berlin.de/ba-charlottenburg-wilmersdorf/org/geodatenservice/bebauungsplaene/0407070-2.html" TARGET="BPlan-Scan">BPlan-Scan</a>,VII - 70-2,,,
VII - 72,Einsteinufer Straße des 17.Juni, Marchstr.,Charlottenburg-Wilmersdorf,Bezirksamt,1957-11-18T00:00:00,,,1964-07-07T00:00:00,1964-08-06T00:00:00,ja,Senat,1965-02-12T00:00:00,11,304,1965-02-25T00:00:00,<A HREF=http://www.berlin.de/ba-charlottenburg-wilmersdorf/org/geodatenservice/bebauungsplaene/0407072.html" TARGET="BPlan-Scan">BPlan-Scan</a>,VII - 72,,,
VII - 74,Einsteinufer Marchstr., Guerickestr., Abbestr.,Charlottenburg-Wilmersdorf,Bezirksamt,1978-01-16T00:00:00,1979-08-06T00:00:00,1979-09-06T00:00:00,1982-12-21T00:00:00,1982-02-01T00:00:00,ja,Senat,1983-03-01T00:00:00,10,388,1983-03-10T00:00:00,<A HREF=http://www.berlin.de/ba-charlottenburg-wilmersdorf/org/geodatenservice/bebauungsplaene/0407074.html" TARGET="BPlan-Scan">BPlan-Scan</a>,VII - 74,,,
VII - 83,Gaußstr. Goslarer Ufer, Kaiserin-Augusta-Allee,Charlottenburg-Wilmersdorf,Bezirksamt,1964-08-24T00:00:00,,,1966-01-11T00:00:00,1966-02-10T00:00:00,ja,Senat,1966-12-30T00:00:00,4,52,1967-01-18T00:00:00,<A HREF=http://www.berlin.de/ba-charlottenburg-wilmersdorf/org/geodatenservice/bebauungsplaene/0407083.html" TARGET="BPlan-Scan">BPlan-Scan</a>,VII - 83,1965-11-01T00:00:00,,
VII - 83-1B,Lise-Meitner Straße 1/9 Keplerstraße 2/12,Charlottenburg-Wilmersdorf,Bezirksamt,2007-03-06T00:00:00,,,2008-04-28T00:00:00,2008-05-30T00:00:00,nein,,,,,,,VII - 83-1B,,,
VII - 83-2B,für die Grundstücke Mierendorffplatz 20 Lise-Meitner-Str. 2 und 6 sowie eine Teilfläche des Grundstückes Ilsenburger Str. 29,Charlottenburg-Wilmersdorf,Bezirksamt,2007-05-29T00:00:00,2007-08-27T00:00:00,2007-09-28T00:00:00,2009-11-02T00:00:00,2009-12-01T00:00:00,ja,Bezirk,2010-05-11T00:00:00,13,267,2010-05-29T00:00:00,<A HREF=http://www.berlin.de/ba-charlottenburg-wilmersdorf/org/geodatenservice/bebauungsplaene/0407083-2b.html" TARGET="BPlan-Scan">BPlan-Scan</a>,VII - 83-2B,2009-10-13T00:00:00,,
VII - 90,Arcostr. Alt-Lietzow,Charlottenburg-Wilmersdorf,Bezirksamt,1959-02-02T00:00:00,,,1960-03-17T00:00:00,1960-04-12T00:00:00,ja,Senat,1963-04-19T00:00:00,28,467,1963-05-02T00:00:00,<A HREF=http://www.berlin.de/ba-charlottenburg-wilmersdorf/org/geodatenservice/bebauungsplaene/0407090.html" TARGET="BPlan-Scan">BPlan-Scan</a>,VII - 90,,,
VII - 92,Fraunhoferstr. Ernst-Reuter-Platz,Charlottenburg-Wilmersdorf,Bezirksamt,1972-10-19T00:00:00,,,1972-11-07T00:00:00,1972-12-07T00:00:00,ja,Senat,1973-04-16T00:00:00,36,667,1973-05-04T00:00:00,<A HREF=http://www.berlin.de/ba-charlottenburg-wilmersdorf/org/geodatenservice/bebauungsplaene/0407092.html" TARGET="BPlan-Scan">BPlan-Scan</a>,VII - 92,,,
VII - 95,Bismarckstr. Zillestr.,Charlottenburg-Wilmersdorf,Bezirksamt,1961-05-15T00:00:00,,,1968-10-15T00:00:00,1968-11-14T00:00:00,ja,Senat,1970-02-09T00:00:00,18,404,1970-02-20T00:00:00,<A HREF=http://www.berlin.de/ba-charlottenburg-wilmersdorf/org/geodatenservice/bebauungsplaene/0407095.html" TARGET="BPlan-Scan">BPlan-Scan</a>,VII - 95,,,
VII - 97,Gutenbergstr. Englische Str., Salzufer,Charlottenburg-Wilmersdorf,Bezirksamt,1961-04-10T00:00:00,,,1966-01-11T00:00:00,1966-02-10T00:00:00,ja,Senat,1967-04-06T00:00:00,27,587,1967-04-25T00:00:00,<A HREF=http://www.berlin.de/ba-charlottenburg-wilmersdorf/org/geodatenservice/bebauungsplaene/0407097.html" TARGET="BPlan-Scan">BPlan-Scan</a>,VII - 97,1965-11-01T00:00:00,,
VII - 113,Olbersstr. Liese-Meitner-Str.,Charlottenburg-Wilmersdorf,Bezirksamt,1968-11-18T00:00:00,,,1970-05-05T00:00:00,1970-06-05T00:00:00,ja,Senat,1971-04-07T00:00:00,32,610,1971-04-22T00:00:00,<A HREF=http://www.berlin.de/ba-charlottenburg-wilmersdorf/org/geodatenservice/bebauungsplaene/0407113.html" TARGET="BPlan-Scan">BPlan-Scan</a>,VII - 113,,,
VII - 115,Bismarckstr. Krumme Str., Zillestr.,Charlottenburg-Wilmersdorf,Bezirksamt,1965-09-21T00:00:00,,,1968-10-15T00:00:00,1968-11-14T00:00:00,ja,Senat,1969-05-08T00:00:00,40,593,1969-05-24T00:00:00,<A HREF=http://www.berlin.de/ba-charlottenburg-wilmersdorf/org/geodatenservice/bebauungsplaene/0407115.html" TARGET="BPlan-Scan">BPlan-Scan</a>,VII - 115,1967-05-16T00:00:00,,
VII - 116,Thaters Privatweg Heckerdamm,Charlottenburg-Wilmersdorf,Bezirksamt,1963-12-02T00:00:00,,,1968-11-12T00:00:00,1968-12-11T00:00:00,ja,Senat,1969-09-25T00:00:00,93,2020,1969-10-10T00:00:00,<A HREF=http://www.berlin.de/ba-charlottenburg-wilmersdorf/org/geodatenservice/bebauungsplaene/0407116.html" TARGET="BPlan-Scan">BPlan-Scan</a>,VII - 116,,,
VII - 120,Ernst-Reuter-Platz,Charlottenburg-Wilmersdorf,Bezirksamt,1962-06-04T00:00:00,,,1962-10-30T00:00:00,1962-11-29T00:00:00,ja,Senat,1963-02-04T00:00:00,14,266,1963-02-20T00:00:00,<A HREF=http://www.berlin.de/ba-charlottenburg-wilmersdorf/org/geodatenservice/bebauungsplaene/0407120.html" TARGET="BPlan-Scan">BPlan-Scan</a>,VII - 120,,,
VII - 129,Darwinstr. Quedlinburger Str., Goslarer Ufer, Spree,Charlottenburg-Wilmersdorf,Bezirksamt,1965-11-01T00:00:00,,,1967-07-04T00:00:00,1967-08-03T00:00:00,ja,Senat,1968-04-26T00:00:00,30,530,1968-05-10T00:00:00,<A HREF=http://www.berlin.de/ba-charlottenburg-wilmersdorf/org/geodatenservice/bebauungsplaene/0407129.html" TARGET="BPlan-Scan">BPlan-Scan</a>,VII - 129,,,
VII - 129-1,für die Grundstücke Darwinstr 2 Goslarer Ufer 1/5 (tlw.) und die Flurstücke 341 und 356 (tlw.),Charlottenburg-Wilmersdorf,Bezirksamt,2005-04-05T00:00:00,2005-08-22T00:00:00,2005-09-23T00:00:00,2011-01-10T00:00:00,2011-02-09T00:00:00,ja,Bezirk,2014-04-29T00:00:00,11,107,2014-05-14T00:00:00,<A HREF=http://www.berlin.de/ba-charlottenburg-wilmersdorf/verwaltung/aemter/stadtentwicklungsamt/vermessung/bebauungsplaene/artikel.231352.php" TARGET="BPlan-Scan">BPlan-Scan</a>,VII - 129-1,2006-10-10T00:00:00,,
VII - 156,Lüttgeweg Isenburger Ufer,Charlottenburg-Wilmersdorf,Bezirksamt,1974-06-18T00:00:00,,,1977-07-12T00:00:00,1977-08-12T00:00:00,ja,Senat,1979-11-06T00:00:00,76,1903,1979-11-27T00:00:00,<A HREF=http://www.berlin.de/ba-charlottenburg-wilmersdorf/org/geodatenservice/bebauungsplaene/0407156.html" TARGET="BPlan-Scan">BPlan-Scan</a>,VII - 156,,,
VII - 157,Straße220,Charlottenburg-Wilmersdorf,Bezirksamt,1968-09-02T00:00:00,,,1969-11-11T00:00:00,1969-12-10T00:00:00,ja,Senat,1970-08-28T00:00:00,83,1600,1970-09-10T00:00:00,<A HREF=http://www.berlin.de/ba-charlottenburg-wilmersdorf/org/geodatenservice/bebauungsplaene/0407157.html" TARGET="BPlan-Scan">BPlan-Scan</a>,VII - 157,,,
VII - 159,Wintersteinstr.,Charlottenburg-Wilmersdorf,Bezirksamt,1969-12-22T00:00:00,,,1971-07-13T00:00:00,1971-08-13T00:00:00,ja,Senat,1972-09-07T00:00:00,83,1839,1972-09-27T00:00:00,<A HREF=http://www.berlin.de/ba-charlottenburg-wilmersdorf/org/geodatenservice/bebauungsplaene/0407159.html" TARGET="BPlan-Scan">BPlan-Scan</a>,VII - 159,,,
VII - 162,Krumme Str. Zillestr., Richard-Wagner Str.,Charlottenburg-Wilmersdorf,Bezirksamt,1969-09-02T00:00:00,,,1973-07-17T00:00:00,1973-08-17T00:00:00,ja,Senat,1975-09-28T00:00:00,89,2582,1975-10-25T00:00:00,<A HREF=http://www.berlin.de/ba-charlottenburg-wilmersdorf/org/geodatenservice/bebauungsplaene/0407162.html" TARGET="BPlan-Scan">BPlan-Scan</a>,VII - 162,,,
VII - 162-1,Krumme Str. Zillestr., Richard-Wagner-Str., Otto-Suhr-Allee,Charlottenburg-Wilmersdorf,Bezirksamt,1979-03-26T00:00:00,1979-06-15T00:00:00,1979-07-15T00:00:00,1992-06-09T00:00:00,1992-07-10T00:00:00,ja,Senat,1996-10-25T00:00:00,49,482,1996-11-06T00:00:00,<A HREF=http://www.berlin.de/ba-charlottenburg-wilmersdorf/org/geodatenservice/bebauungsplaene/0407162-1.html" TARGET="BPlan-Scan">BPlan-Scan</a>,VII - 162-1,,,
VII - 164,Kurt-Schumacher-Damm Saatwinkler Damm,Charlottenburg-Wilmersdorf,Bezirksamt,1969-12-15T00:00:00,,,1983-02-28T00:00:00,1983-03-28T00:00:00,nein,,,0,0,,,VII - 164,2001-07-24T00:00:00,,
VII - 183,Englische Str. Gutenbergstr.,Charlottenburg-Wilmersdorf,Bezirksamt,1970-09-14T00:00:00,,,1972-11-07T00:00:00,1972-12-07T00:00:00,ja,Senat,1973-07-16T00:00:00,61,1106,1973-08-06T00:00:00,<A HREF=http://www.berlin.de/ba-charlottenburg-wilmersdorf/org/geodatenservice/bebauungsplaene/0407183.html" TARGET="BPlan-Scan">BPlan-Scan</a>,VII - 183,,,
VII - 199,Richard-Wagner-Str. Otto-Suhr-Allee, Krumme Str.,Charlottenburg-Wilmersdorf,Bezirksamt,1975-10-27T00:00:00,,,1978-05-16T00:00:00,1978-06-16T00:00:00,ja,Senat,1990-05-17T00:00:00,33,1145,1990-06-09T00:00:00,<A HREF=http://www.berlin.de/ba-charlottenburg-wilmersdorf/org/geodatenservice/bebauungsplaene/0407199.html" TARGET="BPlan-Scan">BPlan-Scan</a>,VII - 199,,,
VII - 211,Lüdtgeweg Alt-Lietzow,Charlottenburg-Wilmersdorf,Bezirksamt,1976-01-26T00:00:00,,,1977-07-12T00:00:00,1977-08-12T00:00:00,ja,Senat,1979-12-19T00:00:00,4,104,1980-01-22T00:00:00,<A HREF=http://www.berlin.de/ba-charlottenburg-wilmersdorf/org/geodatenservice/bebauungsplaene/0407211.html" TARGET="BPlan-Scan">BPlan-Scan</a>,VII - 211,,,
VII - 222,Hallerstr Pascalstr.,Charlottenburg-Wilmersdorf,Bezirksamt,1982-01-18T00:00:00,1982-06-01T00:00:00,1982-07-01T00:00:00,1984-04-09T00:00:00,1984-05-09T00:00:00,ja,Senat,1991-12-14T00:00:00,1,1,1992-01-04T00:00:00,<A HREF=http://www.berlin.de/ba-charlottenburg-wilmersdorf/org/geodatenservice/bebauungsplaene/0407222.html" TARGET="BPlan-Scan">BPlan-Scan</a>,VII - 222,,,
VII - 223,Helmholtzstr. Pascalstr.,Charlottenburg-Wilmersdorf,Bezirksamt,1981-07-13T00:00:00,1982-06-01T00:00:00,1982-07-01T00:00:00,1984-04-09T00:00:00,1984-05-09T00:00:00,ja,Senat,1990-01-30T00:00:00,11,514,1990-02-22T00:00:00,<A HREF=http://www.berlin.de/ba-charlottenburg-wilmersdorf/org/geodatenservice/bebauungsplaene/0407223.html" TARGET="BPlan-Scan">BPlan-Scan</a>,VII - 223,1982-05-28T00:00:00,,
VII - 224,Hallerstr. Pascalstr., Helmholtzstr, Morsestr.,Charlottenburg-Wilmersdorf,Bezirksamt,1980-07-14T00:00:00,1982-06-01T00:00:00,1982-07-01T00:00:00,1985-01-21T00:00:00,1985-02-22T00:00:00,ja,Senat,1991-09-26T00:00:00,42,226,1991-10-12T00:00:00,<A HREF=http://www.berlin.de/ba-charlottenburg-wilmersdorf/org/geodatenservice/bebauungsplaene/0407224.html" TARGET="BPlan-Scan">BPlan-Scan</a>,VII - 224,1983-12-23T00:00:00,,
VII - 226a,Schwanenfeldstr. (ehemals Straße 241),Charlottenburg-Wilmersdorf,Bezirksamt,2002-10-22T00:00:00,,,2005-05-30T00:00:00,2005-07-01T00:00:00,ja,Bezirk,2005-12-06T00:00:00,43,769,2005-12-24T00:00:00,<A HREF=http://www.berlin.de/ba-charlottenburg-wilmersdorf/org/geodatenservice/bebauungsplaene/0407226a.html" TARGET="BPlan-Scan">BPlan-Scan</a>,VII - 226a,,,
VII - 233,Helmhotzstr. Pascalstr.,Charlottenburg-Wilmersdorf,Bezirksamt,1982-05-19T00:00:00,1982-06-01T00:00:00,1982-07-01T00:00:00,1987-06-22T00:00:00,1987-07-24T00:00:00,ja,Senat,1992-07-29T00:00:00,36,245,1992-08-19T00:00:00,<A HREF=http://www.berlin.de/ba-charlottenburg-wilmersdorf/org/geodatenservice/bebauungsplaene/0407233.html" TARGET="BPlan-Scan">BPlan-Scan</a>,VII - 233,1983-06-27T00:00:00,,
VII - 233-1VE,für das Gelände zwischen Heisenbergstr. Pascalstr., Schlesingerstr., einer Teilfläche des Grundstücks Kucharskistr. 5 sowie dem Grundstück Heisenbergerstr. 13,Charlottenburg-Wilmersdorf,Bezirksamt,2015-04-28T00:00:00,,,,,nein,,,,,,,VII - 233-1VE,,,
VII - 234,Dovestr. Helmholtzstr.,Charlottenburg-Wilmersdorf,Bezirksamt,1985-08-13T00:00:00,1993-12-13T00:00:00,1994-01-14T00:00:00,1994-10-24T00:00:00,1994-11-24T00:00:00,nein,,,0,0,,,VII - 234,1993-11-09T00:00:00,,
VII - 236,für das Gelände zwischen Mierendorffplatz Lise-Meitner- Str., Gaußstr., Goslarer Ufer, Kaiserin-Augusta- Allee 34-49, Mierendorffplatz 18, ausgenommen die Grundstücke Mierendorffplatz 20, Lise-Meitner-Str. 2 und 6 .........,Charlottenburg-Wilmersdorf,Bezirksamt,1987-03-17T00:00:00,1987-05-12T00:00:00,1987-06-12T00:00:00,,,nein,,,0,0,,,VII - 236,2007-05-29T00:00:00,,
VII - 237,Heckerdamm Friedrich-Olbricht-Damm, Schwanenfelder Str.,Charlottenburg-Wilmersdorf,Bezirksamt,1987-03-17T00:00:00,1987-10-28T00:00:00,1987-11-30T00:00:00,,,nein,,,0,0,,,VII - 237,,,
VII - 242,Hallerstr. Morsestr., Pascalstr.,Charlottenburg-Wilmersdorf,Bezirksamt,1985-06-18T00:00:00,1986-11-17T00:00:00,1986-12-19T00:00:00,1986-11-17T00:00:00,1986-12-19T00:00:00,ja,Senat,1991-08-09T00:00:00,36,203,1991-08-22T00:00:00,<A HREF=http://www.berlin.de/ba-charlottenburg-wilmersdorf/org/geodatenservice/bebauungsplaene/0407242.html" TARGET="BPlan-Scan">BPlan-Scan</a>,VII - 242,,,
VII - 245,Bismarkstr. 20 (tlw.),Charlottenburg-Wilmersdorf,Bezirksamt,1986-02-11T00:00:00,1986-03-10T00:00:00,1986-04-15T00:00:00,1990-06-26T00:00:00,1990-07-27T00:00:00,ja,Bezirk,2006-06-13T00:00:00,23,608,2006-06-24T00:00:00,<A HREF=http://www.berlin.de/ba-charlottenburg-wilmersdorf/org/geodatenservice/bebauungsplaene/0407245.html" TARGET="BPlan-Scan">BPlan-Scan</a>,VII - 245,2006-01-03T00:00:00,,
VII - 248,Helmholtzstr. 39 40, 41, Morsestr. 2,Charlottenburg-Wilmersdorf,Bezirksamt,1990-05-22T00:00:00,1990-08-31T00:00:00,1990-09-28T00:00:00,,,nein,,,0,0,,,VII - 248,,,
VII - 272a,Salzufer Franklinstr., Spree, Englische Str.,Charlottenburg-Wilmersdorf,Bezirksamt,1997-07-01T00:00:00,1997-08-04T00:00:00,1997-09-04T00:00:00,2002-10-21T00:00:00,2002-11-22T00:00:00,ja,Bezirk,2006-07-04T00:00:00,27,796,2006-07-15T00:00:00,,VII - 272a,2003-02-11T00:00:00,,unwirksam
VII - 272ba,für Teilbereiche der Grundstücke Salzufer 6-8 zwischen Salzufer und der künftigen verlängerten Gutenbergstr. sowie der künftigen Planstr. D und den Grundstücken Salzufer 9-10 und Franklinstr. 5-7,Charlottenburg-Wilmersdorf,Bezirksamt,2000-12-12T00:00:00,,,2002-01-28T00:00:00,2002-03-01T00:00:00,ja,Bezirk,2006-05-02T00:00:00,20,483,2006-06-13T00:00:00,<A HREF=http://www.berlin.de/ba-charlottenburg-wilmersdorf/org/geodatenservice/bebauungsplaene/0407272ba.html" TARGET="BPlan-Scan">BPlan-Scan</a>,VII - 272ba,2001-11-20T00:00:00,,
VII - 280,Wegelystr. 1 (KPM),Charlottenburg-Wilmersdorf,Bezirksamt,1999-10-05T00:00:00,1999-11-08T00:00:00,1999-12-03T00:00:00,2005-08-22T00:00:00,2005-08-23T00:00:00,ja,Bezirk,2006-06-20T00:00:00,25,681,2006-07-07T00:00:00,<A HREF=http://www.berlin.de/ba-charlottenburg-wilmersdorf/org/geodatenservice/bebauungsplaene/0407280.html" TARGET="BPlan-Scan">BPlan-Scan</a>,VII - 280,2005-08-01T00:00:00,,
