STATBLOCK,STRUTYP,VG,FL_HA,VERK_EINFL_JN,WEITERE_ZU,ZUORD_LEITBAHN,EINWOHNER,BIOK_BELAST,HINWEISE,alias,TEILBLOCK_ISU,VERK_EINFL
001001,Kleingarten Erschliessungsflaeche <  10%,19,20051,nein,Block ist Bestandteil einer klimaoekologisch relevanten Gruenflaecheneinheit,Kaltluftleitbahn mit sehr hoher Bedeutung fuer den Luftaustausch,3,Gruen- und Freiflaeche mit sehr hoher stadtklimatischer Bedeutung,Hoechste Empfindlichkeit gegenueber Nutzungsintensivierung; Vermeidung von Austauschbarrieren gegenueber bebauten Randbereichen,0200010011000000,,
001005,Ver- und Entsorgung,98,52318,ja,,,,Kein bioklimatisches Belastungspotential bzw. klimatischer Komfortbereich,Gute Durchlueftung; vorwiegend geringe bis keine bioklimatische Belastung,0200010051000100,001,Lage an einem Abschnitt mit moeglicher verkehrsbedingter Luftbelastung
001007,Industrie/Gewerbegebiet B bebaute Flaeche >= 50%,89,71522,ja,,,490,Kein bioklimatisches Belastungspotential bzw. klimatischer Komfortbereich,Gute Durchlueftung; vorwiegend geringe bis keine bioklimatische Belastung,0200010071000100,001,Lage an einem Abschnitt mit moeglicher verkehrsbedingter Luftbelastung
001007,Hinterhof,89,12771,ja,,,490,Kein bioklimatisches Belastungspotential bzw. klimatischer Komfortbereich,Gute Durchlueftung; vorwiegend geringe bis keine bioklimatische Belastung,0200010071000200,002,Lage an einem Abschnitt mit moeglicher verkehrsbedingter Luftbelastung
001009,Industrie/Gewerbegebiet B bebaute Flaeche >= 50%,93,103421,ja,,,41,Bioklimatisches Belastungspotential maessig in Einzelfaellen hoch,Kaltluftleitbahn; Vermeidung baulicher Hindernisse die einen Kaltluftstau verursachen koennten. Bauhoehe moeglichst gering halt,0200010091000000,,Lage an einem Abschnitt mit moeglicher verkehrsbedingter Luftbelastung
001012,Hinterhof,89,16095,nein,,,693,Bioklimatisches Belastungspotential gering,Gute Durchlueftung; vorwiegend geringe bis keine bioklimatische Belastung,0200010121000000,,
001013,Industrie/Gewerbegebiet B bebaute Flaeche >= 50%,96,21083,ja,,,857,Bioklimatisches Belastungspotential gering,Gute Durchlueftung; vorwiegend geringe bis keine bioklimatische Belastung,0200010131000100,001,Lage an einem Abschnitt mit moeglicher verkehrsbedingter Luftbelastung
001013,Hinterhof,92,15556,ja,,,857,Bioklimatisches Belastungspotential gering,Gute Durchlueftung; vorwiegend geringe bis keine bioklimatische Belastung,0200010131000200,002,Lage an einem Abschnitt mit moeglicher verkehrsbedingter Luftbelastung
001074,Hinterhof,90,5428,nein,,,158,Bioklimatisches Belastungspotential maessig in Einzelfaellen hoch,Sehr hohe Empfindlichkeit gegenueber Nutzungsintensivierung; keine weitere Verdichtung; klimaverbessernde Massnahmen einleiten,0200010741000100,001,
001074,Industrie/Gewerbegebiet B bebaute Flaeche >= 50%,96,49547,nein,,,158,Bioklimatisches Belastungspotential gering,Gute Durchlueftung; vorwiegend geringe bis keine bioklimatische Belastung,0200010741000200,002,
001075,Geschlossener Hinterhof,86,7367,nein,,,257,Kein bioklimatisches Belastungspotential bzw. klimatischer Komfortbereich,Gute Durchlueftung; vorwiegend geringe bis keine bioklimatische Belastung,0200010751000000,,
001076,Industrie/Gewerbegebiet B bebaute Flaeche >= 50%,93,85208,ja,,,3,Bioklimatisches Belastungspotential maessig in Einzelfaellen hoch,Kaltluftleitbahn; Vermeidung baulicher Hindernisse die einen Kaltluftstau verursachen koennten. Bauhoehe moeglichst gering halt,0200010761000000,,Lage an einem Abschnitt mit moeglicher verkehrsbedingter Luftbelastung
001094,Hinterhof,93,21793,ja,,,180,Bioklimatisches Belastungspotential maessig in Einzelfaellen hoch,Sehr hohe Empfindlichkeit gegenueber Nutzungsintensivierung; keine weitere Verdichtung; klimaverbessernde Massnahmen einleiten,0200010941000100,001,Lage an einem Abschnitt mit moeglicher verkehrsbedingter Luftbelastung
001094,Hinterhof,95,8261,ja,,,180,Kein bioklimatisches Belastungspotential bzw. klimatischer Komfortbereich,Gute Durchlueftung; vorwiegend geringe bis keine bioklimatische Belastung,0200010941000200,002,Lage an einem Abschnitt mit moeglicher verkehrsbedingter Luftbelastung
001094,Gruenanlage Park,8,3593,nein,Block ist Bestandteil einer klimaoekologisch relevanten Gruenflaecheneinheit,,180,Gruen- und Freiflaeche mit geringer stadtklimatischer Bedeutung,Geringe Empfindlichkeit gegenueber Nutzungsintensivierung; massvolle Bebauung die den Luftaustausch nicht beeintraechtigt, ist moeglich,0200010941000300,003,
001502,Ruderal-/Brachflaeche,7,4572,nein,Block ist Bestandteil einer klimaoekologisch relevanten Gruenflaecheneinheit,Kaltluftleitbahn mit sehr hoher Bedeutung fuer den Luftaustausch,,Gruen- und Freiflaeche mit sehr hoher stadtklimatischer Bedeutung,Hoechste Empfindlichkeit gegenueber Nutzungsintensivierung; Vermeidung von Austauschbarrieren gegenueber bebauten Randbereichen,0200015021000000,,
001503,Gruenanlage Park,10,5448,nein,Block ist Bestandteil einer klimaoekologisch relevanten Gruenflaecheneinheit,Kaltluftleitbahn mit sehr hoher Bedeutung fuer den Luftaustausch,,Gruen- und Freiflaeche mit sehr hoher stadtklimatischer Bedeutung,Hoechste Empfindlichkeit gegenueber Nutzungsintensivierung; Vermeidung von Austauschbarrieren gegenueber bebauten Randbereichen,0200015031000100,001,
001503,Gruenanlage Park,10,10443,nein,Block ist Bestandteil einer klimaoekologisch relevanten Gruenflaecheneinheit,Kaltluftleitbahn mit sehr hoher Bedeutung fuer den Luftaustausch,,Gruen- und Freiflaeche mit sehr hoher stadtklimatischer Bedeutung,Hoechste Empfindlichkeit gegenueber Nutzungsintensivierung; Vermeidung von Austauschbarrieren gegenueber bebauten Randbereichen,0200015031000200,002,
001504,,0,10263,nein,,,,,,0200015041000000,,
001505,,0,12118,nein,,,,,,0200015051000000,,
001506,,0,16064,nein,,,,,,0200015061000000,,
001510,,0,1902,nein,,,,,,0200015101000000,,
001511,,0,3115,nein,,,,,,0200015111000000,,
001601,Industrie/Gewerbegebiet A bebaute Flaeche <  50%,98,336206,nein,,,,Kein bioklimatisches Belastungspotential bzw. klimatischer Komfortbereich,Gute Durchlueftung; vorwiegend geringe bis keine bioklimatische Belastung,0200016011000000,,
001621,Ver- und Entsorgung,98,358161,ja,,,,Kein bioklimatisches Belastungspotential bzw. klimatischer Komfortbereich,Gute Durchlueftung; vorwiegend geringe bis keine bioklimatische Belastung,0200016211000000,,Lage an einem Abschnitt mit moeglicher verkehrsbedingter Luftbelastung
001624,Parkplatz,78,12832,nein,,,,,,0200016241000100,001,
001624,Industrie/Gewerbegebiet B bebaute Flaeche >= 50%,97,117819,nein,,,,Bioklimatisches Belastungspotential maessig in Einzelfaellen hoch,Sehr hohe Empfindlichkeit gegenueber Nutzungsintensivierung; keine weitere Verdichtung; klimaverbessernde Massnahmen einleiten,0200016241000200,002,
001625,Altbau-Schule (Baujahr vor 1945),69,3920,nein,,,192,Kein bioklimatisches Belastungspotential bzw. klimatischer Komfortbereich,Gute Durchlueftung; vorwiegend geringe bis keine bioklimatische Belastung,0200016251000100,001,
001625,Sport (mit Tennis Schwimmbad, etc.),85,6337,nein,,,192,Kein bioklimatisches Belastungspotential bzw. klimatischer Komfortbereich,Geringe bioklimatische Belastung. Hohe Empfindlichkeit gegenueber Nutzungsintensivierungen,0200016251000200,002,
001625,Sicherheit/Ordnung Polizei,49,9564,ja,,,192,Kein bioklimatisches Belastungspotential bzw. klimatischer Komfortbereich,Geringe bioklimatische Belastung. Hohe Empfindlichkeit gegenueber Nutzungsintensivierungen,0200016251000300,003,Lage an einem Abschnitt mit moeglicher verkehrsbedingter Luftbelastung
001625,Sport (mit Tennis Schwimmbad, etc.),21,31080,nein,Block ist Bestandteil einer klimaoekologisch relevanten Gruenflaecheneinheit,,192,Gruen- und Freiflaeche mit sehr hoher stadtklimatischer Bedeutung,Hoechste Empfindlichkeit gegenueber Nutzungsintensivierung; Vermeidung von Austauschbarrieren gegenueber bebauten Randbereichen,0200016251000400,004,
001625,Parkartiger Garten,30,6910,nein,Block ist Bestandteil einer klimaoekologisch relevanten Gruenflaecheneinheit,,192,Bioklimatisches Belastungspotential gering in Einzelfaellen maessig,Durchgruente Siedlung ist Bestandteil einer Gruenflaeche mit hoechster Empfindlichkeit,0200016251000500,005,
001901,Gleiskoerper,45,17136,nein,,,,,,0200019011000100,001,
001901,Ruderal-/Brachflaeche,10,10071,nein,Block ist Bestandteil einer klimaoekologisch relevanten Gruenflaecheneinheit,,,Gruen- und Freiflaeche mit geringer stadtklimatischer Bedeutung,Geringe Empfindlichkeit gegenueber Nutzungsintensivierung; massvolle Bebauung die den Luftaustausch nicht beeintraechtigt, ist moeglich,0200019011000200,002,
001901,Ruderal-/Brachflaeche,10,8331,nein,Block ist Bestandteil einer klimaoekologisch relevanten Gruenflaecheneinheit,,,Gruen- und Freiflaeche mit geringer stadtklimatischer Bedeutung,Geringe Empfindlichkeit gegenueber Nutzungsintensivierung; massvolle Bebauung die den Luftaustausch nicht beeintraechtigt, ist moeglich,0200019011000300,003,
001901,Gleiskoerper,85,16563,nein,,,,,,0200019011000400,004,
001902,Gleiskoerper,75,28461,nein,,,4,,,0200019021000100,001,
001902,Ruderal-/Brachflaeche,7,12274,nein,Block ist Bestandteil einer klimaoekologisch relevanten Gruenflaecheneinheit,,4,Gruen- und Freiflaeche mit mittlerer bis hoher stadtklimatischer Bedeutung,Hohe Empfindlichkeit gegenueber Nutzungsintensivierung; Luftaustausch mit der Umgebung erhalten,0200019021000200,002,
001902,Gleiskoerper,85,48930,nein,,,4,,,0200019021000300,003,
001902,Industrie/Gewerbegebiet A bebaute Flaeche <  50%,70,91658,nein,,,4,Kein bioklimatisches Belastungspotential bzw. klimatischer Komfortbereich,Gute Durchlueftung; vorwiegend geringe bis keine bioklimatische Belastung,0200019021000400,004,
001902,Ruderal-/Brachflaeche,20,3230,nein,Block ist Bestandteil einer klimaoekologisch relevanten Gruenflaecheneinheit,,4,Gruen- und Freiflaeche mit mittlerer bis hoher stadtklimatischer Bedeutung,Hohe Empfindlichkeit gegenueber Nutzungsintensivierung; Luftaustausch mit der Umgebung erhalten,0200019021000500,005,
001903,Gleiskoerper,85,28827,nein,,,,,,0200019031000100,001,
001903,Industrie/Gewerbegebiet A bebaute Flaeche <  50%,50,19910,nein,,,,Bioklimatisches Belastungspotential maessig in Einzelfaellen hoch,Sehr hohe Empfindlichkeit gegenueber Nutzungsintensivierung; keine weitere Verdichtung; klimaverbessernde Massnahmen einleiten,0200019031000200,002,
001903,Ruderal-/Brachflaeche,7,13741,nein,Block ist Bestandteil einer klimaoekologisch relevanten Gruenflaecheneinheit,,,Gruen- und Freiflaeche mit sehr hoher stadtklimatischer Bedeutung,Hoechste Empfindlichkeit gegenueber Nutzungsintensivierung; Vermeidung von Austauschbarrieren gegenueber bebauten Randbereichen,0200019031000300,003,
001903,Gleiskoerper,85,27825,nein,,,,,,0200019031000400,004,
001903,Gleiskoerper,85,13546,nein,,,,,,0200019031000500,005,
002016,Hinterhof,78,16098,ja,,,387,Kein bioklimatisches Belastungspotential bzw. klimatischer Komfortbereich,Gute Durchlueftung; vorwiegend geringe bis keine bioklimatische Belastung,0200020161000000,,Lage an einem Abschnitt mit moeglicher verkehrsbedingter Luftbelastung
002017,Hinterhof,88,18267,ja,,,791,Kein bioklimatisches Belastungspotential bzw. klimatischer Komfortbereich,Gute Durchlueftung; vorwiegend geringe bis keine bioklimatische Belastung,0200020171000000,,Lage an einem Abschnitt mit moeglicher verkehrsbedingter Luftbelastung
002018,Hinterhof,81,33745,ja,,,1203,Kein bioklimatisches Belastungspotential bzw. klimatischer Komfortbereich,Gute Durchlueftung; vorwiegend geringe bis keine bioklimatische Belastung,0200020181000000,,Lage an einem Abschnitt mit moeglicher verkehrsbedingter Luftbelastung
002019,Hinterhof,77,35514,nein,,,1346,Bioklimatisches Belastungspotential gering,Gute Durchlueftung; vorwiegend geringe bis keine bioklimatische Belastung,0200020191000000,,
002020,Hinterhof,86,31335,nein,,,1075,Bioklimatisches Belastungspotential maessig in Einzelfaellen hoch,Sehr hohe Empfindlichkeit gegenueber Nutzungsintensivierung; keine weitere Verdichtung; klimaverbessernde Massnahmen einleiten,0200020201000000,,
002021,Sport (mit Tennis Schwimmbad, etc.),59,7695,nein,,,,Kein bioklimatisches Belastungspotential bzw. klimatischer Komfortbereich,Gute Durchlueftung; vorwiegend geringe bis keine bioklimatische Belastung,0200020211000000,,
002022,Hinterhof,92,7203,nein,,,421,Bioklimatisches Belastungspotential maessig in Einzelfaellen hoch,Sehr hohe Empfindlichkeit gegenueber Nutzungsintensivierung; keine weitere Verdichtung; klimaverbessernde Massnahmen einleiten,0200020221000100,001,
002022,Baumschule,15,8350,nein,Block ist Bestandteil einer klimaoekologisch relevanten Gruenflaecheneinheit,,421,Gruen- und Freiflaeche mit sehr hoher stadtklimatischer Bedeutung,Hoechste Empfindlichkeit gegenueber Nutzungsintensivierung; Vermeidung von Austauschbarrieren gegenueber bebauten Randbereichen,0200020221000200,002,
002023,Hinterhof,91,22371,nein,,,939,Bioklimatisches Belastungspotential maessig in Einzelfaellen hoch,Sehr hohe Empfindlichkeit gegenueber Nutzungsintensivierung; keine weitere Verdichtung; klimaverbessernde Massnahmen einleiten,0200020231000000,,
002024,Ungeordneter Wiederaufbau,68,14129,nein,,,557,Bioklimatisches Belastungspotential maessig in Einzelfaellen hoch,Sehr hohe Empfindlichkeit gegenueber Nutzungsintensivierung; keine weitere Verdichtung; klimaverbessernde Massnahmen einleiten,0200020241000000,,
002025,Hinterhof,77,20767,nein,,,486,Bioklimatisches Belastungspotential maessig in Einzelfaellen hoch,Sehr hohe Empfindlichkeit gegenueber Nutzungsintensivierung; keine weitere Verdichtung; klimaverbessernde Massnahmen einleiten,0200020251000000,,
002026,Geschlossener Hinterhof,92,14104,nein,,,733,Bioklimatisches Belastungspotential maessig in Einzelfaellen hoch,Sehr hohe Empfindlichkeit gegenueber Nutzungsintensivierung; keine weitere Verdichtung; klimaverbessernde Massnahmen einleiten,0200020261000000,,
002028,Hinterhof,74,27964,nein,,,349,Bioklimatisches Belastungspotential maessig in Einzelfaellen hoch,Sehr hohe Empfindlichkeit gegenueber Nutzungsintensivierung; keine weitere Verdichtung; klimaverbessernde Massnahmen einleiten,0200020281000000,,
002029,Gemeinbedarf allgemein,75,3272,nein,,,,Bioklimatisches Belastungspotential maessig in Einzelfaellen hoch,Sehr hohe Empfindlichkeit gegenueber Nutzungsintensivierung; keine weitere Verdichtung; klimaverbessernde Massnahmen einleiten,0200020291000000,,
002030,Geschlossener Hinterhof,92,20445,ja,,,839,Bioklimatisches Belastungspotential maessig in Einzelfaellen hoch,Sehr hohe Empfindlichkeit gegenueber Nutzungsintensivierung; keine weitere Verdichtung; klimaverbessernde Massnahmen einleiten,0200020301000000,,Lage an einem Abschnitt mit moeglicher verkehrsbedingter Luftbelastung
002032,Hinterhof,79,20830,ja,,,760,Bioklimatisches Belastungspotential maessig in Einzelfaellen hoch,Sehr hohe Empfindlichkeit gegenueber Nutzungsintensivierung; keine weitere Verdichtung; klimaverbessernde Massnahmen einleiten,0200020321000000,,Lage an einem Abschnitt mit moeglicher verkehrsbedingter Luftbelastung
002033,Hinterhof,72,17191,nein,,,1175,Bioklimatisches Belastungspotential maessig in Einzelfaellen hoch,Sehr hohe Empfindlichkeit gegenueber Nutzungsintensivierung; keine weitere Verdichtung; klimaverbessernde Massnahmen einleiten,0200020331000100,001,
002033,Behutsame Sanierung,79,9321,nein,,,1175,Bioklimatisches Belastungspotential gering in Einzelfaellen maessig,Hohe Empfindlichkeit gegenueber Nutzungsintensivierung; keine weitere Verdichtung klimaverbessernde Massnahmen einleiten,0200020331000200,002,
002033,Gruenanlage Park,10,12651,nein,Block ist Bestandteil einer klimaoekologisch relevanten Gruenflaecheneinheit,,1175,Gruen- und Freiflaeche mit sehr hoher stadtklimatischer Bedeutung,Hoechste Empfindlichkeit gegenueber Nutzungsintensivierung; Vermeidung von Austauschbarrieren gegenueber bebauten Randbereichen,0200020331000300,003,
002034,Kindertagesstaette (KITA),54,15555,nein,,,323,Bioklimatisches Belastungspotential gering in Einzelfaellen maessig,Hohe Empfindlichkeit gegenueber Nutzungsintensivierung; keine weitere Verdichtung klimaverbessernde Massnahmen einleiten,0200020341000000,,
002035,Hinterhof,80,17515,nein,,,696,Bioklimatisches Belastungspotential gering in Einzelfaellen maessig,Hohe Empfindlichkeit gegenueber Nutzungsintensivierung; keine weitere Verdichtung klimaverbessernde Massnahmen einleiten,0200020351000000,,
002036,Hinterhof,85,42830,ja,,,1355,Kein bioklimatisches Belastungspotential bzw. klimatischer Komfortbereich,Gute Durchlueftung; vorwiegend geringe bis keine bioklimatische Belastung,0200020361000000,,Lage an einem Abschnitt mit moeglicher verkehrsbedingter Luftbelastung
002037,Hinterhof,85,23839,ja,,,1106,Bioklimatisches Belastungspotential maessig in Einzelfaellen hoch,Sehr hohe Empfindlichkeit gegenueber Nutzungsintensivierung; keine weitere Verdichtung; klimaverbessernde Massnahmen einleiten,0200020371000000,,Lage an einem Abschnitt mit moeglicher verkehrsbedingter Luftbelastung
002038,Geschlossener Hinterhof,84,4917,nein,,,216,Bioklimatisches Belastungspotential maessig in Einzelfaellen hoch,Sehr hohe Empfindlichkeit gegenueber Nutzungsintensivierung; keine weitere Verdichtung; klimaverbessernde Massnahmen einleiten,0200020381000000,,
002039,Hinterhof,89,20538,nein,,,945,Bioklimatisches Belastungspotential gering in Einzelfaellen maessig,Hohe Empfindlichkeit gegenueber Nutzungsintensivierung; keine weitere Verdichtung klimaverbessernde Massnahmen einleiten,0200020391000000,,
002040,Geschlossener Hinterhof,90,9070,ja,,,526,Bioklimatisches Belastungspotential gering in Einzelfaellen maessig,Hohe Empfindlichkeit gegenueber Nutzungsintensivierung; keine weitere Verdichtung klimaverbessernde Massnahmen einleiten,0200020401000000,,Lage an einem Abschnitt mit moeglicher verkehrsbedingter Luftbelastung
002046,Hinterhof,83,35811,nein,,,1032,Bioklimatisches Belastungspotential maessig in Einzelfaellen hoch,Sehr hohe Empfindlichkeit gegenueber Nutzungsintensivierung; keine weitere Verdichtung; klimaverbessernde Massnahmen einleiten,0200020461000000,,
002047,Hinterhof,85,39451,ja,,,1708,Bioklimatisches Belastungspotential maessig in Einzelfaellen hoch,Sehr hohe Empfindlichkeit gegenueber Nutzungsintensivierung; keine weitere Verdichtung; klimaverbessernde Massnahmen einleiten,0200020471000000,,Lage an einem Abschnitt mit moeglicher verkehrsbedingter Luftbelastung
002048,Hinterhof,89,27345,ja,,,1381,Bioklimatisches Belastungspotential gering in Einzelfaellen maessig,Hohe Empfindlichkeit gegenueber Nutzungsintensivierung; keine weitere Verdichtung klimaverbessernde Massnahmen einleiten,0200020481000100,001,Lage an einem Abschnitt mit moeglicher verkehrsbedingter Luftbelastung
002048,Hinterhof,89,23523,ja,,,1381,Bioklimatisches Belastungspotential gering in Einzelfaellen maessig,Hohe Empfindlichkeit gegenueber Nutzungsintensivierung; keine weitere Verdichtung klimaverbessernde Massnahmen einleiten,0200020481000200,002,Lage an einem Abschnitt mit moeglicher verkehrsbedingter Luftbelastung
002049,Nachkriegsblockrand,78,29361,nein,,,1025,Bioklimatisches Belastungspotential maessig in Einzelfaellen hoch,Sehr hohe Empfindlichkeit gegenueber Nutzungsintensivierung; keine weitere Verdichtung; klimaverbessernde Massnahmen einleiten,0200020491000000,,
002050,Kindertagesstaette (KITA),78,21837,nein,,,397,Bioklimatisches Belastungspotential gering in Einzelfaellen maessig,Hohe Empfindlichkeit gegenueber Nutzungsintensivierung; keine weitere Verdichtung klimaverbessernde Massnahmen einleiten,0200020501000000,,
002051,Hinterhof,86,24827,nein,,,820,Bioklimatisches Belastungspotential gering in Einzelfaellen maessig,Hohe Empfindlichkeit gegenueber Nutzungsintensivierung; keine weitere Verdichtung klimaverbessernde Massnahmen einleiten,0200020511000000,,
002052,Hinterhof,61,16585,nein,,,421,Bioklimatisches Belastungspotential maessig in Einzelfaellen hoch,Sehr hohe Empfindlichkeit gegenueber Nutzungsintensivierung; keine weitere Verdichtung; klimaverbessernde Massnahmen einleiten,0200020521000000,,
002053,Hinterhof,84,13012,nein,,,664,Kein bioklimatisches Belastungspotential bzw. klimatischer Komfortbereich,Gute Durchlueftung; vorwiegend geringe bis keine bioklimatische Belastung,0200020531000000,,
002054,Hinterhof,86,28553,ja,,,1001,Bioklimatisches Belastungspotential maessig in Einzelfaellen hoch,Sehr hohe Empfindlichkeit gegenueber Nutzungsintensivierung; keine weitere Verdichtung; klimaverbessernde Massnahmen einleiten,0200020541000000,,Lage an einem Abschnitt mit moeglicher verkehrsbedingter Luftbelastung
002055,Hinterhof,90,21829,ja,,,595,Kein bioklimatisches Belastungspotential bzw. klimatischer Komfortbereich,Geringe bioklimatische Belastung. Hohe Empfindlichkeit gegenueber Nutzungsintensivierungen,0200020551000000,,Lage an einem Abschnitt mit moeglicher verkehrsbedingter Luftbelastung
002056,Hinterhof,89,23765,ja,,,665,Kein bioklimatisches Belastungspotential bzw. klimatischer Komfortbereich,Gute Durchlueftung; vorwiegend geringe bis keine bioklimatische Belastung,0200020561000000,,Lage an einem Abschnitt mit moeglicher verkehrsbedingter Luftbelastung
002057,Kerngebiet,100,5496,nein,,,13,Bioklimatisches Belastungspotential gering in Einzelfaellen maessig,Hohe Empfindlichkeit gegenueber Nutzungsintensivierung; keine weitere Verdichtung klimaverbessernde Massnahmen einleiten,0200020571000000,,
002058,Verwaltung,92,5360,ja,,,,Bioklimatisches Belastungspotential gering in Einzelfaellen maessig,Hohe Empfindlichkeit gegenueber Nutzungsintensivierung; keine weitere Verdichtung klimaverbessernde Massnahmen einleiten,0200020581000000,,Lage an einem Abschnitt mit moeglicher verkehrsbedingter Luftbelastung
002059,Hinterhof,88,5111,nein,,,331,Bioklimatisches Belastungspotential gering in Einzelfaellen maessig,Hohe Empfindlichkeit gegenueber Nutzungsintensivierung; keine weitere Verdichtung klimaverbessernde Massnahmen einleiten,0200020591000000,,
002060,Hinterhof,90,13030,nein,,,446,Kein bioklimatisches Belastungspotential bzw. klimatischer Komfortbereich,Gute Durchlueftung; vorwiegend geringe bis keine bioklimatische Belastung,0200020601000000,,
002061,Nachkriegsblockrand,88,17690,ja,,,478,Kein bioklimatisches Belastungspotential bzw. klimatischer Komfortbereich,Gute Durchlueftung; vorwiegend geringe bis keine bioklimatische Belastung,0200020611000000,,Lage an einem Abschnitt mit moeglicher verkehrsbedingter Luftbelastung
002062,Mischgebiet 2  bebaute Flaeche >= 50%,91,35577,ja,,,752,Bioklimatisches Belastungspotential maessig in Einzelfaellen hoch,Sehr hohe Empfindlichkeit gegenueber Nutzungsintensivierung; keine weitere Verdichtung; klimaverbessernde Massnahmen einleiten,0200020621000000,,Lage an einem Abschnitt mit moeglicher verkehrsbedingter Luftbelastung
002063,Hinterhof,88,11851,nein,,,1120,Bioklimatisches Belastungspotential maessig in Einzelfaellen hoch,Sehr hohe Empfindlichkeit gegenueber Nutzungsintensivierung; keine weitere Verdichtung; klimaverbessernde Massnahmen einleiten,0200020631000100,001,
002063,Krankenhaus,61,92543,nein,,,1120,Bioklimatisches Belastungspotential gering,Gute Durchlueftung; vorwiegend geringe bis keine bioklimatische Belastung,0200020631000200,002,
002063,Hinterhof,60,20634,nein,,,1120,Bioklimatisches Belastungspotential gering in Einzelfaellen maessig,Hohe Empfindlichkeit gegenueber Nutzungsintensivierung; keine weitere Verdichtung klimaverbessernde Massnahmen einleiten,0200020631000300,003,
002077,Hinterhof,81,27517,ja,,,1234,Bioklimatisches Belastungspotential maessig in Einzelfaellen hoch,Sehr hohe Empfindlichkeit gegenueber Nutzungsintensivierung; keine weitere Verdichtung; klimaverbessernde Massnahmen einleiten,0200020771000000,,Lage an einem Abschnitt mit moeglicher verkehrsbedingter Luftbelastung
002078,Hinterhof,79,17226,ja,,,488,Kein bioklimatisches Belastungspotential bzw. klimatischer Komfortbereich,Gute Durchlueftung; vorwiegend geringe bis keine bioklimatische Belastung,0200020781000000,,Lage an einem Abschnitt mit moeglicher verkehrsbedingter Luftbelastung
002079,Hinterhof,93,31859,ja,,,1097,Kein bioklimatisches Belastungspotential bzw. klimatischer Komfortbereich,Gute Durchlueftung; vorwiegend geringe bis keine bioklimatische Belastung,0200020791000100,001,Lage an einem Abschnitt mit moeglicher verkehrsbedingter Luftbelastung
002079,Altbau-Schule (Baujahr vor 1945),91,9409,ja,,,1097,Bioklimatisches Belastungspotential gering in Einzelfaellen maessig,Hohe Empfindlichkeit gegenueber Nutzungsintensivierung; keine weitere Verdichtung klimaverbessernde Massnahmen einleiten,0200020791000200,002,Lage an einem Abschnitt mit moeglicher verkehrsbedingter Luftbelastung
002080,Mischgebiet 2  bebaute Flaeche >= 50%,92,33211,ja,,,369,Bioklimatisches Belastungspotential gering in Einzelfaellen maessig,Hohe Empfindlichkeit gegenueber Nutzungsintensivierung; keine weitere Verdichtung klimaverbessernde Massnahmen einleiten,0200020801000000,,Lage an einem Abschnitt mit moeglicher verkehrsbedingter Luftbelastung
002081,Hinterhof,89,20197,ja,,,938,Kein bioklimatisches Belastungspotential bzw. klimatischer Komfortbereich,Gute Durchlueftung; vorwiegend geringe bis keine bioklimatische Belastung,0200020811000000,,Lage an einem Abschnitt mit moeglicher verkehrsbedingter Luftbelastung
002082,Hinterhof,85,37106,ja,,,1591,Kein bioklimatisches Belastungspotential bzw. klimatischer Komfortbereich,Gute Durchlueftung; vorwiegend geringe bis keine bioklimatische Belastung,0200020821000000,,Lage an einem Abschnitt mit moeglicher verkehrsbedingter Luftbelastung
002083,Hinterhof,87,7472,ja,,,237,Bioklimatisches Belastungspotential gering,Gute Durchlueftung; vorwiegend geringe bis keine bioklimatische Belastung,0200020831000100,001,Lage an einem Abschnitt mit moeglicher verkehrsbedingter Luftbelastung
002083,Gruenanlage Park,10,19612,nein,Block ist Bestandteil einer klimaoekologisch relevanten Gruenflaecheneinheit,,237,Gruen- und Freiflaeche mit sehr hoher stadtklimatischer Bedeutung,Hoechste Empfindlichkeit gegenueber Nutzungsintensivierung; Vermeidung von Austauschbarrieren gegenueber bebauten Randbereichen,0200020831000200,002,
002501,Parkplatz,15,3175,nein,,,,,,0200025011000000,,
002502,Parkplatz,15,3533,nein,,,,,,0200025021000000,,
003084,Gruenanlage Park,50,11978,nein,Block ist Bestandteil einer klimaoekologisch relevanten Gruenflaecheneinheit,,,Gruen- und Freiflaeche mit sehr hoher stadtklimatischer Bedeutung,Hoechste Empfindlichkeit gegenueber Nutzungsintensivierung; Vermeidung von Austauschbarrieren gegenueber bebauten Randbereichen,0200030841000000,,
003085,Gruenanlage Park,10,39950,nein,Block ist Bestandteil einer klimaoekologisch relevanten Gruenflaecheneinheit,,23,Gruen- und Freiflaeche mit sehr hoher stadtklimatischer Bedeutung,Hoechste Empfindlichkeit gegenueber Nutzungsintensivierung; Vermeidung von Austauschbarrieren gegenueber bebauten Randbereichen,0200030851000100,001,
003085,Altbau-Schule (Baujahr vor 1945),54,30656,nein,,,23,Bioklimatisches Belastungspotential gering,Gute Durchlueftung; vorwiegend geringe bis keine bioklimatische Belastung,0200030851000200,002,
003095,Altbau-Schule (Baujahr vor 1945),80,12786,nein,,,74,Kein bioklimatisches Belastungspotential bzw. klimatischer Komfortbereich,Gute Durchlueftung; vorwiegend geringe bis keine bioklimatische Belastung,0200030951000000,,
003096,Nachkriegsblockrand,72,7742,nein,,,236,Kein bioklimatisches Belastungspotential bzw. klimatischer Komfortbereich,Geringe bioklimatische Belastung. Hohe Empfindlichkeit gegenueber Nutzungsintensivierungen,0200030961000000,,
003097,Nachkriegsblockrand,77,11165,nein,,,493,Kein bioklimatisches Belastungspotential bzw. klimatischer Komfortbereich,Geringe bioklimatische Belastung. Hohe Empfindlichkeit gegenueber Nutzungsintensivierungen,0200030971000000,,
003098,Altbau-Schule (Baujahr vor 1945),75,18069,nein,,,271,Kein bioklimatisches Belastungspotential bzw. klimatischer Komfortbereich,Geringe bioklimatische Belastung. Hohe Empfindlichkeit gegenueber Nutzungsintensivierungen,0200030981000000,,
003099,Hinterhof,82,31606,ja,,,1111,Bioklimatisches Belastungspotential maessig in Einzelfaellen hoch,Sehr hohe Empfindlichkeit gegenueber Nutzungsintensivierung; keine weitere Verdichtung; klimaverbessernde Massnahmen einleiten,0200030991000000,,Lage an einem Abschnitt mit moeglicher verkehrsbedingter Luftbelastung
003100,Nachkriegsblockrand,61,6609,nein,,,243,Bioklimatisches Belastungspotential maessig in Einzelfaellen hoch,Sehr hohe Empfindlichkeit gegenueber Nutzungsintensivierung; keine weitere Verdichtung; klimaverbessernde Massnahmen einleiten,0200031001000000,,
003101,Stadtplatz,10,3089,nein,,,,,,0200031011000000,,
003102,Nachkriegsblockrand,65,10966,nein,,,395,Bioklimatisches Belastungspotential gering in Einzelfaellen maessig,Hohe Empfindlichkeit gegenueber Nutzungsintensivierung; keine weitere Verdichtung klimaverbessernde Massnahmen einleiten,0200031021000000,,
003103,Mischgebiet 2  bebaute Flaeche >= 50%,94,11346,nein,,,189,Bioklimatisches Belastungspotential gering in Einzelfaellen maessig,Hohe Empfindlichkeit gegenueber Nutzungsintensivierung; keine weitere Verdichtung klimaverbessernde Massnahmen einleiten,0200031031000000,,
003104,Hinterhof,85,44350,ja,,,1801,Bioklimatisches Belastungspotential maessig in Einzelfaellen hoch,Sehr hohe Empfindlichkeit gegenueber Nutzungsintensivierung; keine weitere Verdichtung; klimaverbessernde Massnahmen einleiten,0200031041000000,,Lage an einem Abschnitt mit moeglicher verkehrsbedingter Luftbelastung
003105,Sport (mit Tennis Schwimmbad, etc.),74,34158,nein,,,,Bioklimatisches Belastungspotential gering in Einzelfaellen maessig,Hohe Empfindlichkeit gegenueber Nutzungsintensivierung; keine weitere Verdichtung klimaverbessernde Massnahmen einleiten,0200031051000000,,
003106,Nachkriegsblockrand,54,14950,nein,,,535,Bioklimatisches Belastungspotential maessig in Einzelfaellen hoch,Sehr hohe Empfindlichkeit gegenueber Nutzungsintensivierung; keine weitere Verdichtung; klimaverbessernde Massnahmen einleiten,0200031061000000,,
003107,Nachkriegsblockrand,79,10235,nein,,,410,Bioklimatisches Belastungspotential gering in Einzelfaellen maessig,Hohe Empfindlichkeit gegenueber Nutzungsintensivierung; keine weitere Verdichtung klimaverbessernde Massnahmen einleiten,0200031071000000,,
003108,Nachkriegsblockrand,46,11754,nein,,,397,Bioklimatisches Belastungspotential gering in Einzelfaellen maessig,Hohe Empfindlichkeit gegenueber Nutzungsintensivierung; keine weitere Verdichtung klimaverbessernde Massnahmen einleiten,0200031081000000,,
003109,Hinterhof,73,18667,nein,,,859,Bioklimatisches Belastungspotential gering in Einzelfaellen maessig,Hohe Empfindlichkeit gegenueber Nutzungsintensivierung; keine weitere Verdichtung klimaverbessernde Massnahmen einleiten,0200031091000000,,
003110,Hinterhof,87,26884,nein,,,738,Bioklimatisches Belastungspotential gering in Einzelfaellen maessig,Hohe Empfindlichkeit gegenueber Nutzungsintensivierung; keine weitere Verdichtung klimaverbessernde Massnahmen einleiten,0200031101000000,,
003111,Hinterhof,87,13931,nein,,,536,Bioklimatisches Belastungspotential maessig in Einzelfaellen hoch,Sehr hohe Empfindlichkeit gegenueber Nutzungsintensivierung; keine weitere Verdichtung; klimaverbessernde Massnahmen einleiten,0200031111000000,,
003112,Hinterhof,87,13839,nein,,,566,Bioklimatisches Belastungspotential gering in Einzelfaellen maessig,Hohe Empfindlichkeit gegenueber Nutzungsintensivierung; keine weitere Verdichtung klimaverbessernde Massnahmen einleiten,0200031121000000,,
003113,Hinterhof,73,25970,ja,,,774,Kein bioklimatisches Belastungspotential bzw. klimatischer Komfortbereich,Gute Durchlueftung; vorwiegend geringe bis keine bioklimatische Belastung,0200031131000000,,Lage an einem Abschnitt mit moeglicher verkehrsbedingter Luftbelastung
003114,Hinterhof,85,12603,nein,,,551,Bioklimatisches Belastungspotential gering in Einzelfaellen maessig,Hohe Empfindlichkeit gegenueber Nutzungsintensivierung; keine weitere Verdichtung klimaverbessernde Massnahmen einleiten,0200031141000000,,
003115,Hinterhof,61,13847,ja,,,547,Bioklimatisches Belastungspotential maessig in Einzelfaellen hoch,Sehr hohe Empfindlichkeit gegenueber Nutzungsintensivierung; keine weitere Verdichtung; klimaverbessernde Massnahmen einleiten,0200031151000000,,Lage an einem Abschnitt mit moeglicher verkehrsbedingter Luftbelastung
003116,Industrie/Gewerbegebiet B bebaute Flaeche >= 50%,92,49730,ja,,,588,Bioklimatisches Belastungspotential gering in Einzelfaellen maessig,Hohe Empfindlichkeit gegenueber Nutzungsintensivierung; keine weitere Verdichtung klimaverbessernde Massnahmen einleiten,0200031161000100,001,Lage an einem Abschnitt mit moeglicher verkehrsbedingter Luftbelastung
003116,Verwaltung,85,30067,nein,,,588,Kein bioklimatisches Belastungspotential bzw. klimatischer Komfortbereich,Gute Durchlueftung; vorwiegend geringe bis keine bioklimatische Belastung,0200031161000200,002,
003116,Hinterhof,96,8847,nein,,,588,Kein bioklimatisches Belastungspotential bzw. klimatischer Komfortbereich,Gute Durchlueftung; vorwiegend geringe bis keine bioklimatische Belastung,0200031161000300,003,
003116,Hinterhof,78,11030,ja,,,588,Kein bioklimatisches Belastungspotential bzw. klimatischer Komfortbereich,Gute Durchlueftung; vorwiegend geringe bis keine bioklimatische Belastung,0200031161000400,004,Lage an einem Abschnitt mit moeglicher verkehrsbedingter Luftbelastung
003117,Hinterhof,89,21254,nein,,,908,Kein bioklimatisches Belastungspotential bzw. klimatischer Komfortbereich,Gute Durchlueftung; vorwiegend geringe bis keine bioklimatische Belastung,0200031171000000,,
003135,Zeilenbebauung der 50er bis 70 Jahre,55,20123,nein,,,1208,Bioklimatisches Belastungspotential gering in Einzelfaellen maessig,Hohe Empfindlichkeit gegenueber Nutzungsintensivierung; keine weitere Verdichtung klimaverbessernde Massnahmen einleiten,0200031351000000,,
003140,Zeilenbebauung der 50er bis 70 Jahre,44,42993,nein,,,903,Kein bioklimatisches Belastungspotential bzw. klimatischer Komfortbereich,Gute Durchlueftung; vorwiegend geringe bis keine bioklimatische Belastung,0200031401000000,,
003141,Nachkriegsblockrand,56,28679,nein,,,837,Kein bioklimatisches Belastungspotential bzw. klimatischer Komfortbereich,Gute Durchlueftung; vorwiegend geringe bis keine bioklimatische Belastung,0200031411000000,,
003142,Nachkriegsblockrand,52,11187,nein,,,150,Kein bioklimatisches Belastungspotential bzw. klimatischer Komfortbereich,Gute Durchlueftung; vorwiegend geringe bis keine bioklimatische Belastung,0200031421000000,,
003144,Kultur,28,5378,nein,,,,Kein bioklimatisches Belastungspotential bzw. klimatischer Komfortbereich,Gute Durchlueftung; vorwiegend geringe bis keine bioklimatische Belastung,0200031441000000,,
003501,,0,855,nein,,,,,,0200035011000000,,
003502,,0,1665,nein,,,,,,0200035021000000,,
003503,,0,1822,nein,,,,,,0200035031000000,,
003506,Gruenanlage Park,15,1208,nein,Block ist Bestandteil einer klimaoekologisch relevanten Gruenflaecheneinheit,,,Gruen- und Freiflaeche mit geringer stadtklimatischer Bedeutung,Geringe Empfindlichkeit gegenueber Nutzungsintensivierung; massvolle Bebauung die den Luftaustausch nicht beeintraechtigt, ist moeglich,0200035061000000,,
003507,Gruenanlage Park,15,1635,nein,Block ist Bestandteil einer klimaoekologisch relevanten Gruenflaecheneinheit,,,Gruen- und Freiflaeche mit geringer stadtklimatischer Bedeutung,Geringe Empfindlichkeit gegenueber Nutzungsintensivierung; massvolle Bebauung die den Luftaustausch nicht beeintraechtigt, ist moeglich,0200035071000000,,
003508,Gruenanlage Park,15,1475,nein,Block ist Bestandteil einer klimaoekologisch relevanten Gruenflaecheneinheit,,,Gruen- und Freiflaeche mit geringer stadtklimatischer Bedeutung,Geringe Empfindlichkeit gegenueber Nutzungsintensivierung; massvolle Bebauung die den Luftaustausch nicht beeintraechtigt, ist moeglich,0200035081000000,,
003509,Gruenanlage Park,15,1275,nein,Block ist Bestandteil einer klimaoekologisch relevanten Gruenflaecheneinheit,,,Gruen- und Freiflaeche mit geringer stadtklimatischer Bedeutung,Geringe Empfindlichkeit gegenueber Nutzungsintensivierung; massvolle Bebauung die den Luftaustausch nicht beeintraechtigt, ist moeglich,0200035091000000,,
003510,,0,5752,nein,,,,,,0200035101000000,,
003511,Gruenanlage Park,15,3616,nein,,,,,,0200035111000000,,
003602,Gruenanlage Park,10,8589,nein,Block ist Bestandteil einer klimaoekologisch relevanten Gruenflaecheneinheit,,5,Gruen- und Freiflaeche mit geringer stadtklimatischer Bedeutung,Geringe Empfindlichkeit gegenueber Nutzungsintensivierung; massvolle Bebauung die den Luftaustausch nicht beeintraechtigt, ist moeglich,0200036021000100,001,
003602,Altbau-Schule (Baujahr vor 1945),72,25644,nein,,,5,Kein bioklimatisches Belastungspotential bzw. klimatischer Komfortbereich,Gute Durchlueftung; vorwiegend geringe bis keine bioklimatische Belastung,0200036021000200,002,
003603,Zeilenbebauung der 50er bis 70 Jahre,42,19700,nein,,,271,Kein bioklimatisches Belastungspotential bzw. klimatischer Komfortbereich,Gute Durchlueftung; vorwiegend geringe bis keine bioklimatische Belastung,0200036031000000,,
003604,Zeilenbebauung der 50er bis 70 Jahre,30,19046,nein,,,452,Kein bioklimatisches Belastungspotential bzw. klimatischer Komfortbereich,Gute Durchlueftung; vorwiegend geringe bis keine bioklimatische Belastung,0200036041000100,001,
003604,Sanierung Entkernung,95,15345,nein,,,452,Bioklimatisches Belastungspotential gering in Einzelfaellen maessig,Hohe Empfindlichkeit gegenueber Nutzungsintensivierung; keine weitere Verdichtung klimaverbessernde Massnahmen einleiten,0200036041000200,002,
003605,Zeilenbebauung der 50er bis 70 Jahre,30,6730,nein,,,60,Kein bioklimatisches Belastungspotential bzw. klimatischer Komfortbereich,Gute Durchlueftung; vorwiegend geringe bis keine bioklimatische Belastung,0200036051000000,,
003606,Zeilenbebauung der 50er bis 70 Jahre,32,26366,nein,,,378,Kein bioklimatisches Belastungspotential bzw. klimatischer Komfortbereich,Gute Durchlueftung; vorwiegend geringe bis keine bioklimatische Belastung,0200036061000100,001,
003606,Kultur,51,19469,nein,,,378,Kein bioklimatisches Belastungspotential bzw. klimatischer Komfortbereich,Gute Durchlueftung; vorwiegend geringe bis keine bioklimatische Belastung,0200036061000200,002,
003607,Zeilenbebauung der 50er bis 70 Jahre,24,35104,nein,,,197,Kein bioklimatisches Belastungspotential bzw. klimatischer Komfortbereich,Gute Durchlueftung; vorwiegend geringe bis keine bioklimatische Belastung,0200036071000000,,
003608,Zeilenbebauung der 50er bis 70 Jahre,38,26645,nein,,,251,Kein bioklimatisches Belastungspotential bzw. klimatischer Komfortbereich,Gute Durchlueftung; vorwiegend geringe bis keine bioklimatische Belastung,0200036081000000,,
003609,Zeilenbebauung der 50er bis 70 Jahre,34,26275,nein,,,283,Kein bioklimatisches Belastungspotential bzw. klimatischer Komfortbereich,Gute Durchlueftung; vorwiegend geringe bis keine bioklimatische Belastung,0200036091000000,,
003616,Nachkriegsblockrand,58,15018,nein,,,177,Bioklimatisches Belastungspotential gering,Gute Durchlueftung; vorwiegend geringe bis keine bioklimatische Belastung,0200036161000000,,
003640,Ungeordneter Wiederaufbau,59,18956,nein,,,732,Kein bioklimatisches Belastungspotential bzw. klimatischer Komfortbereich,Gute Durchlueftung; vorwiegend geringe bis keine bioklimatische Belastung,0200036401000100,001,
003640,Kirche,43,8250,nein,,,732,Bioklimatisches Belastungspotential gering in Einzelfaellen maessig,Hohe Empfindlichkeit gegenueber Nutzungsintensivierung; keine weitere Verdichtung klimaverbessernde Massnahmen einleiten,0200036401000200,002,
003640,Gruenanlage Park,10,6113,nein,Block ist Bestandteil einer klimaoekologisch relevanten Gruenflaecheneinheit,,732,Gruen- und Freiflaeche mit geringer stadtklimatischer Bedeutung,Geringe Empfindlichkeit gegenueber Nutzungsintensivierung; massvolle Bebauung die den Luftaustausch nicht beeintraechtigt, ist moeglich,0200036401000300,003,
003907,Gleiskoerper,100,18338,nein,,,,,,0200039071000000,,
003908,Gleiskoerper,85,10079,nein,,,,,,0200039081000100,001,
003908,Industrie/Gewerbegebiet A bebaute Flaeche <  50%,70,2178,nein,,,,Kein bioklimatisches Belastungspotential bzw. klimatischer Komfortbereich,Gute Durchlueftung; vorwiegend geringe bis keine bioklimatische Belastung,0200039081000200,002,
004156,Gruenanlage Park,12,94273,nein,Block ist Bestandteil einer klimaoekologisch relevanten Gruenflaecheneinheit,,,Gruen- und Freiflaeche mit sehr hoher stadtklimatischer Bedeutung,Hoechste Empfindlichkeit gegenueber Nutzungsintensivierung; Vermeidung von Austauschbarrieren gegenueber bebauten Randbereichen,0200041561000100,001,
004156,,0,2494,nein,,,,,,0200041561000300,003,
004156,Gruenanlage Park,22,85856,nein,Block ist Bestandteil einer klimaoekologisch relevanten Gruenflaecheneinheit,,,Gruen- und Freiflaeche mit sehr hoher stadtklimatischer Bedeutung,Hoechste Empfindlichkeit gegenueber Nutzungsintensivierung; Vermeidung von Austauschbarrieren gegenueber bebauten Randbereichen,0200041561000400,004,
004177,Stadtplatz,45,9303,nein,,,,,,0200041771000000,,
004178,Gruenanlage Park,10,10182,nein,Block ist Bestandteil einer klimaoekologisch relevanten Gruenflaecheneinheit,,,Gruen- und Freiflaeche mit sehr hoher stadtklimatischer Bedeutung,Hoechste Empfindlichkeit gegenueber Nutzungsintensivierung; Vermeidung von Austauschbarrieren gegenueber bebauten Randbereichen,0200041781000000,,
004180,Gruenanlage Park,10,91255,nein,Block ist Bestandteil einer klimaoekologisch relevanten Gruenflaecheneinheit,,,Gruen- und Freiflaeche mit sehr hoher stadtklimatischer Bedeutung,Hoechste Empfindlichkeit gegenueber Nutzungsintensivierung; Vermeidung von Austauschbarrieren gegenueber bebauten Randbereichen,0200041801000100,001,
004180,,0,41359,nein,,,,,,0200041801000600,006,
004610,Gruenanlage Park,10,100381,nein,Block ist Bestandteil einer klimaoekologisch relevanten Gruenflaecheneinheit,,101,Gruen- und Freiflaeche mit sehr hoher stadtklimatischer Bedeutung,Hoechste Empfindlichkeit gegenueber Nutzungsintensivierung; Vermeidung von Austauschbarrieren gegenueber bebauten Randbereichen,0200046101000100,001,
004610,,0,1092,nein,,,101,,,0200046101000200,002,
004610,,0,2341,nein,,,101,,,0200046101000300,003,
004611,Gruenanlage Park,10,71120,nein,Block ist Bestandteil einer klimaoekologisch relevanten Gruenflaecheneinheit,,,Gruen- und Freiflaeche mit sehr hoher stadtklimatischer Bedeutung,Hoechste Empfindlichkeit gegenueber Nutzungsintensivierung; Vermeidung von Austauschbarrieren gegenueber bebauten Randbereichen,0200046111000100,001,
004611,,0,10788,nein,,,,,,0200046111000200,002,
004611,Gruenanlage Park,10,158454,nein,Block ist Bestandteil einer klimaoekologisch relevanten Gruenflaecheneinheit,,,Gruen- und Freiflaeche mit sehr hoher stadtklimatischer Bedeutung,Hoechste Empfindlichkeit gegenueber Nutzungsintensivierung; Vermeidung von Austauschbarrieren gegenueber bebauten Randbereichen,0200046111000300,003,
004909,Gleiskoerper,100,3178,nein,,,,,,0200049091000000,,
009188,Hochschule/Forschung,82,13956,nein,,,15,Kein bioklimatisches Belastungspotential bzw. klimatischer Komfortbereich,Gute Durchlueftung; vorwiegend geringe bis keine bioklimatische Belastung,0300091881000000,,
009189,Geschlossener Hinterhof,91,24170,ja,,,1211,Kein bioklimatisches Belastungspotential bzw. klimatischer Komfortbereich,Gute Durchlueftung; vorwiegend geringe bis keine bioklimatische Belastung,0300091891000000,,Lage an einem Abschnitt mit moeglicher verkehrsbedingter Luftbelastung
009190,Geschlossener Hinterhof,93,30640,nein,,,1317,Bioklimatisches Belastungspotential maessig in Einzelfaellen hoch,Sehr hohe Empfindlichkeit gegenueber Nutzungsintensivierung; keine weitere Verdichtung; klimaverbessernde Massnahmen einleiten,0300091901000000,,
010185,Gruenanlage Park,10,28943,nein,Block ist Bestandteil einer klimaoekologisch relevanten Gruenflaecheneinheit,,,Gruen- und Freiflaeche mit sehr hoher stadtklimatischer Bedeutung,Hoechste Empfindlichkeit gegenueber Nutzungsintensivierung; Vermeidung von Austauschbarrieren gegenueber bebauten Randbereichen,0300101851000000,,
010186,Krankenhaus,54,336144,ja,,,70,Kein bioklimatisches Belastungspotential bzw. klimatischer Komfortbereich,Gute Durchlueftung; vorwiegend geringe bis keine bioklimatische Belastung,0300101861000000,,Lage an einem Abschnitt mit moeglicher verkehrsbedingter Luftbelastung
019013,Sicherheit/Ordnung Polizei,69,158988,nein,,,121,Bioklimatisches Belastungspotential gering,Gute Durchlueftung; vorwiegend geringe bis keine bioklimatische Belastung,0700190131000200,002,
019017,Industrie/Gewerbegebiet A bebaute Flaeche <  50%,54,41540,nein,,,,Kein bioklimatisches Belastungspotential bzw. klimatischer Komfortbereich,Gute Durchlueftung; vorwiegend geringe bis keine bioklimatische Belastung,0700190171000100,001,
019017,Ruderal-/Brachflaeche,7,15252,nein,Block ist Bestandteil einer klimaoekologisch relevanten Gruenflaecheneinheit,,,Gruen- und Freiflaeche mit mittlerer bis hoher stadtklimatischer Bedeutung,Hohe Empfindlichkeit gegenueber Nutzungsintensivierung; Luftaustausch mit der Umgebung erhalten,0700190171000200,002,
019017,Kleingarten Erschliessungsflaeche >= 10%,24,77436,nein,Block ist Bestandteil einer klimaoekologisch relevanten Gruenflaecheneinheit,,,Gruen- und Freiflaeche mit mittlerer bis hoher stadtklimatischer Bedeutung,Hohe Empfindlichkeit gegenueber Nutzungsintensivierung; Luftaustausch mit der Umgebung erhalten,0700190171000300,003,
019026,Ver- und Entsorgung,56,30902,ja,,,,Kein bioklimatisches Belastungspotential bzw. klimatischer Komfortbereich,Gute Durchlueftung; vorwiegend geringe bis keine bioklimatische Belastung,0700190261000000,,Lage an einem Abschnitt mit moeglicher verkehrsbedingter Luftbelastung
019601,Sport (mit Tennis Schwimmbad, etc.),12,10892,nein,Block ist Bestandteil einer klimaoekologisch relevanten Gruenflaecheneinheit,Kaltluftleitbahn mit sehr hoher Bedeutung fuer den Luftaustausch,262,Gruen- und Freiflaeche mit sehr hoher stadtklimatischer Bedeutung,Hoechste Empfindlichkeit gegenueber Nutzungsintensivierung; Vermeidung von Austauschbarrieren gegenueber bebauten Randbereichen,0700196011000100,001,
019601,Kleingarten Erschliessungsflaeche <  10%,26,449783,nein,Block ist Bestandteil einer klimaoekologisch relevanten Gruenflaecheneinheit,Kaltluftleitbahn mit sehr hoher Bedeutung fuer den Luftaustausch,262,Gruen- und Freiflaeche mit sehr hoher stadtklimatischer Bedeutung,Hoechste Empfindlichkeit gegenueber Nutzungsintensivierung; Vermeidung von Austauschbarrieren gegenueber bebauten Randbereichen,0700196011000200,002,
019606,Industrie/Gewerbegebiet A bebaute Flaeche <  50%,95,6705,nein,,,24,Kein bioklimatisches Belastungspotential bzw. klimatischer Komfortbereich,Gute Durchlueftung; vorwiegend geringe bis keine bioklimatische Belastung,0700196061000000,,
019653,Gruenanlage Park,10,7778,nein,Block ist Bestandteil einer klimaoekologisch relevanten Gruenflaecheneinheit,,,Gruen- und Freiflaeche mit sehr hoher stadtklimatischer Bedeutung,Hoechste Empfindlichkeit gegenueber Nutzungsintensivierung; Vermeidung von Austauschbarrieren gegenueber bebauten Randbereichen,0700196531000000,,
019680,Garten,29,50891,nein,Block ist Bestandteil einer klimaoekologisch relevanten Gruenflaecheneinheit,Kaltluftleitbahn mit sehr hoher Bedeutung fuer den Luftaustausch,140,Kein bioklimatisches Belastungspotential bzw. klimatischer Komfortbereich,Durchgruente Siedlung ist Bestandteil einer Gruenflaeche mit hoechster Empfindlichkeit,0700196801000200,002,
019680,Industrie/Gewerbegebiet A bebaute Flaeche <  50%,62,10426,nein,,,140,Kein bioklimatisches Belastungspotential bzw. klimatischer Komfortbereich,Gute Durchlueftung; vorwiegend geringe bis keine bioklimatische Belastung,0700196801000300,003,
019680,Kleingarten Erschliessungsflaeche <  10%,30,9425,nein,Block ist Bestandteil einer klimaoekologisch relevanten Gruenflaecheneinheit,,140,Gruen- und Freiflaeche mit sehr hoher stadtklimatischer Bedeutung,Hoechste Empfindlichkeit gegenueber Nutzungsintensivierung; Vermeidung von Austauschbarrieren gegenueber bebauten Randbereichen,0700196801000400,004,
019680,Industrie/Gewerbegebiet A bebaute Flaeche <  50%,89,49339,nein,,,140,Kein bioklimatisches Belastungspotential bzw. klimatischer Komfortbereich,Gute Durchlueftung; vorwiegend geringe bis keine bioklimatische Belastung,0700196801000500,005,
019680,Sicherheit/Ordnung Polizei,100,51831,nein,,,140,Bioklimatisches Belastungspotential gering,Gute Durchlueftung; vorwiegend geringe bis keine bioklimatische Belastung,0700196801000600,006,
019680,Kleingarten Erschliessungsflaeche >= 10%,25,73613,nein,Block ist Bestandteil einer klimaoekologisch relevanten Gruenflaecheneinheit,,140,Gruen- und Freiflaeche mit sehr hoher stadtklimatischer Bedeutung,Hoechste Empfindlichkeit gegenueber Nutzungsintensivierung; Vermeidung von Austauschbarrieren gegenueber bebauten Randbereichen,0700196801000700,007,
019680,Kleingarten Erschliessungsflaeche >= 10%,25,231740,nein,Block ist Bestandteil einer klimaoekologisch relevanten Gruenflaecheneinheit,Kaltluftleitbahn mit sehr hoher Bedeutung fuer den Luftaustausch,140,Gruen- und Freiflaeche mit sehr hoher stadtklimatischer Bedeutung,Hoechste Empfindlichkeit gegenueber Nutzungsintensivierung; Vermeidung von Austauschbarrieren gegenueber bebauten Randbereichen,0700196801000800,008,
019692,Ver- und Entsorgung,32,97173,nein,,,,Kein bioklimatisches Belastungspotential bzw. klimatischer Komfortbereich,Gute Durchlueftung; vorwiegend geringe bis keine bioklimatische Belastung,0700196921000000,,
019694,Kleingarten Erschliessungsflaeche >= 10%,28,86898,nein,Block ist Bestandteil einer klimaoekologisch relevanten Gruenflaecheneinheit,Kaltluftleitbahn mit sehr hoher Bedeutung fuer den Luftaustausch,38,Gruen- und Freiflaeche mit sehr hoher stadtklimatischer Bedeutung,Hoechste Empfindlichkeit gegenueber Nutzungsintensivierung; Vermeidung von Austauschbarrieren gegenueber bebauten Randbereichen,0700196941000000,,
019742,Kleingarten Erschliessungsflaeche <  10%,34,103474,nein,Block ist Bestandteil einer klimaoekologisch relevanten Gruenflaecheneinheit,,672,Gruen- und Freiflaeche mit sehr hoher stadtklimatischer Bedeutung,Hoechste Empfindlichkeit gegenueber Nutzungsintensivierung; Vermeidung von Austauschbarrieren gegenueber bebauten Randbereichen,0700197421000100,001,
019742,Ver- und Entsorgung,97,26930,ja,,,672,Kein bioklimatisches Belastungspotential bzw. klimatischer Komfortbereich,Gute Durchlueftung; vorwiegend geringe bis keine bioklimatische Belastung,0700197421000200,002,Lage an einem Abschnitt mit moeglicher verkehrsbedingter Luftbelastung
019742,Ver- und Entsorgung,85,33178,ja,,,672,Kein bioklimatisches Belastungspotential bzw. klimatischer Komfortbereich,Gute Durchlueftung; vorwiegend geringe bis keine bioklimatische Belastung,0700197421000300,003,Lage an einem Abschnitt mit moeglicher verkehrsbedingter Luftbelastung
019742,Industrie/Gewerbegebiet A bebaute Flaeche <  50%,95,18488,ja,,,672,Kein bioklimatisches Belastungspotential bzw. klimatischer Komfortbereich,Gute Durchlueftung; vorwiegend geringe bis keine bioklimatische Belastung,0700197421000400,004,Lage an einem Abschnitt mit moeglicher verkehrsbedingter Luftbelastung
019763,Industrie/Gewerbegebiet A bebaute Flaeche <  50%,76,23528,nein,,,8,Kein bioklimatisches Belastungspotential bzw. klimatischer Komfortbereich,Gute Durchlueftung; vorwiegend geringe bis keine bioklimatische Belastung,0700197631000000,,
019901,Gleiskoerper,85,10024,nein,,,,,,0700199011000100,001,
019901,Ruderal-/Brachflaeche,7,4918,nein,Block ist Bestandteil einer klimaoekologisch relevanten Gruenflaecheneinheit,,,Gruen- und Freiflaeche mit geringer stadtklimatischer Bedeutung,Geringe Empfindlichkeit gegenueber Nutzungsintensivierung; massvolle Bebauung die den Luftaustausch nicht beeintraechtigt, ist moeglich,0700199011000200,002,
019901,Gleiskoerper,85,11000,nein,,,,,,0700199011000300,003,
020051,Hinterhof,88,21754,ja,,,791,Bioklimatisches Belastungspotential gering,Gute Durchlueftung; vorwiegend geringe bis keine bioklimatische Belastung,0700200511000000,,Lage an einem Abschnitt mit moeglicher verkehrsbedingter Luftbelastung
020052,Hinterhof,87,10778,ja,,,386,Bioklimatisches Belastungspotential maessig in Einzelfaellen hoch,Sehr hohe Empfindlichkeit gegenueber Nutzungsintensivierung; keine weitere Verdichtung; klimaverbessernde Massnahmen einleiten,0700200521000000,,Lage an einem Abschnitt mit moeglicher verkehrsbedingter Luftbelastung
020053,Hinterhof,84,10012,ja,,,414,Bioklimatisches Belastungspotential maessig in Einzelfaellen hoch,Sehr hohe Empfindlichkeit gegenueber Nutzungsintensivierung; keine weitere Verdichtung; klimaverbessernde Massnahmen einleiten,0700200531000000,,Lage an einem Abschnitt mit moeglicher verkehrsbedingter Luftbelastung
020054,Gruenanlage Park,15,8615,nein,Block ist Bestandteil einer klimaoekologisch relevanten Gruenflaecheneinheit,,,Gruen- und Freiflaeche mit sehr hoher stadtklimatischer Bedeutung,Hoechste Empfindlichkeit gegenueber Nutzungsintensivierung; Vermeidung von Austauschbarrieren gegenueber bebauten Randbereichen,0700200541000000,,
020057,Grosshof und Zeilenbebauung der 20er und 30er Jahre (im Ostteil nur Grosshof),56,5572,nein,,,277,Bioklimatisches Belastungspotential maessig in Einzelfaellen hoch,Sehr hohe Empfindlichkeit gegenueber Nutzungsintensivierung; keine weitere Verdichtung; klimaverbessernde Massnahmen einleiten,0700200571000000,,
020058,Grosshof und Zeilenbebauung der 20er und 30er Jahre (im Ostteil nur Grosshof),100,5214,nein,,,296,Bioklimatisches Belastungspotential maessig in Einzelfaellen hoch,Sehr hohe Empfindlichkeit gegenueber Nutzungsintensivierung; keine weitere Verdichtung; klimaverbessernde Massnahmen einleiten,0700200581000000,,
020059,Grosshof und Zeilenbebauung der 20er und 30er Jahre (im Ostteil nur Grosshof),75,12211,nein,,,187,Bioklimatisches Belastungspotential maessig in Einzelfaellen hoch,Sehr hohe Empfindlichkeit gegenueber Nutzungsintensivierung; keine weitere Verdichtung; klimaverbessernde Massnahmen einleiten,0700200591000000,,
020672,Grosshof und Zeilenbebauung der 20er und 30er Jahre (im Ostteil nur Grosshof),75,13960,nein,,,414,Kein bioklimatisches Belastungspotential bzw. klimatischer Komfortbereich,Gute Durchlueftung; vorwiegend geringe bis keine bioklimatische Belastung,0700206721000000,,
020673,Grosshof und Zeilenbebauung der 20er und 30er Jahre (im Ostteil nur Grosshof),69,13491,nein,,,267,Bioklimatisches Belastungspotential maessig in Einzelfaellen hoch,Sehr hohe Empfindlichkeit gegenueber Nutzungsintensivierung; keine weitere Verdichtung; klimaverbessernde Massnahmen einleiten,0700206731000000,,
021060,Industrie/Gewerbegebiet A bebaute Flaeche <  50%,85,15741,nein,,,155,Bioklimatisches Belastungspotential gering in Einzelfaellen maessig,Hohe Empfindlichkeit gegenueber Nutzungsintensivierung; keine weitere Verdichtung klimaverbessernde Massnahmen einleiten,0700210601000000,,
021061,Zeilenbebauung der 50er bis 70 Jahre,35,13467,nein,,,38,Kein bioklimatisches Belastungspotential bzw. klimatischer Komfortbereich,Gute Durchlueftung; vorwiegend geringe bis keine bioklimatische Belastung,0700210611000100,001,
021061,Ver- und Entsorgung,95,69188,nein,,,38,Bioklimatisches Belastungspotential gering,Gute Durchlueftung; vorwiegend geringe bis keine bioklimatische Belastung,0700210611000200,002,
021061,Industrie/Gewerbegebiet A bebaute Flaeche <  50%,96,44872,nein,,,38,Bioklimatisches Belastungspotential gering in Einzelfaellen maessig,Hohe Empfindlichkeit gegenueber Nutzungsintensivierung; keine weitere Verdichtung klimaverbessernde Massnahmen einleiten,0700210611000300,003,
021062,Industrie/Gewerbegebiet A bebaute Flaeche <  50%,75,26256,nein,,,,Bioklimatisches Belastungspotential gering in Einzelfaellen maessig,Hohe Empfindlichkeit gegenueber Nutzungsintensivierung; keine weitere Verdichtung klimaverbessernde Massnahmen einleiten,0700210621000000,,
021065,Hochschule/Forschung,88,12990,nein,,,4,Bioklimatisches Belastungspotential maessig in Einzelfaellen hoch,Sehr hohe Empfindlichkeit gegenueber Nutzungsintensivierung; keine weitere Verdichtung; klimaverbessernde Massnahmen einleiten,0700210651000000,,
021066,Hinterhof,99,12681,ja,,,654,Bioklimatisches Belastungspotential maessig in Einzelfaellen hoch,Sehr hohe Empfindlichkeit gegenueber Nutzungsintensivierung; keine weitere Verdichtung; klimaverbessernde Massnahmen einleiten,0700210661000000,,Lage an einem Abschnitt mit moeglicher verkehrsbedingter Luftbelastung
021068,Hinterhof,92,17315,ja,,,466,Bioklimatisches Belastungspotential gering in Einzelfaellen maessig,Hohe Empfindlichkeit gegenueber Nutzungsintensivierung; keine weitere Verdichtung klimaverbessernde Massnahmen einleiten,0700210681000100,001,Lage an einem Abschnitt mit moeglicher verkehrsbedingter Luftbelastung
021068,Industrie/Gewerbegebiet A bebaute Flaeche <  50%,88,86911,ja,,,466,Bioklimatisches Belastungspotential gering in Einzelfaellen maessig,Hohe Empfindlichkeit gegenueber Nutzungsintensivierung; keine weitere Verdichtung klimaverbessernde Massnahmen einleiten,0700210681000200,002,Lage an einem Abschnitt mit moeglicher verkehrsbedingter Luftbelastung
021068,Hochschule/Forschung,88,37850,nein,,,466,Bioklimatisches Belastungspotential gering in Einzelfaellen maessig,Hohe Empfindlichkeit gegenueber Nutzungsintensivierung; keine weitere Verdichtung klimaverbessernde Massnahmen einleiten,0700210681000300,003,
021069,Industrie/Gewerbegebiet A bebaute Flaeche <  50%,92,168582,nein,,,,Bioklimatisches Belastungspotential gering,Gute Durchlueftung; vorwiegend geringe bis keine bioklimatische Belastung,0700210691000000,,
021501,,0,3461,nein,,,,,,0700215011000000,,
021502,,0,6187,nein,,,,,,0700215021000000,,
021503,Parkplatz,95,4291,nein,,,,,,0700215031000000,,
021504,,0,3517,nein,,,,,,0700215041000000,,
021657,Siedlung der 90er Jahre kompakt >= 4 Geschosse (Geschosswohnungsbau),88,13771,ja,,,1403,Kein bioklimatisches Belastungspotential bzw. klimatischer Komfortbereich,Gute Durchlueftung; vorwiegend geringe bis keine bioklimatische Belastung; hohe Empfindlichkeit gegenueber,0700216571000100,001,Lage an einem Abschnitt mit moeglicher verkehrsbedingter Luftbelastung
021657,Ver- und Entsorgung,96,38144,ja,,,1403,Bioklimatisches Belastungspotential gering in Einzelfaellen maessig,Hohe Empfindlichkeit gegenueber Nutzungsintensivierung; keine weitere Verdichtung klimaverbessernde Massnahmen einleiten,0700216571000200,002,Lage an einem Abschnitt mit moeglicher verkehrsbedingter Luftbelastung
021657,Industrie/Gewerbegebiet A bebaute Flaeche <  50%,95,41043,nein,,,1403,Bioklimatisches Belastungspotential gering in Einzelfaellen maessig,Hohe Empfindlichkeit gegenueber Nutzungsintensivierung; keine weitere Verdichtung klimaverbessernde Massnahmen einleiten,0700216571000300,003,
021657,Hochschule/Forschung,92,12530,nein,,,1403,Bioklimatisches Belastungspotential gering in Einzelfaellen maessig,Hohe Empfindlichkeit gegenueber Nutzungsintensivierung; keine weitere Verdichtung klimaverbessernde Massnahmen einleiten,0700216571000400,004,
021657,Hinterhof,62,29342,ja,,,1403,Bioklimatisches Belastungspotential gering in Einzelfaellen maessig,Hohe Empfindlichkeit gegenueber Nutzungsintensivierung; keine weitere Verdichtung klimaverbessernde Massnahmen einleiten,0700216571000500,005,Lage an einem Abschnitt mit moeglicher verkehrsbedingter Luftbelastung
021657,Ruderal-/Brachflaeche,3,13756,nein,Block ist Bestandteil einer klimaoekologisch relevanten Gruenflaecheneinheit,,1403,Gruen- und Freiflaeche mit geringer stadtklimatischer Bedeutung,Geringe Empfindlichkeit gegenueber Nutzungsintensivierung; massvolle Bebauung die den Luftaustausch nicht beeintraechtigt, ist moeglich,0700216571000600,006,
021657,Gruenanlage Park,12,8575,nein,Block ist Bestandteil einer klimaoekologisch relevanten Gruenflaecheneinheit,,1403,Gruen- und Freiflaeche mit geringer stadtklimatischer Bedeutung,Geringe Empfindlichkeit gegenueber Nutzungsintensivierung; massvolle Bebauung die den Luftaustausch nicht beeintraechtigt, ist moeglich,0700216571000700,007,
021669,Industrie/Gewerbegebiet A bebaute Flaeche <  50%,85,48876,nein,,,4,Bioklimatisches Belastungspotential gering,Gute Durchlueftung; vorwiegend geringe bis keine bioklimatische Belastung,0700216691000100,001,
021669,Verwaltung,78,16041,nein,,,4,Kein bioklimatisches Belastungspotential bzw. klimatischer Komfortbereich,Gute Durchlueftung; vorwiegend geringe bis keine bioklimatische Belastung,0700216691000200,002,
022083,Hinterhof,84,20799,nein,,,481,Kein bioklimatisches Belastungspotential bzw. klimatischer Komfortbereich,Gute Durchlueftung; vorwiegend geringe bis keine bioklimatische Belastung,0700220831000100,001,
022083,Gruenanlage Park,10,15163,nein,Block ist Bestandteil einer klimaoekologisch relevanten Gruenflaecheneinheit,Kaltluftleitbahn mit sehr hoher Bedeutung fuer den Luftaustausch,481,Gruen- und Freiflaeche mit sehr hoher stadtklimatischer Bedeutung,Hoechste Empfindlichkeit gegenueber Nutzungsintensivierung; Vermeidung von Austauschbarrieren gegenueber bebauten Randbereichen,0700220831000200,002,
022084,Seniorenheim,66,44915,nein,,,832,Kein bioklimatisches Belastungspotential bzw. klimatischer Komfortbereich,Gute Durchlueftung; vorwiegend geringe bis keine bioklimatische Belastung,0700220841000000,,
022085,Nachkriegsblockrand,70,21376,nein,,,882,Kein bioklimatisches Belastungspotential bzw. klimatischer Komfortbereich,Gute Durchlueftung; vorwiegend geringe bis keine bioklimatische Belastung,0700220851000000,,
022086,Hinterhof,69,19012,nein,,,772,Bioklimatisches Belastungspotential gering in Einzelfaellen maessig,Hohe Empfindlichkeit gegenueber Nutzungsintensivierung; keine weitere Verdichtung klimaverbessernde Massnahmen einleiten,0700220861000100,001,
022086,Gruenanlage Park,10,11722,nein,Block ist Bestandteil einer klimaoekologisch relevanten Gruenflaecheneinheit,Kaltluftleitbahn mit sehr hoher Bedeutung fuer den Luftaustausch,772,Gruen- und Freiflaeche mit sehr hoher stadtklimatischer Bedeutung,Hoechste Empfindlichkeit gegenueber Nutzungsintensivierung; Vermeidung von Austauschbarrieren gegenueber bebauten Randbereichen,0700220861000200,002,
022087,Hinterhof,84,17829,ja,,,713,Kein bioklimatisches Belastungspotential bzw. klimatischer Komfortbereich,Gute Durchlueftung; vorwiegend geringe bis keine bioklimatische Belastung,0700220871000000,,Lage an einem Abschnitt mit moeglicher verkehrsbedingter Luftbelastung
022088,Nachkriegsblockrand,60,12949,ja,,,1048,Kein bioklimatisches Belastungspotential bzw. klimatischer Komfortbereich,Gute Durchlueftung; vorwiegend geringe bis keine bioklimatische Belastung,0700220881000100,001,Lage an einem Abschnitt mit moeglicher verkehrsbedingter Luftbelastung
022088,Hinterhof,82,17041,nein,,,1048,Kein bioklimatisches Belastungspotential bzw. klimatischer Komfortbereich,Gute Durchlueftung; vorwiegend geringe bis keine bioklimatische Belastung,0700220881000200,002,
022089,Hochschule/Forschung,73,16079,nein,,,3,Kein bioklimatisches Belastungspotential bzw. klimatischer Komfortbereich,Gute Durchlueftung; vorwiegend geringe bis keine bioklimatische Belastung,0700220891000000,,
022090,Verwaltung,82,36445,ja,,,302,Kein bioklimatisches Belastungspotential bzw. klimatischer Komfortbereich,Gute Durchlueftung; vorwiegend geringe bis keine bioklimatische Belastung,0700220901000000,,Lage an einem Abschnitt mit moeglicher verkehrsbedingter Luftbelastung
022091,Kirche,24,6875,nein,,,6,Kein bioklimatisches Belastungspotential bzw. klimatischer Komfortbereich,Gute Durchlueftung; vorwiegend geringe bis keine bioklimatische Belastung,0700220911000000,,
022092,Altbau-Schule (Baujahr vor 1945),63,16482,nein,,,565,Kein bioklimatisches Belastungspotential bzw. klimatischer Komfortbereich,Gute Durchlueftung; vorwiegend geringe bis keine bioklimatische Belastung,0700220921000100,001,
022092,Zeilenbebauung der 50er bis 70 Jahre,53,17305,ja,,,565,Kein bioklimatisches Belastungspotential bzw. klimatischer Komfortbereich,Gute Durchlueftung; vorwiegend geringe bis keine bioklimatische Belastung,0700220921000200,002,Lage an einem Abschnitt mit moeglicher verkehrsbedingter Luftbelastung
022093,Zeilenbebauung der 50er bis 70 Jahre,62,39880,nein,,,770,Kein bioklimatisches Belastungspotential bzw. klimatischer Komfortbereich,Gute Durchlueftung; vorwiegend geringe bis keine bioklimatische Belastung,0700220931000100,001,
022093,Friedhof,30,13221,nein,Block ist Bestandteil einer klimaoekologisch relevanten Gruenflaecheneinheit,,770,Gruen- und Freiflaeche mit sehr hoher stadtklimatischer Bedeutung,Hoechste Empfindlichkeit gegenueber Nutzungsintensivierung; Vermeidung von Austauschbarrieren gegenueber bebauten Randbereichen,0700220931000200,002,
022094,Zeilenbebauung der 50er bis 70 Jahre,73,18993,nein,,,576,Kein bioklimatisches Belastungspotential bzw. klimatischer Komfortbereich,Gute Durchlueftung; vorwiegend geringe bis keine bioklimatische Belastung,0700220941000000,,
022095,Hochschule/Forschung,75,17381,nein,,,,Kein bioklimatisches Belastungspotential bzw. klimatischer Komfortbereich,Gute Durchlueftung; vorwiegend geringe bis keine bioklimatische Belastung,0700220951000000,,
022096,Verwaltung,47,25813,nein,,,7,Kein bioklimatisches Belastungspotential bzw. klimatischer Komfortbereich,Gute Durchlueftung; vorwiegend geringe bis keine bioklimatische Belastung,0700220961000000,,
022138,Hinterhof,89,15292,nein,,,547,Kein bioklimatisches Belastungspotential bzw. klimatischer Komfortbereich,Gute Durchlueftung; vorwiegend geringe bis keine bioklimatische Belastung,0700221381000000,,
022139,Sanierung Entkernung,71,23223,ja,,,659,Kein bioklimatisches Belastungspotential bzw. klimatischer Komfortbereich,Gute Durchlueftung; vorwiegend geringe bis keine bioklimatische Belastung,0700221391000100,001,Lage an einem Abschnitt mit moeglicher verkehrsbedingter Luftbelastung
022139,Kindertagesstaette (KITA),59,25471,nein,,,659,Kein bioklimatisches Belastungspotential bzw. klimatischer Komfortbereich,Gute Durchlueftung; vorwiegend geringe bis keine bioklimatische Belastung,0700221391000200,002,
022139,Gruenanlage Park,50,11811,nein,Block ist Bestandteil einer klimaoekologisch relevanten Gruenflaecheneinheit,,659,Gruen- und Freiflaeche mit sehr hoher stadtklimatischer Bedeutung,Hoechste Empfindlichkeit gegenueber Nutzungsintensivierung; Vermeidung von Austauschbarrieren gegenueber bebauten Randbereichen,0700221391000300,003,
022140,Sanierung Entkernung,70,40647,ja,,,1071,Kein bioklimatisches Belastungspotential bzw. klimatischer Komfortbereich,Gute Durchlueftung; vorwiegend geringe bis keine bioklimatische Belastung,0700221401000000,,Lage an einem Abschnitt mit moeglicher verkehrsbedingter Luftbelastung
022155,Hinterhof,92,22591,ja,,,622,Bioklimatisches Belastungspotential maessig in Einzelfaellen hoch,Sehr hohe Empfindlichkeit gegenueber Nutzungsintensivierung; keine weitere Verdichtung; klimaverbessernde Massnahmen einleiten,0700221551000000,,Lage an einem Abschnitt mit moeglicher verkehrsbedingter Luftbelastung
022156,Kultur,97,19602,nein,,,4,Kein bioklimatisches Belastungspotential bzw. klimatischer Komfortbereich,Gute Durchlueftung; vorwiegend geringe bis keine bioklimatische Belastung,0700221561000000,,
022157,Grosssiedlung,76,31209,ja,,,992,Kein bioklimatisches Belastungspotential bzw. klimatischer Komfortbereich,Gute Durchlueftung; vorwiegend geringe bis keine bioklimatische Belastung,0700221571000000,,Lage an einem Abschnitt mit moeglicher verkehrsbedingter Luftbelastung
022158,Nachkriegsblockrand,65,25300,ja,,,564,Kein bioklimatisches Belastungspotential bzw. klimatischer Komfortbereich,Gute Durchlueftung; vorwiegend geringe bis keine bioklimatische Belastung,0700221581000100,001,Lage an einem Abschnitt mit moeglicher verkehrsbedingter Luftbelastung
022158,Neubau-Schule (Baujahr nach 1945),62,14143,ja,,,564,Kein bioklimatisches Belastungspotential bzw. klimatischer Komfortbereich,Gute Durchlueftung; vorwiegend geringe bis keine bioklimatische Belastung,0700221581000200,002,Lage an einem Abschnitt mit moeglicher verkehrsbedingter Luftbelastung
022601,Gruenanlage Park,3,9934,nein,,,,,,0700226011000000,,
023097,Kerngebiet,70,67715,nein,,,461,Kein bioklimatisches Belastungspotential bzw. klimatischer Komfortbereich,Gute Durchlueftung; vorwiegend geringe bis keine bioklimatische Belastung,0700230971000000,,
023159,Nachkriegsblockrand,95,22049,nein,,,324,Kein bioklimatisches Belastungspotential bzw. klimatischer Komfortbereich,Gute Durchlueftung; vorwiegend geringe bis keine bioklimatische Belastung,0700231591000000,,
023160,Ungeordneter Wiederaufbau,92,21965,ja,,,614,Kein bioklimatisches Belastungspotential bzw. klimatischer Komfortbereich,Gute Durchlueftung; vorwiegend geringe bis keine bioklimatische Belastung,0700231601000000,,Lage an einem Abschnitt mit moeglicher verkehrsbedingter Luftbelastung
023601,Gruenanlage Park,3,9659,nein,,,,,,0700236011000000,,
023610,Stadtplatz,50,12265,nein,,,,,,0700236101000000,,
023681,Hochschule/Forschung,69,111037,nein,,,,Kein bioklimatisches Belastungspotential bzw. klimatischer Komfortbereich,Gute Durchlueftung; vorwiegend geringe bis keine bioklimatische Belastung,0700236811000000,,
