NEUBKLAR,BEZKLAR,GRZKL,STSTRNAME,TYPKLAR,FLALLE,VG,VG_0,PROBAU,PROVGNEU,PROVGNEU_0,KL1,KL2,KL3,KL4,alias,BAUNKLAR,SUMME
Mitte,Tiergarten,Kleingarten,nicht oder gering bebaute Flächen der Gemeinbedarfs- und Sondernutzungen sowie Grün- und Freiflächen,Kleingartenanlage allgemein,17586,15,15,5,10,10,5,31,4,60,0200010011000000,,
Mitte,Tiergarten,,geringe Bebauung mit überwiegender Nutzung durch Gewerbe und Industrie,Flächen der Ver- und Entsorgung,52678,96,96,39,57,57,31,56,1,12,0200010051000100,Ver- und Entsorgungseinrichtungen,
Mitte,Tiergarten,,dichte Bebauung mit überwiegender Nutzung durch Gewerbe und Industrie,Gewerbe- und Industriegebiet großflächiger Einzelhandel, dichte Bebauung,71522,95,95,55,41,41,74,20,1,5,0200010071000100,Gewerbe- und Industrienutzung großflächiger Einzelhandel,97
Mitte,Tiergarten,,Blockbebauung der Gründerzeit mit Seitenflügeln und Hinterhäusern,Geschlossene Blockbebauung Hinterhof (1870er-1918), 5-geschossig,12771,73,73,42,30,30,56,22,3,19,0200010071000200,Wohnnutzung,405
Mitte,Tiergarten,,Blockbebauung der Gründerzeit mit Seitenflügeln und Hinterhäusern,Geschlossene Blockbebauung Hinterhof (1870er-1918), 5-geschossig,16095,87,87,59,29,29,56,22,3,19,0200010121000000,Wohnnutzung,734
Mitte,Tiergarten,,dichte Bebauung mit überwiegender Nutzung durch Gewerbe und Industrie,Gewerbe- und Industriegebiet großflächiger Einzelhandel, dichte Bebauung,21083,92,92,64,28,28,74,20,1,5,0200010131000100,Gewerbe- und Industrienutzung großflächiger Einzelhandel,57
Mitte,Tiergarten,,Blockbebauung der Gründerzeit mit Seitenflügeln und Hinterhäusern,Geschlossene Blockbebauung Hinterhof (1870er-1918), 5-geschossig,15556,83,83,58,26,26,56,22,3,19,0200010131000200,Wohnnutzung,829
Mitte,Tiergarten,,Blockbebauung der Gründerzeit mit Seitenflügeln und Hinterhäusern,Geschlossene Blockbebauung Hinterhof (1870er-1918), 5-geschossig,5428,87,87,61,26,26,56,22,3,19,0200010741000100,Wohnnutzung,230
Mitte,Tiergarten,,dichte Bebauung mit überwiegender Nutzung durch Gewerbe und Industrie,Gewerbe- und Industriegebiet großflächiger Einzelhandel, dichte Bebauung,49547,93,93,58,35,35,74,20,1,5,0200010741000200,Gewerbe- und Industrienutzung großflächiger Einzelhandel,3
Mitte,Tiergarten,,Blockbebauung der Gründerzeit mit Seitenflügeln und Hinterhäusern,Dichte Blockbebauung geschlossener Hinterhof (1870er-1918), 5-6-geschossig,7367,85,85,60,25,25,64,17,4,15,0200010751000000,Wohnnutzung,279
Mitte,Tiergarten,,dichte Bebauung mit überwiegender Nutzung durch Gewerbe und Industrie,Gewerbe- und Industriegebiet großflächiger Einzelhandel, dichte Bebauung,85208,97,97,58,39,39,74,20,1,5,0200010761000000,Gewerbe- und Industrienutzung großflächiger Einzelhandel,6
Mitte,Tiergarten,,Blockbebauung der Gründerzeit mit Seitenflügeln und Hinterhäusern,Geschlossene Blockbebauung Hinterhof (1870er-1918), 5-geschossig,21793,79,79,51,29,29,56,22,3,19,0200010941000100,Mischnutzung,84
Mitte,Tiergarten,,Blockbebauung der Gründerzeit mit Seitenflügeln und Hinterhäusern,Geschlossene Blockbebauung Hinterhof (1870er-1918), 5-geschossig,8261,90,90,73,17,17,56,22,3,19,0200010941000200,Mischnutzung,57
Mitte,Tiergarten,Park / Grünfläche,nicht oder gering bebaute Flächen der Gemeinbedarfs- und Sondernutzungen sowie Grün- und Freiflächen,Grünanlage/Park,3593,35,35,0,35,35,30,20,5,45,0200010941000300,,
Mitte,Tiergarten,Park / Grünfläche,nicht oder gering bebaute Flächen der Gemeinbedarfs- und Sondernutzungen sowie Grün- und Freiflächen,Wald,4036,8,8,0,8,8,5,5,0,90,0200015021000000,,
Mitte,Tiergarten,Brachfläche Mischbestand aus Wiesen, Gebüsch und Bäumen,nicht oder gering bebaute Flächen der Gemeinbedarfs- und Sondernutzungen sowie Grün- und Freiflächen,Brachfläche,5448,0,0,0,0,0,20,10,0,70,0200015031000100,,
Mitte,Tiergarten,Brachfläche Mischbestand aus Wiesen, Gebüsch und Bäumen,nicht oder gering bebaute Flächen der Gemeinbedarfs- und Sondernutzungen sowie Grün- und Freiflächen,Brachfläche,10443,0,0,0,0,0,20,10,0,70,0200015031000200,,
Mitte,Tiergarten,Brachfläche Mischbestand aus Wiesen, Gebüsch und Bäumen,nicht oder gering bebaute Flächen der Gemeinbedarfs- und Sondernutzungen sowie Grün- und Freiflächen,Brachfläche,10263,0,0,0,0,0,20,10,0,70,0200015041000000,,
Mitte,Tiergarten,Brachfläche Mischbestand aus Wiesen, Gebüsch und Bäumen,nicht oder gering bebaute Flächen der Gemeinbedarfs- und Sondernutzungen sowie Grün- und Freiflächen,Brachfläche,12350,0,0,0,0,0,20,10,0,70,0200015051000000,,
Mitte,Tiergarten,Brachfläche Mischbestand aus Wiesen, Gebüsch und Bäumen,geringe Bebauung mit überwiegender Nutzung durch Gewerbe und Industrie,Flächen der Ver- und Entsorgung,16068,27,27,6,21,21,31,56,1,12,0200015061000000,Ver- und Entsorgungseinrichtungen,
Mitte,Tiergarten,Park / Grünfläche,Bebauung mit überwiegender Nutzung durch Gemeinbedarf und Sondernutzung Verkehrsflächen ohne Straßenland oder Baustellen,sonstige Verkehrsflächen (z.B. Verkehrsinseln etc.),1902,29,29,0,29,29,42,32,19,7,0200015101000000,Verkehrsflächen,
Mitte,Tiergarten,Park / Grünfläche,Bebauung mit überwiegender Nutzung durch Gemeinbedarf und Sondernutzung Verkehrsflächen ohne Straßenland oder Baustellen,sonstige Verkehrsflächen (z.B. Verkehrsinseln etc.),3115,59,59,0,59,59,42,32,19,7,0200015111000000,Verkehrsflächen,
Mitte,Tiergarten,,dichte Bebauung mit überwiegender Nutzung durch Gewerbe und Industrie,Gewerbe- und Industriegebiet großflächiger Einzelhandel, dichte Bebauung,8870,94,94,44,50,50,74,20,1,5,0200016001000000,Gewerbe- und Industrienutzung großflächiger Einzelhandel,6
Mitte,Tiergarten,,geringe Bebauung mit überwiegender Nutzung durch Gewerbe und Industrie,Gewerbe- und Industriegebiet großflächiger Einzelhandel, geringe Bebauung,336144,91,91,41,51,51,48,38,1,13,0200016011000000,Gewerbe- und Industrienutzung großflächiger Einzelhandel,0
Mitte,Tiergarten,,geringe Bebauung mit überwiegender Nutzung durch Gewerbe und Industrie,Gewerbe- und Industriegebiet großflächiger Einzelhandel, geringe Bebauung,357804,89,89,18,72,72,48,38,1,13,0200016021000000,Gewerbe- und Industrienutzung großflächiger Einzelhandel,0
Mitte,Tiergarten,,dichte Bebauung mit überwiegender Nutzung durch Gewerbe und Industrie,Gewerbe- und Industriegebiet großflächiger Einzelhandel, dichte Bebauung,79308,94,94,36,58,58,74,20,1,5,0200016031000000,Gewerbe- und Industrienutzung großflächiger Einzelhandel,15
Mitte,Tiergarten,,Bebauung mit überwiegender Nutzung durch Gemeinbedarf und Sondernutzung Verkehrsflächen ohne Straßenland oder Baustellen,Parkplatz,12832,81,81,0,81,81,31,53,7,9,0200016241000100,Verkehrsflächen,
Mitte,Tiergarten,,dichte Bebauung mit überwiegender Nutzung durch Gewerbe und Industrie,Gewerbe- und Industriegebiet großflächiger Einzelhandel, dichte Bebauung,117820,98,98,57,42,42,74,20,1,5,0200016241000200,Gewerbe- und Industrienutzung großflächiger Einzelhandel,
Mitte,Tiergarten,,Blockrand- und Zeilenbebauung der 20er und 30er Jahre,Parallele Zeilenbebauung mit architektonischem Zeilengrün (1920er bis 1930er) 3 – 5-geschossig,3920,64,64,48,16,16,20,37,32,11,0200016251000100,Wohnnutzung,212
Mitte,Tiergarten,,Bebauung mit überwiegender Nutzung durch Gemeinbedarf und Sondernutzung Verkehrsflächen ohne Straßenland oder Baustellen,Altbau-Schule (vor 1945),6337,56,56,38,18,18,57,32,4,7,0200016251000200,Gemeinbedarfs- und Sondernutzungen,
Mitte,Tiergarten,Sportnutzungen,Bebauung mit überwiegender Nutzung durch Gemeinbedarf und Sondernutzung Verkehrsflächen ohne Straßenland oder Baustellen,Sportanlage gedeckt,9564,35,35,12,23,23,,,,,0200016251000300,Gemeinbedarfs- und Sondernutzungen,0
Mitte,Tiergarten,Sportnutzungen,nicht oder gering bebaute Flächen der Gemeinbedarfs- und Sondernutzungen sowie Grün- und Freiflächen,Sportanlage ungedeckt,31080,51,51,1,50,50,,,,,0200016251000400,Gemeinbedarfs- und Sondernutzungen,
Mitte,Tiergarten,,Villenbebauung mit parkartigen Gärten,Villen und Stadtvillen mit parkartigem Garten (überwiegend 1870er-1945),6910,31,31,10,21,21,15,60,12,13,0200016251000500,Wohnnutzung,
Mitte,Tiergarten,Gewässer,,Gewässer,41092,,,,,,,,,,0200018501000000,,4
Mitte,Tiergarten,Gewässer,,Gewässer,37758,,,,,,,,,,0200018511000000,,
Mitte,Tiergarten,Gewässer,,Gewässer,20550,,,,,,,,,,0200018521000000,,
Mitte,Tiergarten,Gewässer,,Gewässer,64051,,,,,,,,,,0200018641000000,,
Mitte,Tiergarten,Gewässer,,Gewässer,23267,,,,,,,,,,0200018651000000,,
Mitte,Tiergarten,Gewässer,,Gewässer,22816,,,,,,,,,,0200018661000000,,
Mitte,Tiergarten,Gewässer,,Gewässer,68750,,,,,,,,,,0200018671000000,,
Mitte,Tiergarten,Gewässer,,Gewässer,40889,,,,,,,,,,0200018741000000,,
Mitte,Tiergarten,Gewässer,,Gewässer,34933,,,,,,,,,,0200018751000000,,
Mitte,Tiergarten,Gewässer,,Gewässer,42453,,,,,,,,,,0200018771000000,,
Mitte,Tiergarten,,Bebauung mit überwiegender Nutzung durch Gemeinbedarf und Sondernutzung Verkehrsflächen ohne Straßenland oder Baustellen,Gleiskörper,49252,97,0,0,97,0,5,5,0,90,0200019001000100,Verkehrsflächen,
Mitte,Tiergarten,,Bebauung mit überwiegender Nutzung durch Gemeinbedarf und Sondernutzung Verkehrsflächen ohne Straßenland oder Baustellen,Gleiskörper,49258,79,8,4,75,4,5,5,0,90,0200019001000200,Verkehrsflächen,
Mitte,Tiergarten,Kleingarten,Bebauung mit überwiegender Nutzung durch Gemeinbedarf und Sondernutzung Verkehrsflächen ohne Straßenland oder Baustellen,Bahnhof und Bahnanlage ohne Gleiskörper,3476,41,11,0,41,11,5,5,0,90,0200019001000300,Verkehrsflächen,
Mitte,Tiergarten,,Bebauung mit überwiegender Nutzung durch Gemeinbedarf und Sondernutzung Verkehrsflächen ohne Straßenland oder Baustellen,Bahnhof und Bahnanlage ohne Gleiskörper,1980,100,16,0,100,16,5,5,0,90,0200019001000400,Verkehrsflächen,
Mitte,Tiergarten,,Bebauung mit überwiegender Nutzung durch Gemeinbedarf und Sondernutzung Verkehrsflächen ohne Straßenland oder Baustellen,Gleiskörper,52106,70,0,0,70,0,5,5,0,90,0200019011000000,Verkehrsflächen,
Mitte,Tiergarten,Brachfläche vegetationsfrei,nicht oder gering bebaute Flächen der Gemeinbedarfs- und Sondernutzungen sowie Grün- und Freiflächen,Brachfläche,20261,5,5,0,5,5,20,10,0,70,0200019031000300,,
Mitte,Tiergarten,,Bebauung mit überwiegender Nutzung durch Gemeinbedarf und Sondernutzung Verkehrsflächen ohne Straßenland oder Baustellen,Gleiskörper,86590,78,2,1,77,1,5,5,0,90,0200019031000400,Verkehrsflächen,
Mitte,Tiergarten,Kleingarten,Bebauung mit überwiegender Nutzung durch Gemeinbedarf und Sondernutzung Verkehrsflächen ohne Straßenland oder Baustellen,Bahnhof und Bahnanlage ohne Gleiskörper,3155,58,25,5,53,20,5,5,0,90,0200019031000900,Verkehrsflächen,
Mitte,Tiergarten,,geringe Bebauung mit überwiegender Nutzung durch Gewerbe und Industrie,Gewerbe- und Industriegebiet großflächiger Einzelhandel, geringe Bebauung,63931,49,49,5,44,44,48,38,1,13,0200019061000000,Gewerbe- und Industrienutzung großflächiger Einzelhandel,
Mitte,Tiergarten,,Blockbebauung der Gründerzeit mit Seitenflügeln und Hinterhäusern,Geschlossene Blockbebauung Hinterhof (1870er-1918), 5-geschossig,16098,64,64,39,25,25,56,22,3,19,0200020161000000,Wohnnutzung,390
Mitte,Tiergarten,,Blockbebauung der Gründerzeit mit Seitenflügeln und Hinterhäusern,Geschlossene Blockbebauung Hinterhof (1870er-1918), 5-geschossig,18267,74,74,50,24,24,56,22,3,19,0200020171000000,Wohnnutzung,769
Mitte,Tiergarten,,Blockbebauung der Gründerzeit mit Seitenflügeln und Hinterhäusern,Geschlossene Blockbebauung Hinterhof (1870er-1918), 5-geschossig,33745,68,68,46,22,22,56,22,3,19,0200020181000000,Wohnnutzung,1232
Mitte,Tiergarten,,Blockbebauung der Gründerzeit mit Seitenflügeln und Hinterhäusern,Geschlossene Blockbebauung Hinterhof (1870er-1918), 5-geschossig,35514,67,67,43,24,24,56,22,3,19,0200020191000000,Wohnnutzung,1376
Mitte,Tiergarten,,Blockbebauung der Gründerzeit mit Seitenflügeln und Hinterhäusern,Geschlossene Blockbebauung Hinterhof (1870er-1918), 5-geschossig,31335,79,79,56,23,23,56,22,3,19,0200020201000000,Wohnnutzung,1094
Mitte,Tiergarten,Sportnutzungen,nicht oder gering bebaute Flächen der Gemeinbedarfs- und Sondernutzungen sowie Grün- und Freiflächen,Sportanlage ungedeckt,7904,48,48,27,21,21,,,,,0200020211000000,Gemeinbedarfs- und Sondernutzungen,
Mitte,Tiergarten,,Blockbebauung der Gründerzeit mit Seitenflügeln und Hinterhäusern,Geschlossene Blockbebauung Hinterhof (1870er-1918), 5-geschossig,7203,86,86,68,18,18,56,22,3,19,0200020221000100,Wohnnutzung,378
Mitte,Tiergarten,Baumschule / Gartenbau,nicht oder gering bebaute Flächen der Gemeinbedarfs- und Sondernutzungen sowie Grün- und Freiflächen,Baumschule/Gartenbau,8248,19,19,2,16,16,35,45,9,11,0200020221000200,,
Mitte,Tiergarten,,Blockbebauung der Gründerzeit mit Seitenflügeln und Hinterhäusern,Geschlossene Blockbebauung Hinterhof (1870er-1918), 5-geschossig,22246,79,79,53,26,26,56,22,3,19,0200020231000000,Wohnnutzung,974
Mitte,Tiergarten,,hohe Bebauung der Nachkriegszeit,Heterogene innerstädtische Mischbebauung, Lückenschluss nach 1945,14129,57,57,34,24,24,45,28,13,14,0200020241000000,Wohnnutzung,602
Mitte,Tiergarten,,Blockbebauung der Gründerzeit mit Seitenflügeln und Hinterhäusern,Geschlossene Blockbebauung Hinterhof (1870er-1918), 5-geschossig,20729,62,62,41,21,21,56,22,3,19,0200020251000000,Wohnnutzung,471
Mitte,Tiergarten,,Blockbebauung der Gründerzeit mit Seitenflügeln und Hinterhäusern,Dichte Blockbebauung geschlossener Hinterhof (1870er-1918), 5-6-geschossig,14104,76,76,56,20,20,64,17,4,15,0200020261000000,Wohnnutzung,683
Mitte,Tiergarten,,Blockbebauung der Gründerzeit mit Seitenflügeln und Hinterhäusern,Geschlossene Blockbebauung Hinterhof (1870er-1918), 5-geschossig,27964,83,83,60,23,23,56,22,3,19,0200020281000000,Mischnutzung,396
Mitte,Tiergarten,Stadtplatz / Promenade,nicht oder gering bebaute Flächen der Gemeinbedarfs- und Sondernutzungen sowie Grün- und Freiflächen,Stadtplatz/Promenade,3272,43,43,0,43,43,50,20,10,20,0200020291000000,,
Mitte,Tiergarten,,Blockbebauung der Gründerzeit mit Seitenflügeln und Hinterhäusern,Dichte Blockbebauung geschlossener Hinterhof (1870er-1918), 5-6-geschossig,20445,83,83,61,21,21,64,17,4,15,0200020301000000,Wohnnutzung,904
Mitte,Tiergarten,,Blockbebauung der Gründerzeit mit Seitenflügeln und Hinterhäusern,Geschlossene Blockbebauung Hinterhof (1870er-1918), 5-geschossig,20830,64,64,43,21,21,56,22,3,19,0200020321000000,Wohnnutzung,685
Mitte,Tiergarten,,Blockbebauung der Gründerzeit mit Seitenflügeln und Hinterhäusern,Geschlossene Blockbebauung Hinterhof (1870er-1918), 5-geschossig,17191,68,68,47,21,21,56,22,3,19,0200020331000100,Wohnnutzung,707
Mitte,Tiergarten,,Blockbebauung der Gründerzeit mit Seitenflügeln und Hinterhäusern,Geschlossene Blockbebauung Hinterhof (1870er-1918), 5-geschossig,9321,55,55,38,18,18,56,22,3,19,0200020331000200,Wohnnutzung,457
Mitte,Tiergarten,Park / Grünfläche,nicht oder gering bebaute Flächen der Gemeinbedarfs- und Sondernutzungen sowie Grün- und Freiflächen,Grünanlage/Park,12651,11,11,1,11,11,30,20,5,45,0200020331000300,,
Mitte,Tiergarten,,Bebauung mit überwiegender Nutzung durch Gemeinbedarf und Sondernutzung Verkehrsflächen ohne Straßenland oder Baustellen,Kindertagesstätte,15555,44,44,29,15,15,7,42,5,46,0200020341000000,Gemeinbedarfs- und Sondernutzungen,333
Mitte,Tiergarten,,Blockbebauung der Gründerzeit mit Seitenflügeln und Hinterhäusern,Geschlossene Blockbebauung Hinterhof (1870er-1918), 5-geschossig,17515,65,65,44,21,21,56,22,3,19,0200020351000000,Wohnnutzung,659
Mitte,Tiergarten,,Blockbebauung der Gründerzeit mit Seitenflügeln und Hinterhäusern,Geschlossene Blockbebauung Hinterhof (1870er-1918), 5-geschossig,42830,71,71,46,24,24,56,22,3,19,0200020361000000,Wohnnutzung,1508
Mitte,Tiergarten,,Blockbebauung der Gründerzeit mit Seitenflügeln und Hinterhäusern,Geschlossene Blockbebauung Hinterhof (1870er-1918), 5-geschossig,23839,77,77,53,24,24,56,22,3,19,0200020371000000,Wohnnutzung,1177
Mitte,Tiergarten,,Blockbebauung der Gründerzeit mit Seitenflügeln und Hinterhäusern,Dichte Blockbebauung geschlossener Hinterhof (1870er-1918), 5-6-geschossig,4917,92,92,73,18,18,64,17,4,15,0200020381000000,Wohnnutzung,226
Mitte,Tiergarten,,Blockbebauung der Gründerzeit mit Seitenflügeln und Hinterhäusern,Geschlossene Blockbebauung Hinterhof (1870er-1918), 5-geschossig,20538,78,78,53,25,25,56,22,3,19,0200020391000000,Wohnnutzung,957
Mitte,Tiergarten,,Blockbebauung der Gründerzeit mit Seitenflügeln und Hinterhäusern,Dichte Blockbebauung geschlossener Hinterhof (1870er-1918), 5-6-geschossig,9070,88,88,70,18,18,64,17,4,15,0200020401000000,Wohnnutzung,511
Mitte,Tiergarten,,Blockbebauung der Gründerzeit mit Seitenflügeln und Hinterhäusern,Geschlossene Blockbebauung Hinterhof (1870er-1918), 5-geschossig,35811,75,75,39,36,36,56,22,3,19,0200020461000000,Wohnnutzung,1133
Mitte,Tiergarten,,Blockbebauung der Gründerzeit mit Seitenflügeln und Hinterhäusern,Geschlossene Blockbebauung Hinterhof (1870er-1918), 5-geschossig,39451,73,73,47,27,27,56,22,3,19,0200020471000000,Wohnnutzung,1627
Mitte,Tiergarten,,Blockbebauung der Gründerzeit mit Seitenflügeln und Hinterhäusern,Geschlossene Blockbebauung Hinterhof (1870er-1918), 5-geschossig,27345,82,82,48,35,35,56,22,3,19,0200020481000100,Mischnutzung,685
Mitte,Tiergarten,,Blockbebauung der Gründerzeit mit Seitenflügeln und Hinterhäusern,Geschlossene Blockbebauung Hinterhof (1870er-1918), 5-geschossig,23524,81,81,54,27,27,56,22,3,19,0200020481000200,Wohnnutzung,694
Mitte,Tiergarten,,Blockrandbebauung der Gründerzeit mit massiven Veränderungen,Entkernte Blockrandbebauung Lückenschluss nach 1945,29361,65,65,40,25,25,41,27,4,28,0200020491000000,Wohnnutzung,1023
Mitte,Tiergarten,,Bebauung mit überwiegender Nutzung durch Gemeinbedarf und Sondernutzung Verkehrsflächen ohne Straßenland oder Baustellen,Kindertagesstätte,21837,61,61,33,28,28,7,42,5,46,0200020501000000,Gemeinbedarfs- und Sondernutzungen,425
Mitte,Tiergarten,,Blockbebauung der Gründerzeit mit Seitenflügeln und Hinterhäusern,Geschlossene Blockbebauung Hinterhof (1870er-1918), 5-geschossig,24827,78,78,52,27,27,56,22,3,19,0200020511000000,Mischnutzung,778
Mitte,Tiergarten,,Blockbebauung der Gründerzeit mit Seitenflügeln und Hinterhäusern,Geschlossene Blockbebauung Hinterhof (1870er-1918), 5-geschossig,16585,49,49,30,20,20,56,22,3,19,0200020521000000,Wohnnutzung,474
Mitte,Tiergarten,,Blockbebauung der Gründerzeit mit Seitenflügeln und Hinterhäusern,Geschlossene Blockbebauung Hinterhof (1870er-1918), 5-geschossig,13012,81,81,56,25,25,56,22,3,19,0200020531000000,Wohnnutzung,630
Mitte,Tiergarten,,Blockbebauung der Gründerzeit mit Seitenflügeln und Hinterhäusern,Geschlossene Blockbebauung Hinterhof (1870er-1918), 5-geschossig,28553,74,74,51,22,22,56,22,3,19,0200020541000000,Wohnnutzung,895
Mitte,Tiergarten,,Blockbebauung der Gründerzeit mit Seitenflügeln und Hinterhäusern,Geschlossene Blockbebauung Hinterhof (1870er-1918), 5-geschossig,21829,78,78,53,26,26,56,22,3,19,0200020551000000,Wohnnutzung,600
Mitte,Tiergarten,,Blockbebauung der Gründerzeit mit Seitenflügeln und Hinterhäusern,Geschlossene Blockbebauung Hinterhof (1870er-1918), 5-geschossig,23766,76,76,51,25,25,56,22,3,19,0200020561000000,Wohnnutzung,588
Mitte,Tiergarten,,Bebauung mit überwiegender Nutzung durch Handel und Dienstleistung,Kerngebiet,5496,99,99,95,4,4,50,34,9,7,0200020571000000,Kerngebietsnutzungen,3
Mitte,Tiergarten,,Bebauung mit überwiegender Nutzung durch Gemeinbedarf und Sondernutzung Verkehrsflächen ohne Straßenland oder Baustellen,Verwaltung,5360,66,66,47,19,19,41,42,15,2,0200020581000000,Gemeinbedarfs- und Sondernutzungen,
Mitte,Tiergarten,,Blockbebauung der Gründerzeit mit Seitenflügeln und Hinterhäusern,Geschlossene Blockbebauung Hinterhof (1870er-1918), 5-geschossig,5110,82,82,61,20,20,56,22,3,19,0200020591000000,Wohnnutzung,333
Mitte,Tiergarten,,Blockbebauung der Gründerzeit mit Seitenflügeln und Hinterhäusern,Geschlossene Blockbebauung Hinterhof (1870er-1918), 5-geschossig,13030,79,79,57,22,22,56,22,3,19,0200020601000000,Wohnnutzung,418
Mitte,Tiergarten,,Blockrandbebauung der Gründerzeit mit massiven Veränderungen,Entkernte Blockrandbebauung Lückenschluss nach 1945,17690,77,77,38,39,39,41,27,4,28,0200020611000000,Mischnutzung,463
Mitte,Tiergarten,,Blockbebauung der Gründerzeit mit Seitenflügeln und Hinterhäusern,Geschlossene Blockbebauung Hinterhof (1870er-1918), 5-geschossig,13207,84,84,59,25,25,56,22,3,19,0200020621000100,Wohnnutzung,681
Mitte,Tiergarten,,dichte Bebauung mit überwiegender Nutzung durch Gewerbe und Industrie,Gewerbe- und Industriegebiet großflächiger Einzelhandel, dichte Bebauung,22538,94,94,60,34,34,74,20,1,5,0200020621000200,Gewerbe- und Industrienutzung großflächiger Einzelhandel,0
Mitte,Tiergarten,,Blockbebauung der Gründerzeit mit Seitenflügeln und Hinterhäusern,Geschlossene Blockbebauung Hinterhof (1870er-1918), 5-geschossig,11851,79,79,50,29,29,56,22,3,19,0200020631000100,Wohnnutzung,539
Mitte,Tiergarten,,Bebauung mit überwiegender Nutzung durch Gemeinbedarf und Sondernutzung Verkehrsflächen ohne Straßenland oder Baustellen,Krankenhaus,92403,51,51,31,20,20,42,38,8,12,0200020631000200,Gemeinbedarfs- und Sondernutzungen,93
Mitte,Tiergarten,,Blockbebauung der Gründerzeit mit Seitenflügeln und Hinterhäusern,Geschlossene Blockbebauung Hinterhof (1870er-1918), 5-geschossig,20634,62,62,40,22,22,56,22,3,19,0200020631000300,Wohnnutzung,631
Mitte,Tiergarten,,Blockbebauung der Gründerzeit mit Seitenflügeln und Hinterhäusern,Geschlossene Blockbebauung Hinterhof (1870er-1918), 5-geschossig,27517,68,68,46,22,22,56,22,3,19,0200020771000000,Wohnnutzung,1228
Mitte,Tiergarten,,Blockbebauung der Gründerzeit mit Seitenflügeln und Hinterhäusern,Geschlossene Blockbebauung Hinterhof (1870er-1918), 5-geschossig,17226,62,62,41,21,21,56,22,3,19,0200020781000000,Wohnnutzung,504
Mitte,Tiergarten,,Blockbebauung der Gründerzeit mit Seitenflügeln und Hinterhäusern,Geschlossene Blockbebauung Hinterhof (1870er-1918), 5-geschossig,31859,80,80,57,23,23,56,22,3,19,0200020791000100,Mischnutzung,1215
Mitte,Tiergarten,,Bebauung mit überwiegender Nutzung durch Gemeinbedarf und Sondernutzung Verkehrsflächen ohne Straßenland oder Baustellen,Sonstige Gemeinbedarfs- und Sondergebiete,9409,69,69,46,23,23,36,42,5,17,0200020791000200,Gemeinbedarfs- und Sondernutzungen,
Mitte,Tiergarten,,dichte Bebauung mit überwiegender Nutzung durch Gewerbe und Industrie,Mischgebiet ohne Wohngebietscharakter dichte Bebauung,33211,91,91,54,37,37,74,20,1,5,0200020801000000,Mischnutzung,409
Mitte,Tiergarten,,Blockbebauung der Gründerzeit mit Seitenflügeln und Hinterhäusern,Geschlossene Blockbebauung Hinterhof (1870er-1918), 5-geschossig,20197,82,82,56,25,25,56,22,3,19,0200020811000000,Wohnnutzung,966
Mitte,Tiergarten,,Blockbebauung der Gründerzeit mit Seitenflügeln und Hinterhäusern,Geschlossene Blockbebauung Hinterhof (1870er-1918), 5-geschossig,37106,74,74,52,22,22,56,22,3,19,0200020821000000,Wohnnutzung,1678
Mitte,Tiergarten,,Blockbebauung der Gründerzeit mit Seitenflügeln und Hinterhäusern,Geschlossene Blockbebauung Hinterhof (1870er-1918), 5-geschossig,7472,76,76,63,13,13,56,22,3,19,0200020831000100,Wohnnutzung,295
Mitte,Tiergarten,Park / Grünfläche,nicht oder gering bebaute Flächen der Gemeinbedarfs- und Sondernutzungen sowie Grün- und Freiflächen,Grünanlage/Park,19612,15,15,0,14,14,30,20,5,45,0200020831000200,,
Mitte,Tiergarten,,Bebauung mit überwiegender Nutzung durch Gemeinbedarf und Sondernutzung Verkehrsflächen ohne Straßenland oder Baustellen,Parkplatz,3175,41,41,0,41,41,31,53,7,9,0200025011000000,Verkehrsflächen,
Mitte,Tiergarten,,Bebauung mit überwiegender Nutzung durch Gemeinbedarf und Sondernutzung Verkehrsflächen ohne Straßenland oder Baustellen,Parkplatz,3533,53,53,4,48,48,31,53,7,9,0200025021000000,Verkehrsflächen,
Mitte,Tiergarten,Park / Grünfläche,nicht oder gering bebaute Flächen der Gemeinbedarfs- und Sondernutzungen sowie Grün- und Freiflächen,Grünanlage/Park,11978,21,21,11,10,10,30,20,5,45,0200030841000000,,
Mitte,Tiergarten,Park / Grünfläche,nicht oder gering bebaute Flächen der Gemeinbedarfs- und Sondernutzungen sowie Grün- und Freiflächen,Grünanlage/Park,40067,9,9,2,7,7,30,20,5,45,0200030851000100,,
Mitte,Tiergarten,,Bebauung mit überwiegender Nutzung durch Gemeinbedarf und Sondernutzung Verkehrsflächen ohne Straßenland oder Baustellen,Altbau-Schule (vor 1945),30656,41,41,19,22,22,57,32,4,7,0200030851000200,Gemeinbedarfs- und Sondernutzungen,12
Mitte,Tiergarten,,Bebauung mit überwiegender Nutzung durch Gemeinbedarf und Sondernutzung Verkehrsflächen ohne Straßenland oder Baustellen,Altbau-Schule (vor 1945),12786,71,71,43,28,28,57,32,4,7,0200030951000000,Gemeinbedarfs- und Sondernutzungen,67
Mitte,Tiergarten,,Blockrandbebauung der Gründerzeit mit massiven Veränderungen,Entkernte Blockrandbebauung Lückenschluss nach 1945,7742,59,59,36,23,23,41,27,4,28,0200030961000000,Wohnnutzung,230
Mitte,Tiergarten,,Blockrandbebauung der Gründerzeit mit massiven Veränderungen,Entkernte Blockrandbebauung Lückenschluss nach 1945,11165,70,70,50,20,20,41,27,4,28,0200030971000000,Wohnnutzung,502
Mitte,Tiergarten,,Bebauung mit überwiegender Nutzung durch Gemeinbedarf und Sondernutzung Verkehrsflächen ohne Straßenland oder Baustellen,Altbau-Schule (vor 1945),18069,62,62,41,21,21,57,32,4,7,0200030981000000,Gemeinbedarfs- und Sondernutzungen,254
Mitte,Tiergarten,,Blockbebauung der Gründerzeit mit Seitenflügeln und Hinterhäusern,Geschlossene Blockbebauung Hinterhof (1870er-1918), 5-geschossig,31606,78,78,51,27,27,56,22,3,19,0200030991000000,Wohnnutzung,1097
Mitte,Tiergarten,,Blockrandbebauung der Gründerzeit mit massiven Veränderungen,Entkernte Blockrandbebauung Lückenschluss nach 1945,6609,58,58,41,17,17,41,27,4,28,0200031001000000,Wohnnutzung,232
Mitte,Tiergarten,Stadtplatz / Promenade,nicht oder gering bebaute Flächen der Gemeinbedarfs- und Sondernutzungen sowie Grün- und Freiflächen,Stadtplatz/Promenade,3089,13,13,2,11,11,50,20,10,20,0200031011000000,,
Mitte,Tiergarten,,Blockrandbebauung der Gründerzeit mit massiven Veränderungen,Entkernte Blockrandbebauung Lückenschluss nach 1945,10966,59,59,41,19,19,41,27,4,28,0200031021000000,Wohnnutzung,397
Mitte,Tiergarten,,hohe Bebauung der Nachkriegszeit,Heterogene innerstädtische Mischbebauung, Lückenschluss nach 1945,11346,74,74,51,23,23,45,28,13,14,0200031031000000,Wohnnutzung,191
Mitte,Tiergarten,,Blockbebauung der Gründerzeit mit Seitenflügeln und Hinterhäusern,Geschlossene Blockbebauung Hinterhof (1870er-1918), 5-geschossig,44350,76,76,54,22,22,56,22,3,19,0200031041000000,Wohnnutzung,1742
Mitte,Tiergarten,Sportnutzungen,nicht oder gering bebaute Flächen der Gemeinbedarfs- und Sondernutzungen sowie Grün- und Freiflächen,Sportanlage ungedeckt,34158,32,32,8,25,25,,,,,0200031051000000,Gemeinbedarfs- und Sondernutzungen,3
Mitte,Tiergarten,,Blockrandbebauung der Gründerzeit mit massiven Veränderungen,Entkernte Blockrandbebauung Lückenschluss nach 1945,14950,64,64,41,23,23,41,27,4,28,0200031061000000,Wohnnutzung,518
Mitte,Tiergarten,,Blockrandbebauung der Gründerzeit mit massiven Veränderungen,Entkernte Blockrandbebauung Lückenschluss nach 1945,10235,70,70,43,27,27,41,27,4,28,0200031071000000,Wohnnutzung,381
Mitte,Tiergarten,,Blockrandbebauung der Gründerzeit mit massiven Veränderungen,Entkernte Blockrandbebauung Lückenschluss nach 1945,11754,60,60,37,22,22,41,27,4,28,0200031081000000,Wohnnutzung,377
Mitte,Tiergarten,,Blockbebauung der Gründerzeit mit Seitenflügeln und Hinterhäusern,Geschlossene Blockbebauung Hinterhof (1870er-1918), 5-geschossig,18667,72,72,52,21,21,56,22,3,19,0200031091000000,Wohnnutzung,769
Mitte,Tiergarten,,Blockbebauung der Gründerzeit mit Seitenflügeln und Hinterhäusern,Geschlossene Blockbebauung Hinterhof (1870er-1918), 5-geschossig,26884,79,79,57,22,22,56,22,3,19,0200031101000000,Wohnnutzung,756
Mitte,Tiergarten,,Blockbebauung der Gründerzeit mit Seitenflügeln und Hinterhäusern,Geschlossene Blockbebauung Hinterhof (1870er-1918), 5-geschossig,13932,74,74,56,19,19,56,22,3,19,0200031111000000,Wohnnutzung,566
Mitte,Tiergarten,,Blockbebauung der Gründerzeit mit Seitenflügeln und Hinterhäusern,Geschlossene Blockbebauung Hinterhof (1870er-1918), 5-geschossig,13839,79,79,58,21,21,56,22,3,19,0200031121000000,Wohnnutzung,635
Mitte,Tiergarten,,Blockbebauung der Gründerzeit mit Seitenflügeln und Hinterhäusern,Geschlossene Blockbebauung Hinterhof (1870er-1918), 5-geschossig,25970,64,64,44,20,20,56,22,3,19,0200031131000000,Wohnnutzung,823
Mitte,Tiergarten,,Blockbebauung der Gründerzeit mit Seitenflügeln und Hinterhäusern,Geschlossene Blockbebauung Hinterhof (1870er-1918), 5-geschossig,12604,86,86,61,24,24,56,22,3,19,0200031141000000,Wohnnutzung,657
Mitte,Tiergarten,,Blockbebauung der Gründerzeit mit Seitenflügeln und Hinterhäusern,Geschlossene Blockbebauung Hinterhof (1870er-1918), 5-geschossig,13847,68,68,46,22,22,56,22,3,19,0200031151000000,Wohnnutzung,533
Mitte,Tiergarten,,dichte Bebauung mit überwiegender Nutzung durch Gewerbe und Industrie,Gewerbe- und Industriegebiet großflächiger Einzelhandel, dichte Bebauung,49730,87,87,49,38,38,74,20,1,5,0200031161000100,Gewerbe- und Industrienutzung großflächiger Einzelhandel,
Mitte,Tiergarten,,Bebauung mit überwiegender Nutzung durch Gemeinbedarf und Sondernutzung Verkehrsflächen ohne Straßenland oder Baustellen,Verwaltung,30067,77,77,47,30,30,41,42,15,2,0200031161000200,Gemeinbedarfs- und Sondernutzungen,64
Mitte,Tiergarten,,Blockbebauung der Gründerzeit mit Seitenflügeln und Hinterhäusern,Geschlossene Blockbebauung Hinterhof (1870er-1918), 5-geschossig,8847,88,88,65,23,23,56,22,3,19,0200031161000300,Wohnnutzung,437
Mitte,Tiergarten,,Blockbebauung der Gründerzeit mit Seitenflügeln und Hinterhäusern,Geschlossene Blockbebauung Hinterhof (1870er-1918), 5-geschossig,11030,73,73,46,26,26,56,22,3,19,0200031161000400,Wohnnutzung,145
Mitte,Tiergarten,,Blockbebauung der Gründerzeit mit Seitenflügeln und Hinterhäusern,Geschlossene Blockbebauung Hinterhof (1870er-1918), 5-geschossig,21254,88,88,68,20,20,56,22,3,19,0200031171000000,Wohnnutzung,964
Mitte,Tiergarten,,Zeilenbebauung seit den 50er Jahren,Freie Zeilenbebauung (1950er-1970er) mit landschaftlichem Siedlungsgrün, 3–6-geschossig,20123,44,44,23,21,21,49,46,3,2,0200031351000000,Wohnnutzung,1262
Mitte,Tiergarten,,Zeilenbebauung seit den 50er Jahren,Freie Zeilenbebauung (1950er-1970er) mit landschaftlichem Siedlungsgrün, 3–6-geschossig,42993,43,43,24,19,19,49,46,3,2,0200031401000000,Wohnnutzung,838
Mitte,Tiergarten,,Blockrandbebauung der Gründerzeit mit massiven Veränderungen,Entkernte Blockrandbebauung Lückenschluss nach 1945,28679,65,65,41,23,23,41,27,4,28,0200031411000000,Wohnnutzung,813
Mitte,Tiergarten,,Siedlungsbebauung der 90er Jahre,Geschosswohnungsbau der 1990er Jahre und jünger (1990er bis heute),11187,44,44,23,21,21,20,60,10,10,0200031421000000,Wohnnutzung,155
Mitte,Tiergarten,,Bebauung mit überwiegender Nutzung durch Gemeinbedarf und Sondernutzung Verkehrsflächen ohne Straßenland oder Baustellen,Kultur,5378,27,27,12,14,14,41,42,15,2,0200031441000000,Gemeinbedarfs- und Sondernutzungen,
Mitte,Tiergarten,,Bebauung mit überwiegender Nutzung durch Gemeinbedarf und Sondernutzung Verkehrsflächen ohne Straßenland oder Baustellen,Parkplatz,855,52,52,0,52,52,31,53,7,9,0200035011000000,Verkehrsflächen,
Mitte,Tiergarten,,Bebauung mit überwiegender Nutzung durch Gemeinbedarf und Sondernutzung Verkehrsflächen ohne Straßenland oder Baustellen,Parkplatz,1665,22,22,0,22,22,31,53,7,9,0200035021000000,Verkehrsflächen,
Mitte,Tiergarten,,Bebauung mit überwiegender Nutzung durch Gemeinbedarf und Sondernutzung Verkehrsflächen ohne Straßenland oder Baustellen,Parkplatz,1822,34,34,0,34,34,31,53,7,9,0200035031000000,Verkehrsflächen,
Mitte,Tiergarten,Park / Grünfläche,Bebauung mit überwiegender Nutzung durch Gemeinbedarf und Sondernutzung Verkehrsflächen ohne Straßenland oder Baustellen,sonstige Verkehrsflächen (z.B. Verkehrsinseln etc.),1208,35,35,0,35,35,42,32,19,7,0200035061000000,Verkehrsflächen,
Mitte,Tiergarten,Park / Grünfläche,Bebauung mit überwiegender Nutzung durch Gemeinbedarf und Sondernutzung Verkehrsflächen ohne Straßenland oder Baustellen,sonstige Verkehrsflächen (z.B. Verkehrsinseln etc.),1635,24,24,0,24,24,42,32,19,7,0200035071000000,Verkehrsflächen,
Mitte,Tiergarten,Park / Grünfläche,Bebauung mit überwiegender Nutzung durch Gemeinbedarf und Sondernutzung Verkehrsflächen ohne Straßenland oder Baustellen,sonstige Verkehrsflächen (z.B. Verkehrsinseln etc.),1475,34,34,0,34,34,42,32,19,7,0200035081000000,Verkehrsflächen,
Mitte,Tiergarten,Park / Grünfläche,Bebauung mit überwiegender Nutzung durch Gemeinbedarf und Sondernutzung Verkehrsflächen ohne Straßenland oder Baustellen,sonstige Verkehrsflächen (z.B. Verkehrsinseln etc.),1275,45,45,0,45,45,42,32,19,7,0200035091000000,Verkehrsflächen,
Mitte,Tiergarten,Park / Grünfläche,nicht oder gering bebaute Flächen der Gemeinbedarfs- und Sondernutzungen sowie Grün- und Freiflächen,Grünanlage/Park,5752,17,17,0,17,17,30,20,5,45,0200035101000000,,
Mitte,Tiergarten,Park / Grünfläche,nicht oder gering bebaute Flächen der Gemeinbedarfs- und Sondernutzungen sowie Grün- und Freiflächen,Grünanlage/Park,3616,18,17,4,15,14,30,20,5,45,0200035111000000,,
Mitte,Tiergarten,Stadtplatz / Promenade,nicht oder gering bebaute Flächen der Gemeinbedarfs- und Sondernutzungen sowie Grün- und Freiflächen,Stadtplatz/Promenade,3115,25,25,0,25,25,50,20,10,20,0200035121000000,,
Mitte,Tiergarten,Park / Grünfläche,nicht oder gering bebaute Flächen der Gemeinbedarfs- und Sondernutzungen sowie Grün- und Freiflächen,Grünanlage/Park,8589,29,29,9,20,20,30,20,5,45,0200036021000100,,
Mitte,Tiergarten,,Bebauung mit überwiegender Nutzung durch Gemeinbedarf und Sondernutzung Verkehrsflächen ohne Straßenland oder Baustellen,Altbau-Schule (vor 1945),25644,62,62,21,42,42,57,32,4,7,0200036021000200,Gemeinbedarfs- und Sondernutzungen,0
Mitte,Tiergarten,,Zeilenbebauung seit den 50er Jahren,Freie Zeilenbebauung (1950er-1970er) mit landschaftlichem Siedlungsgrün, 3–6-geschossig,19700,39,38,14,25,24,49,46,3,2,0200036031000000,Wohnnutzung,224
Mitte,Tiergarten,,Zeilenbebauung seit den 50er Jahren,Freie Zeilenbebauung (1950er-1970er) mit landschaftlichem Siedlungsgrün, 3–6-geschossig,19046,22,22,8,14,14,49,46,3,2,0200036041000100,Wohnnutzung,265
Mitte,Tiergarten,,Blockrandbebauung der Gründerzeit mit massiven Veränderungen,Entkernte Blockrandbebauung Lückenschluss nach 1945,15345,56,55,27,29,28,41,27,4,28,0200036041000200,Mischnutzung,144
Mitte,Tiergarten,,Zeilenbebauung seit den 50er Jahren,Freie Zeilenbebauung (1950er-1970er) mit landschaftlichem Siedlungsgrün, 3–6-geschossig,6730,29,29,20,10,10,49,46,3,2,0200036051000000,Wohnnutzung,62
Mitte,Tiergarten,,Zeilenbebauung seit den 50er Jahren,Freie Zeilenbebauung (1950er-1970er) mit landschaftlichem Siedlungsgrün, 3–6-geschossig,26366,21,21,9,12,12,49,46,3,2,0200036061000100,Wohnnutzung,249
Mitte,Tiergarten,,Bebauung mit überwiegender Nutzung durch Gemeinbedarf und Sondernutzung Verkehrsflächen ohne Straßenland oder Baustellen,Kultur,19469,46,46,30,16,16,41,42,15,2,0200036061000200,Gemeinbedarfs- und Sondernutzungen,88
Mitte,Tiergarten,,Zeilenbebauung seit den 50er Jahren,Freie Zeilenbebauung (1950er-1970er) mit landschaftlichem Siedlungsgrün, 3–6-geschossig,35104,27,26,15,12,11,49,46,3,2,0200036071000000,Wohnnutzung,185
Mitte,Tiergarten,,Zeilenbebauung seit den 50er Jahren,Freie Zeilenbebauung (1950er-1970er) mit landschaftlichem Siedlungsgrün, 3–6-geschossig,26645,36,36,19,17,17,49,46,3,2,0200036081000000,Wohnnutzung,248
Mitte,Tiergarten,,Zeilenbebauung seit den 50er Jahren,Freie Zeilenbebauung (1950er-1970er) mit landschaftlichem Siedlungsgrün, 3–6-geschossig,26275,36,36,17,20,20,49,46,3,2,0200036091000000,Wohnnutzung,285
Mitte,Tiergarten,,Blockrandbebauung der Gründerzeit mit massiven Veränderungen,Entkernte Blockrandbebauung Lückenschluss nach 1945,15326,59,59,30,29,29,41,27,4,28,0200036161000000,Wohnnutzung,154
Mitte,Tiergarten,,hohe Bebauung der Nachkriegszeit,Heterogene innerstädtische Mischbebauung, Lückenschluss nach 1945,18956,66,66,39,27,27,45,28,13,14,0200036401000100,Wohnnutzung,634
Mitte,Tiergarten,,Bebauung mit überwiegender Nutzung durch Gemeinbedarf und Sondernutzung Verkehrsflächen ohne Straßenland oder Baustellen,Kirche,8250,27,27,14,13,13,65,7,16,12,0200036401000200,Gemeinbedarfs- und Sondernutzungen,
Mitte,Tiergarten,Park / Grünfläche,nicht oder gering bebaute Flächen der Gemeinbedarfs- und Sondernutzungen sowie Grün- und Freiflächen,Grünanlage/Park,6113,11,11,0,11,11,30,20,5,45,0200036401000300,,
Mitte,Tiergarten,Gewässer,,Gewässer,14076,,,,,,,,,,0200038591000000,,
Mitte,Tiergarten,Gewässer,,Gewässer,23886,,,,,,,,,,0200038601000000,,
Mitte,Tiergarten,Gewässer,,Gewässer,26929,,,,,,,,,,0200038611000000,,
Mitte,Tiergarten,Gewässer,,Gewässer,17372,,,,,,,,,,0200038621000000,,
Mitte,Tiergarten,Gewässer,,Gewässer,46080,,,,,,,,,,0200038631000000,,
Mitte,Tiergarten,,Bebauung mit überwiegender Nutzung durch Gemeinbedarf und Sondernutzung Verkehrsflächen ohne Straßenland oder Baustellen,Gleiskörper,15221,87,59,59,28,0,5,5,0,90,0200039071000100,Verkehrsflächen,
Mitte,Tiergarten,,Bebauung mit überwiegender Nutzung durch Gemeinbedarf und Sondernutzung Verkehrsflächen ohne Straßenland oder Baustellen,Bahnhof und Bahnanlage ohne Gleiskörper,3117,89,73,73,15,0,5,5,0,90,0200039071000200,Verkehrsflächen,
Mitte,Tiergarten,,Bebauung mit überwiegender Nutzung durch Gemeinbedarf und Sondernutzung Verkehrsflächen ohne Straßenland oder Baustellen,Gleiskörper,9827,96,77,76,20,1,5,5,0,90,0200039081000100,Verkehrsflächen,
Mitte,Tiergarten,,Bebauung mit überwiegender Nutzung durch Gemeinbedarf und Sondernutzung Verkehrsflächen ohne Straßenland oder Baustellen,Bahnhof und Bahnanlage ohne Gleiskörper,2565,98,71,71,27,0,5,5,0,90,0200039081000300,Verkehrsflächen,
Mitte,Tiergarten,Park / Grünfläche,nicht oder gering bebaute Flächen der Gemeinbedarfs- und Sondernutzungen sowie Grün- und Freiflächen,Wald,83175,4,4,1,3,3,5,5,0,90,0200041561000100,,
Mitte,Tiergarten,Gewässer,,Gewässer,2494,,,,,,,,,,0200041561000300,,
Mitte,Tiergarten,Park / Grünfläche,Bebauung mit überwiegender Nutzung durch Gemeinbedarf und Sondernutzung Verkehrsflächen ohne Straßenland oder Baustellen,Verwaltung,97045,16,16,7,9,9,41,42,15,2,0200041561000400,Gemeinbedarfs- und Sondernutzungen,
Mitte,Tiergarten,Stadtplatz / Promenade,nicht oder gering bebaute Flächen der Gemeinbedarfs- und Sondernutzungen sowie Grün- und Freiflächen,Stadtplatz/Promenade,9303,46,46,7,39,39,50,20,10,20,0200041771000000,,
Mitte,Tiergarten,Park / Grünfläche,nicht oder gering bebaute Flächen der Gemeinbedarfs- und Sondernutzungen sowie Grün- und Freiflächen,Wald,10182,9,9,0,9,8,5,5,0,90,0200041781000000,,
Mitte,Tiergarten,Park / Grünfläche,nicht oder gering bebaute Flächen der Gemeinbedarfs- und Sondernutzungen sowie Grün- und Freiflächen,Wald,91255,6,6,1,5,5,5,5,0,90,0200041801000100,,
Mitte,Tiergarten,Gewässer,,Gewässer,41359,,,,,,,,,,0200041801000600,,
Mitte,Tiergarten,Park / Grünfläche,nicht oder gering bebaute Flächen der Gemeinbedarfs- und Sondernutzungen sowie Grün- und Freiflächen,Wald,100380,4,4,1,2,2,5,5,0,90,0200046101000100,,86
Mitte,Tiergarten,Gewässer,,Gewässer,1092,,,,,,,,,,0200046101000200,,
Mitte,Tiergarten,Gewässer,,Gewässer,2341,,,,,,,,,,0200046101000300,,
Mitte,Tiergarten,Park / Grünfläche,nicht oder gering bebaute Flächen der Gemeinbedarfs- und Sondernutzungen sowie Grün- und Freiflächen,Wald,71120,1,1,0,1,1,5,5,0,90,0200046111000100,,
Mitte,Tiergarten,Gewässer,,Gewässer,10788,,,,,,,,,,0200046111000200,,
Mitte,Tiergarten,Park / Grünfläche,nicht oder gering bebaute Flächen der Gemeinbedarfs- und Sondernutzungen sowie Grün- und Freiflächen,Wald,158454,2,2,0,2,2,5,5,0,90,0200046111000300,,
Mitte,Tiergarten,,Bebauung mit überwiegender Nutzung durch Gemeinbedarf und Sondernutzung Verkehrsflächen ohne Straßenland oder Baustellen,Gleiskörper,3182,95,59,57,38,2,5,5,0,90,0200049091000000,Verkehrsflächen,
Mitte,Wedding,,Bebauung mit überwiegender Nutzung durch Gemeinbedarf und Sondernutzung Verkehrsflächen ohne Straßenland oder Baustellen,Hochschule und Forschung,13956,65,65,47,18,18,15,70,12,3,0300091881000000,Gemeinbedarfs- und Sondernutzungen,3
Mitte,Wedding,,Blockbebauung der Gründerzeit mit Seitenflügeln und Hinterhäusern,Dichte Blockbebauung geschlossener Hinterhof (1870er-1918), 5-6-geschossig,24170,80,80,54,26,26,64,17,4,15,0300091891000000,Wohnnutzung,1224
Mitte,Wedding,,Blockbebauung der Gründerzeit mit Seitenflügeln und Hinterhäusern,Dichte Blockbebauung geschlossener Hinterhof (1870er-1918), 5-6-geschossig,30640,83,83,61,22,22,64,17,4,15,0300091901000000,Wohnnutzung,1407
Mitte,Wedding,Park / Grünfläche,nicht oder gering bebaute Flächen der Gemeinbedarfs- und Sondernutzungen sowie Grün- und Freiflächen,Wald,28943,1,1,0,1,1,5,5,0,90,0300101851000000,,
Mitte,Wedding,,Bebauung mit überwiegender Nutzung durch Gemeinbedarf und Sondernutzung Verkehrsflächen ohne Straßenland oder Baustellen,Krankenhaus,336144,60,60,33,27,27,42,38,8,12,0300101861000000,Gemeinbedarfs- und Sondernutzungen,33
Charlottenburg-Wilmersdorf,Charlottenburg,,geringe Bebauung mit überwiegender Nutzung durch Gewerbe und Industrie,Gewerbe- und Industriegebiet großflächiger Einzelhandel, geringe Bebauung,13860,92,92,35,58,58,48,38,1,13,0700190131000100,Gewerbe- und Industrienutzung großflächiger Einzelhandel,
Charlottenburg-Wilmersdorf,Charlottenburg,,Bebauung mit überwiegender Nutzung durch Gemeinbedarf und Sondernutzung Verkehrsflächen ohne Straßenland oder Baustellen,Sicherheit und Ordnung,158988,58,58,24,34,34,54,25,3,18,0700190131000200,Gemeinbedarfs- und Sondernutzungen,95
Charlottenburg-Wilmersdorf,Charlottenburg,Kleingarten,nicht oder gering bebaute Flächen der Gemeinbedarfs- und Sondernutzungen sowie Grün- und Freiflächen,Kleingartenanlage allgemein,15252,27,27,3,24,24,5,31,4,60,0700190171000200,,
Charlottenburg-Wilmersdorf,Charlottenburg,Kleingarten,nicht oder gering bebaute Flächen der Gemeinbedarfs- und Sondernutzungen sowie Grün- und Freiflächen,Kleingartenanlage allgemein,77436,19,19,2,17,17,5,31,4,60,0700190171000300,,
Charlottenburg-Wilmersdorf,Charlottenburg,,geringe Bebauung mit überwiegender Nutzung durch Gewerbe und Industrie,Gewerbe- und Industriegebiet großflächiger Einzelhandel, geringe Bebauung,17846,65,65,11,54,54,48,38,1,13,0700190171000400,Gewerbe- und Industrienutzung großflächiger Einzelhandel,
Charlottenburg-Wilmersdorf,Charlottenburg,Kleingarten,nicht oder gering bebaute Flächen der Gemeinbedarfs- und Sondernutzungen sowie Grün- und Freiflächen,Kleingartenanlage allgemein,23694,26,26,3,23,23,5,31,4,60,0700190171000500,,
Charlottenburg-Wilmersdorf,Charlottenburg,,dichte Bebauung mit überwiegender Nutzung durch Gewerbe und Industrie,Gewerbe- und Industriegebiet großflächiger Einzelhandel, dichte Bebauung,30902,84,84,46,38,38,74,20,1,5,0700190261000000,Gewerbe- und Industrienutzung großflächiger Einzelhandel,
Charlottenburg-Wilmersdorf,Charlottenburg,,dichte Bebauung mit überwiegender Nutzung durch Gewerbe und Industrie,Gewerbe- und Industriegebiet großflächiger Einzelhandel, dichte Bebauung,22897,91,91,47,44,44,74,20,1,5,0700190331000000,Gewerbe- und Industrienutzung großflächiger Einzelhandel,6
Charlottenburg-Wilmersdorf,Charlottenburg,Brachfläche Mischbestand aus Wiesen, Gebüsch und Bäumen,nicht oder gering bebaute Flächen der Gemeinbedarfs- und Sondernutzungen sowie Grün- und Freiflächen,Brachfläche,3931,0,0,0,0,0,20,10,0,70,0700195051000000,,
Charlottenburg-Wilmersdorf,Charlottenburg,Sportnutzungen,nicht oder gering bebaute Flächen der Gemeinbedarfs- und Sondernutzungen sowie Grün- und Freiflächen,Sportanlage ungedeckt,10892,12,12,4,8,8,,,,,0700196011000100,Gemeinbedarfs- und Sondernutzungen,
Charlottenburg-Wilmersdorf,Charlottenburg,Kleingarten,nicht oder gering bebaute Flächen der Gemeinbedarfs- und Sondernutzungen sowie Grün- und Freiflächen,Kleingartenanlage allgemein,405824,26,26,5,21,21,5,31,4,60,0700196011000200,,244
Charlottenburg-Wilmersdorf,Charlottenburg,Brachfläche vegetationsfrei,geringe Bebauung mit überwiegender Nutzung durch Gewerbe und Industrie,Mischgebiet ohne Wohngebietscharakter geringe Bebauung,49641,44,44,1,43,43,48,38,1,13,0700196041000000,Mischnutzung,9
Charlottenburg-Wilmersdorf,Charlottenburg,,geringe Bebauung mit überwiegender Nutzung durch Gewerbe und Industrie,Gewerbe- und Industriegebiet großflächiger Einzelhandel, geringe Bebauung,6705,85,85,18,67,67,48,38,1,13,0700196061000000,Gewerbe- und Industrienutzung großflächiger Einzelhandel,17
Charlottenburg-Wilmersdorf,Charlottenburg,,geringe Bebauung mit überwiegender Nutzung durch Gewerbe und Industrie,Gewerbe- und Industriegebiet großflächiger Einzelhandel, geringe Bebauung,7203,36,36,6,30,30,48,38,1,13,0700196531000000,Gewerbe- und Industrienutzung großflächiger Einzelhandel,
Charlottenburg-Wilmersdorf,Charlottenburg,,niedrige Bebauung mit Hausgärten,Freistehende Einfamilienhäuser mit Garten,50891,29,29,12,16,16,18,74,2,6,0700196801000200,Wohnnutzung,75
Charlottenburg-Wilmersdorf,Charlottenburg,,geringe Bebauung mit überwiegender Nutzung durch Gewerbe und Industrie,Gewerbe- und Industriegebiet großflächiger Einzelhandel, geringe Bebauung,10426,59,59,9,50,50,48,38,1,13,0700196801000300,Gewerbe- und Industrienutzung großflächiger Einzelhandel,
Charlottenburg-Wilmersdorf,Charlottenburg,Kleingarten,nicht oder gering bebaute Flächen der Gemeinbedarfs- und Sondernutzungen sowie Grün- und Freiflächen,Kleingartenanlage allgemein,9425,31,31,3,28,28,5,31,4,60,0700196801000400,,3
Charlottenburg-Wilmersdorf,Charlottenburg,,geringe Bebauung mit überwiegender Nutzung durch Gewerbe und Industrie,Gewerbe- und Industriegebiet großflächiger Einzelhandel, geringe Bebauung,49339,64,64,18,46,46,48,38,1,13,0700196801000500,Gewerbe- und Industrienutzung großflächiger Einzelhandel,3
Charlottenburg-Wilmersdorf,Charlottenburg,,Bebauung mit überwiegender Nutzung durch Gemeinbedarf und Sondernutzung Verkehrsflächen ohne Straßenland oder Baustellen,Sicherheit und Ordnung,51831,58,58,20,38,38,54,25,3,18,0700196801000600,Gemeinbedarfs- und Sondernutzungen,66
Charlottenburg-Wilmersdorf,Charlottenburg,Kleingarten,nicht oder gering bebaute Flächen der Gemeinbedarfs- und Sondernutzungen sowie Grün- und Freiflächen,Kleingartenanlage allgemein,73613,26,26,3,24,24,5,31,4,60,0700196801000700,,
Charlottenburg-Wilmersdorf,Charlottenburg,Kleingarten,nicht oder gering bebaute Flächen der Gemeinbedarfs- und Sondernutzungen sowie Grün- und Freiflächen,Kleingartenanlage allgemein,231740,25,25,2,22,22,5,31,4,60,0700196801000800,,15
Charlottenburg-Wilmersdorf,Charlottenburg,,geringe Bebauung mit überwiegender Nutzung durch Gewerbe und Industrie,Gewerbe- und Industriegebiet großflächiger Einzelhandel, geringe Bebauung,96985,71,71,26,44,44,48,38,1,13,0700196921000000,Gewerbe- und Industrienutzung großflächiger Einzelhandel,
Charlottenburg-Wilmersdorf,Charlottenburg,Kleingarten,nicht oder gering bebaute Flächen der Gemeinbedarfs- und Sondernutzungen sowie Grün- und Freiflächen,Kleingartenanlage allgemein,86898,27,27,3,24,24,5,31,4,60,0700196941000000,,22
Charlottenburg-Wilmersdorf,Charlottenburg,Kleingarten,nicht oder gering bebaute Flächen der Gemeinbedarfs- und Sondernutzungen sowie Grün- und Freiflächen,Kleingartenanlage allgemein,103474,30,30,5,26,26,5,31,4,60,0700197421000100,,9
Charlottenburg-Wilmersdorf,Charlottenburg,,geringe Bebauung mit überwiegender Nutzung durch Gewerbe und Industrie,Flächen der Ver- und Entsorgung,26930,92,92,44,48,48,31,56,1,12,0700197421000200,Ver- und Entsorgungseinrichtungen,391
Charlottenburg-Wilmersdorf,Charlottenburg,,geringe Bebauung mit überwiegender Nutzung durch Gewerbe und Industrie,Flächen der Ver- und Entsorgung,33178,82,82,21,60,60,31,56,1,12,0700197421000300,Ver- und Entsorgungseinrichtungen,316
Charlottenburg-Wilmersdorf,Charlottenburg,,dichte Bebauung mit überwiegender Nutzung durch Gewerbe und Industrie,Gewerbe- und Industriegebiet großflächiger Einzelhandel, dichte Bebauung,18488,89,89,56,33,33,74,20,1,5,0700197421000400,Gewerbe- und Industrienutzung großflächiger Einzelhandel,0
Charlottenburg-Wilmersdorf,Charlottenburg,,geringe Bebauung mit überwiegender Nutzung durch Gewerbe und Industrie,Gewerbe- und Industriegebiet großflächiger Einzelhandel, geringe Bebauung,23528,95,95,38,56,56,48,38,1,13,0700197631000000,Gewerbe- und Industrienutzung großflächiger Einzelhandel,0
Charlottenburg-Wilmersdorf,Charlottenburg,Gewässer,,Gewässer,16651,,,,,,,,,,0700198521000000,,
Charlottenburg-Wilmersdorf,Charlottenburg,Gewässer,,Gewässer,56336,,,,,,,,,,0700198531000000,,
Charlottenburg-Wilmersdorf,Charlottenburg,Gewässer,,Gewässer,6364,,,,,,,,,,0700198541000000,,
Charlottenburg-Wilmersdorf,Charlottenburg,,Bebauung mit überwiegender Nutzung durch Gemeinbedarf und Sondernutzung Verkehrsflächen ohne Straßenland oder Baustellen,Gleiskörper,25946,63,0,0,63,0,5,5,0,90,0700199011000000,Verkehrsflächen,
Charlottenburg-Wilmersdorf,Charlottenburg,,Blockbebauung der Gründerzeit mit Seitenflügeln und Hinterhäusern,Geschlossene Blockbebauung Hinterhof (1870er-1918), 5-geschossig,21754,78,78,51,27,27,56,22,3,19,0700200511000000,Wohnnutzung,854
Charlottenburg-Wilmersdorf,Charlottenburg,,Blockbebauung der Gründerzeit mit Seitenflügeln und Hinterhäusern,Geschlossene Blockbebauung Hinterhof (1870er-1918), 5-geschossig,10778,79,79,56,22,22,56,22,3,19,0700200521000000,Wohnnutzung,436
Charlottenburg-Wilmersdorf,Charlottenburg,,Blockbebauung der Gründerzeit mit Seitenflügeln und Hinterhäusern,Geschlossene Blockbebauung Hinterhof (1870er-1918), 5-geschossig,10012,82,82,54,28,28,56,22,3,19,0700200531000000,Wohnnutzung,421
Charlottenburg-Wilmersdorf,Charlottenburg,Park / Grünfläche,nicht oder gering bebaute Flächen der Gemeinbedarfs- und Sondernutzungen sowie Grün- und Freiflächen,Grünanlage/Park,8615,15,15,0,15,15,30,20,5,45,0700200541000000,,
Charlottenburg-Wilmersdorf,Charlottenburg,,Blockrand- und Zeilenbebauung der 20er und 30er Jahre,Blockrandbebauung mit Großhöfen (1920er-1940er) 3–5-geschossig,5572,71,71,55,16,16,20,37,32,11,0700200571000000,Wohnnutzung,296
Charlottenburg-Wilmersdorf,Charlottenburg,,Blockrand- und Zeilenbebauung der 20er und 30er Jahre,Blockrandbebauung mit Großhöfen (1920er-1940er) 3–5-geschossig,5214,76,76,54,23,23,20,37,32,11,0700200581000000,Wohnnutzung,352
Charlottenburg-Wilmersdorf,Charlottenburg,,Blockrand- und Zeilenbebauung der 20er und 30er Jahre,Blockrandbebauung mit Großhöfen (1920er-1940er) 3–5-geschossig,12211,79,79,56,23,23,20,37,32,11,0700200591000000,Mischnutzung,208
Charlottenburg-Wilmersdorf,Charlottenburg,,Blockrand- und Zeilenbebauung der 20er und 30er Jahre,Blockrandbebauung mit Großhöfen (1920er-1940er) 3–5-geschossig,13960,83,83,61,22,22,20,37,32,11,0700206721000000,Mischnutzung,431
Charlottenburg-Wilmersdorf,Charlottenburg,,Blockrand- und Zeilenbebauung der 20er und 30er Jahre,Blockrandbebauung mit Großhöfen (1920er-1940er) 3–5-geschossig,13491,69,69,35,35,35,20,37,32,11,0700206731000000,Mischnutzung,271
Charlottenburg-Wilmersdorf,Charlottenburg,,geringe Bebauung mit überwiegender Nutzung durch Gewerbe und Industrie,Gewerbe- und Industriegebiet großflächiger Einzelhandel, geringe Bebauung,15741,91,91,47,44,44,48,38,1,13,0700210601000000,Gewerbe- und Industrienutzung großflächiger Einzelhandel,165
Charlottenburg-Wilmersdorf,Charlottenburg,,Zeilenbebauung seit den 50er Jahren,Freie Zeilenbebauung (1950er-1970er) mit landschaftlichem Siedlungsgrün, 3–6-geschossig,13468,76,76,31,44,44,49,46,3,2,0700210611000100,Wohnnutzung,3
Charlottenburg-Wilmersdorf,Charlottenburg,,geringe Bebauung mit überwiegender Nutzung durch Gewerbe und Industrie,Flächen der Ver- und Entsorgung,69188,81,81,41,40,40,31,56,1,12,0700210611000200,Ver- und Entsorgungseinrichtungen,
Charlottenburg-Wilmersdorf,Charlottenburg,,geringe Bebauung mit überwiegender Nutzung durch Gewerbe und Industrie,Gewerbe- und Industriegebiet großflächiger Einzelhandel, geringe Bebauung,44872,82,82,33,50,50,48,38,1,13,0700210611000300,Gewerbe- und Industrienutzung großflächiger Einzelhandel,6
Charlottenburg-Wilmersdorf,Charlottenburg,,geringe Bebauung mit überwiegender Nutzung durch Gewerbe und Industrie,Gewerbe- und Industriegebiet großflächiger Einzelhandel, geringe Bebauung,26256,68,68,29,39,39,48,38,1,13,0700210621000000,Gewerbe- und Industrienutzung großflächiger Einzelhandel,0
Charlottenburg-Wilmersdorf,Charlottenburg,,Bebauung mit überwiegender Nutzung durch Gemeinbedarf und Sondernutzung Verkehrsflächen ohne Straßenland oder Baustellen,Hochschule und Forschung,12990,83,83,46,37,37,15,70,12,3,0700210651000000,Gemeinbedarfs- und Sondernutzungen,9
Charlottenburg-Wilmersdorf,Charlottenburg,,Blockbebauung der Gründerzeit mit Seitenflügeln und Hinterhäusern,Geschlossene Blockbebauung Hinterhof (1870er-1918), 5-geschossig,12681,68,68,51,17,17,56,22,3,19,0700210661000000,Wohnnutzung,670
Charlottenburg-Wilmersdorf,Charlottenburg,,Blockbebauung der Gründerzeit mit Seitenflügeln und Hinterhäusern,Geschlossene Blockbebauung Hinterhof (1870er-1918), 5-geschossig,17315,89,89,57,32,32,56,22,3,19,0700210681000100,Wohnnutzung,441
Charlottenburg-Wilmersdorf,Charlottenburg,,geringe Bebauung mit überwiegender Nutzung durch Gewerbe und Industrie,Gewerbe- und Industriegebiet großflächiger Einzelhandel, geringe Bebauung,86911,89,89,45,44,44,48,38,1,13,0700210681000200,Gewerbe- und Industrienutzung großflächiger Einzelhandel,42
Charlottenburg-Wilmersdorf,Charlottenburg,,Bebauung mit überwiegender Nutzung durch Gemeinbedarf und Sondernutzung Verkehrsflächen ohne Straßenland oder Baustellen,Hochschule und Forschung,37850,83,83,45,39,39,15,70,12,3,0700210681000300,Gemeinbedarfs- und Sondernutzungen,6
Charlottenburg-Wilmersdorf,Charlottenburg,Park / Grünfläche,nicht oder gering bebaute Flächen der Gemeinbedarfs- und Sondernutzungen sowie Grün- und Freiflächen,Grünanlage/Park,3461,10,10,0,10,10,30,20,5,45,0700215011000000,,
Charlottenburg-Wilmersdorf,Charlottenburg,Park / Grünfläche,nicht oder gering bebaute Flächen der Gemeinbedarfs- und Sondernutzungen sowie Grün- und Freiflächen,Grünanlage/Park,6187,7,7,0,7,7,30,20,5,45,0700215021000000,,
Charlottenburg-Wilmersdorf,Charlottenburg,,dichte Bebauung mit überwiegender Nutzung durch Gewerbe und Industrie,Gewerbe- und Industriegebiet großflächiger Einzelhandel, dichte Bebauung,36403,97,97,46,51,51,74,20,1,5,0700216011000000,Gewerbe- und Industrienutzung großflächiger Einzelhandel,37
Charlottenburg-Wilmersdorf,Charlottenburg,,Bebauung mit überwiegender Nutzung durch Gemeinbedarf und Sondernutzung Verkehrsflächen ohne Straßenland oder Baustellen,Verwaltung,17564,67,67,31,35,35,41,42,15,2,0700216031000200,Gemeinbedarfs- und Sondernutzungen,
Charlottenburg-Wilmersdorf,Charlottenburg,,dichte Bebauung mit überwiegender Nutzung durch Gewerbe und Industrie,Gewerbe- und Industriegebiet großflächiger Einzelhandel, dichte Bebauung,30995,89,89,49,41,41,74,20,1,5,0700216031000300,Gewerbe- und Industrienutzung großflächiger Einzelhandel,6
Charlottenburg-Wilmersdorf,Charlottenburg,,Bebauung mit überwiegender Nutzung durch Gemeinbedarf und Sondernutzung Verkehrsflächen ohne Straßenland oder Baustellen,Hochschule und Forschung,17704,51,51,20,31,31,15,70,12,3,0700216041000000,Gemeinbedarfs- und Sondernutzungen,
Charlottenburg-Wilmersdorf,Charlottenburg,,dichte Bebauung mit überwiegender Nutzung durch Gewerbe und Industrie,Gewerbe- und Industriegebiet großflächiger Einzelhandel, dichte Bebauung,38623,95,95,50,46,46,74,20,1,5,0700216071000100,Gewerbe- und Industrienutzung großflächiger Einzelhandel,0
Charlottenburg-Wilmersdorf,Charlottenburg,,Bebauung mit überwiegender Nutzung durch Gemeinbedarf und Sondernutzung Verkehrsflächen ohne Straßenland oder Baustellen,Hochschule und Forschung,6718,98,98,62,37,37,15,70,12,3,0700216071000200,Gemeinbedarfs- und Sondernutzungen,
Charlottenburg-Wilmersdorf,Charlottenburg,,geringe Bebauung mit überwiegender Nutzung durch Gewerbe und Industrie,Gewerbe- und Industriegebiet großflächiger Einzelhandel, geringe Bebauung,8658,75,75,25,49,49,48,38,1,13,0700216071000300,Gewerbe- und Industrienutzung großflächiger Einzelhandel,
Charlottenburg-Wilmersdorf,Charlottenburg,,Bebauung mit überwiegender Nutzung durch Gemeinbedarf und Sondernutzung Verkehrsflächen ohne Straßenland oder Baustellen,Parkplatz,25519,78,78,0,78,78,31,53,7,9,0700216071000400,Verkehrsflächen,
Charlottenburg-Wilmersdorf,Charlottenburg,,dichte Bebauung mit überwiegender Nutzung durch Gewerbe und Industrie,Gewerbe- und Industriegebiet großflächiger Einzelhandel, dichte Bebauung,7730,94,94,68,27,27,74,20,1,5,0700216081000000,Gewerbe- und Industrienutzung großflächiger Einzelhandel,
Charlottenburg-Wilmersdorf,Charlottenburg,,dichte Bebauung mit überwiegender Nutzung durch Gewerbe und Industrie,Gewerbe- und Industriegebiet großflächiger Einzelhandel, dichte Bebauung,9982,96,96,40,56,56,74,20,1,5,0700216091000000,Gewerbe- und Industrienutzung großflächiger Einzelhandel,
Charlottenburg-Wilmersdorf,Charlottenburg,,geringe Bebauung mit überwiegender Nutzung durch Gewerbe und Industrie,Mischgebiet ohne Wohngebietscharakter geringe Bebauung,13835,77,77,40,37,37,48,38,1,13,0700216101000000,Mischnutzung,93
Charlottenburg-Wilmersdorf,Charlottenburg,,dichte Bebauung mit überwiegender Nutzung durch Gewerbe und Industrie,Mischgebiet ohne Wohngebietscharakter dichte Bebauung,21719,82,82,53,30,30,74,20,1,5,0700216571000100,Mischnutzung,442
Charlottenburg-Wilmersdorf,Charlottenburg,,dichte Bebauung mit überwiegender Nutzung durch Gewerbe und Industrie,Gewerbe- und Industriegebiet großflächiger Einzelhandel, dichte Bebauung,31647,89,89,45,45,45,74,20,1,5,0700216571000200,Gewerbe- und Industrienutzung großflächiger Einzelhandel,101
Charlottenburg-Wilmersdorf,Charlottenburg,,dichte Bebauung mit überwiegender Nutzung durch Gewerbe und Industrie,Gewerbe- und Industriegebiet großflächiger Einzelhandel, dichte Bebauung,36196,76,76,39,37,37,74,20,1,5,0700216571000300,Gewerbe- und Industrienutzung großflächiger Einzelhandel,4
Charlottenburg-Wilmersdorf,Charlottenburg,,Bebauung mit überwiegender Nutzung durch Gemeinbedarf und Sondernutzung Verkehrsflächen ohne Straßenland oder Baustellen,Hochschule und Forschung,13208,88,88,54,33,33,15,70,12,3,0700216571000400,Gemeinbedarfs- und Sondernutzungen,
Charlottenburg-Wilmersdorf,Charlottenburg,,Blockbebauung der Gründerzeit mit Seitenflügeln und Hinterhäusern,Geschlossene Blockbebauung Hinterhof (1870er-1918), 5-geschossig,27479,57,57,34,23,23,56,22,3,19,0700216571000500,Wohnnutzung,1025
Charlottenburg-Wilmersdorf,Charlottenburg,Brachfläche Mischbestand aus Wiesen, Gebüsch und Bäumen,nicht oder gering bebaute Flächen der Gemeinbedarfs- und Sondernutzungen sowie Grün- und Freiflächen,Brachfläche,9836,0,0,0,0,0,20,10,0,70,0700216571000600,,
Charlottenburg-Wilmersdorf,Charlottenburg,Park / Grünfläche,nicht oder gering bebaute Flächen der Gemeinbedarfs- und Sondernutzungen sowie Grün- und Freiflächen,Grünanlage/Park,19610,16,16,0,16,16,30,20,5,45,0700216571000700,,
Charlottenburg-Wilmersdorf,Charlottenburg,Gewässer,,Gewässer,28009,,,,,,,,,,0700218591000000,,
Charlottenburg-Wilmersdorf,Charlottenburg,Gewässer,,Gewässer,17110,,,,,,,,,,0700218601000000,,
Charlottenburg-Wilmersdorf,Charlottenburg,Gewässer,,Gewässer,10774,,,,,,,,,,0700218611000000,,
Charlottenburg-Wilmersdorf,Charlottenburg,Gewässer,,Gewässer,14107,,,,,,,,,,0700218621000000,,
Charlottenburg-Wilmersdorf,Charlottenburg,,Blockbebauung der Gründerzeit mit Seitenflügeln und Hinterhäusern,Geschlossene Blockbebauung Hinterhof (1870er-1918), 5-geschossig,20799,70,70,42,28,28,56,22,3,19,0700220831000100,Mischnutzung,460
Charlottenburg-Wilmersdorf,Charlottenburg,Park / Grünfläche,nicht oder gering bebaute Flächen der Gemeinbedarfs- und Sondernutzungen sowie Grün- und Freiflächen,Grünanlage/Park,15163,26,26,3,23,23,30,20,5,45,0700220831000200,,
Charlottenburg-Wilmersdorf,Charlottenburg,,Bebauung mit überwiegender Nutzung durch Gemeinbedarf und Sondernutzung Verkehrsflächen ohne Straßenland oder Baustellen,Sonstige Gemeinbedarfs- und Sondergebiete,44915,65,65,32,34,34,36,42,5,17,0700220841000000,Gemeinbedarfs- und Sondernutzungen,817
Charlottenburg-Wilmersdorf,Charlottenburg,,Blockrandbebauung der Gründerzeit mit massiven Veränderungen,Entkernte Blockrandbebauung Lückenschluss nach 1945,21454,56,56,38,18,18,41,27,4,28,0700220851000000,Wohnnutzung,902
Charlottenburg-Wilmersdorf,Charlottenburg,,Blockbebauung der Gründerzeit mit Seitenflügeln und Hinterhäusern,Geschlossene Blockbebauung Hinterhof (1870er-1918), 5-geschossig,19221,67,67,40,27,27,56,22,3,19,0700220861000100,Wohnnutzung,785
Charlottenburg-Wilmersdorf,Charlottenburg,Park / Grünfläche,nicht oder gering bebaute Flächen der Gemeinbedarfs- und Sondernutzungen sowie Grün- und Freiflächen,Grünanlage/Park,11662,15,15,1,14,14,30,20,5,45,0700220861000200,,
Charlottenburg-Wilmersdorf,Charlottenburg,,Blockbebauung der Gründerzeit mit Seitenflügeln und Hinterhäusern,Geschlossene Blockbebauung Hinterhof (1870er-1918), 5-geschossig,17829,80,80,53,27,27,56,22,3,19,0700220871000000,Wohnnutzung,782
Charlottenburg-Wilmersdorf,Charlottenburg,,Blockrandbebauung der Gründerzeit mit massiven Veränderungen,Entkernte Blockrandbebauung Lückenschluss nach 1945,12949,66,66,35,31,31,41,27,4,28,0700220881000100,Wohnnutzung,474
Charlottenburg-Wilmersdorf,Charlottenburg,,Blockbebauung der Gründerzeit mit Seitenflügeln und Hinterhäusern,Geschlossene Blockbebauung Hinterhof (1870er-1918), 5-geschossig,17041,76,76,54,22,22,56,22,3,19,0700220881000200,Wohnnutzung,587
Charlottenburg-Wilmersdorf,Charlottenburg,,Bebauung mit überwiegender Nutzung durch Gemeinbedarf und Sondernutzung Verkehrsflächen ohne Straßenland oder Baustellen,Hochschule und Forschung,16080,52,52,34,18,18,15,70,12,3,0700220891000000,Gemeinbedarfs- und Sondernutzungen,
Charlottenburg-Wilmersdorf,Charlottenburg,,Bebauung mit überwiegender Nutzung durch Gemeinbedarf und Sondernutzung Verkehrsflächen ohne Straßenland oder Baustellen,Verwaltung,36445,78,78,50,28,28,41,42,15,2,0700220901000000,Gemeinbedarfs- und Sondernutzungen,282
Charlottenburg-Wilmersdorf,Charlottenburg,Park / Grünfläche,Bebauung mit überwiegender Nutzung durch Gemeinbedarf und Sondernutzung Verkehrsflächen ohne Straßenland oder Baustellen,Kirche,6875,41,41,11,30,30,65,7,16,12,0700220911000000,Gemeinbedarfs- und Sondernutzungen,3
Charlottenburg-Wilmersdorf,Charlottenburg,,Bebauung mit überwiegender Nutzung durch Gemeinbedarf und Sondernutzung Verkehrsflächen ohne Straßenland oder Baustellen,Altbau-Schule (vor 1945),16482,55,55,20,35,35,57,32,4,7,0700220921000100,Gemeinbedarfs- und Sondernutzungen,3
Charlottenburg-Wilmersdorf,Charlottenburg,,Zeilenbebauung seit den 50er Jahren,Freie Zeilenbebauung (1950er-1970er) mit landschaftlichem Siedlungsgrün, 3–6-geschossig,17305,54,54,33,20,20,49,46,3,2,0700220921000200,Wohnnutzung,525
Charlottenburg-Wilmersdorf,Charlottenburg,,Zeilenbebauung seit den 50er Jahren,Freie Zeilenbebauung (1950er-1970er) mit landschaftlichem Siedlungsgrün, 3–6-geschossig,39880,52,52,29,24,24,49,46,3,2,0700220931000100,Wohnnutzung,768
Charlottenburg-Wilmersdorf,Charlottenburg,Friedhof,nicht oder gering bebaute Flächen der Gemeinbedarfs- und Sondernutzungen sowie Grün- und Freiflächen,Friedhof,13222,12,12,3,9,9,14,27,5,54,0700220931000200,,
Charlottenburg-Wilmersdorf,Charlottenburg,,Zeilenbebauung seit den 50er Jahren,Freie Zeilenbebauung (1950er-1970er) mit landschaftlichem Siedlungsgrün, 3–6-geschossig,18993,60,60,31,29,29,49,46,3,2,0700220941000000,Wohnnutzung,593
Charlottenburg-Wilmersdorf,Charlottenburg,,Bebauung mit überwiegender Nutzung durch Gemeinbedarf und Sondernutzung Verkehrsflächen ohne Straßenland oder Baustellen,Hochschule und Forschung,17381,85,85,43,42,42,15,70,12,3,0700220951000000,Gemeinbedarfs- und Sondernutzungen,
Charlottenburg-Wilmersdorf,Charlottenburg,,Bebauung mit überwiegender Nutzung durch Gemeinbedarf und Sondernutzung Verkehrsflächen ohne Straßenland oder Baustellen,Verwaltung,25813,49,49,23,26,26,41,42,15,2,0700220961000000,Gemeinbedarfs- und Sondernutzungen,0
Charlottenburg-Wilmersdorf,Charlottenburg,,Blockbebauung der Gründerzeit mit Seitenflügeln und Hinterhäusern,Geschlossene Blockbebauung Hinterhof (1870er-1918), 5-geschossig,10276,83,83,58,24,24,56,22,3,19,0700221271000000,Wohnnutzung,342
Charlottenburg-Wilmersdorf,Charlottenburg,,Blockbebauung der Gründerzeit mit Seitenflügeln und Hinterhäusern,Geschlossene Blockbebauung Hinterhof (1870er-1918), 5-geschossig,8579,74,74,55,20,20,56,22,3,19,0700221371000000,Wohnnutzung,297
Charlottenburg-Wilmersdorf,Charlottenburg,,Blockbebauung der Gründerzeit mit Seitenflügeln und Hinterhäusern,Geschlossene Blockbebauung Hinterhof (1870er-1918), 5-geschossig,15292,82,82,59,23,23,56,22,3,19,0700221381000000,Wohnnutzung,602
Charlottenburg-Wilmersdorf,Charlottenburg,,Blockrandbebauung der Gründerzeit mit massiven Veränderungen,Entkernte Blockrandbebauung Lückenschluss nach 1945,24657,65,65,43,23,23,41,27,4,28,0700221391000100,Wohnnutzung,628
Charlottenburg-Wilmersdorf,Charlottenburg,Park / Grünfläche,nicht oder gering bebaute Flächen der Gemeinbedarfs- und Sondernutzungen sowie Grün- und Freiflächen,Grünanlage/Park,10146,19,19,1,18,18,30,20,5,45,0700221391000300,,
Charlottenburg-Wilmersdorf,Charlottenburg,,Bebauung mit überwiegender Nutzung durch Gemeinbedarf und Sondernutzung Verkehrsflächen ohne Straßenland oder Baustellen,Neubau-Schule (nach 1945),14039,67,67,37,29,29,38,44,2,16,0700221391000400,Gemeinbedarfs- und Sondernutzungen,0
Charlottenburg-Wilmersdorf,Charlottenburg,Sportnutzungen,Bebauung mit überwiegender Nutzung durch Gemeinbedarf und Sondernutzung Verkehrsflächen ohne Straßenland oder Baustellen,Sportanlage gedeckt,11332,84,84,69,15,15,,,,,0700221391000500,Gemeinbedarfs- und Sondernutzungen,61
Charlottenburg-Wilmersdorf,Charlottenburg,,Blockrandbebauung der Gründerzeit mit massiven Veränderungen,Entkernte Blockrandbebauung Lückenschluss nach 1945,40647,58,58,32,26,26,41,27,4,28,0700221401000000,Mischnutzung,1058
Charlottenburg-Wilmersdorf,Charlottenburg,,Blockbebauung der Gründerzeit mit Seitenflügeln und Hinterhäusern,Geschlossene Blockbebauung Hinterhof (1870er-1918), 5-geschossig,22591,86,86,59,27,27,56,22,3,19,0700221551000000,Mischnutzung,651
Charlottenburg-Wilmersdorf,Charlottenburg,,Bebauung mit überwiegender Nutzung durch Gemeinbedarf und Sondernutzung Verkehrsflächen ohne Straßenland oder Baustellen,Kultur,19602,95,95,80,15,15,41,42,15,2,0700221561000000,Gemeinbedarfs- und Sondernutzungen,3
Charlottenburg-Wilmersdorf,Charlottenburg,,hohe Bebauung der Nachkriegszeit,Großsiedlungen und Punkthochhäuser (1960er-1980er) 4–11-geschossig,31209,66,66,39,27,27,15,67,7,11,0700221571000000,Mischnutzung,964
Charlottenburg-Wilmersdorf,Charlottenburg,,Blockrandbebauung der Gründerzeit mit massiven Veränderungen,Entkernte Blockrandbebauung Lückenschluss nach 1945,25300,64,64,39,25,25,41,27,4,28,0700221581000100,Mischnutzung,632
Charlottenburg-Wilmersdorf,Charlottenburg,,Bebauung mit überwiegender Nutzung durch Gemeinbedarf und Sondernutzung Verkehrsflächen ohne Straßenland oder Baustellen,Neubau-Schule (nach 1945),14143,57,57,35,22,22,38,44,2,16,0700221581000200,Gemeinbedarfs- und Sondernutzungen,4
Charlottenburg-Wilmersdorf,Charlottenburg,Park / Grünfläche,nicht oder gering bebaute Flächen der Gemeinbedarfs- und Sondernutzungen sowie Grün- und Freiflächen,Grünanlage/Park,9934,14,14,0,13,13,30,20,5,45,0700226011000000,,
Charlottenburg-Wilmersdorf,Charlottenburg,,Bebauung mit überwiegender Nutzung durch Handel und Dienstleistung,Kerngebiet,67715,60,60,26,34,34,50,34,9,7,0700230971000000,Kerngebietsnutzungen,491
Charlottenburg-Wilmersdorf,Charlottenburg,,Blockrandbebauung der Gründerzeit mit massiven Veränderungen,Entkernte Blockrandbebauung Lückenschluss nach 1945,22049,87,87,54,33,33,41,27,4,28,0700231591000000,Mischnutzung,370
Charlottenburg-Wilmersdorf,Charlottenburg,,hohe Bebauung der Nachkriegszeit,Heterogene innerstädtische Mischbebauung, Lückenschluss nach 1945,21965,75,75,33,42,42,45,28,13,14,0700231601000000,Mischnutzung,646
Charlottenburg-Wilmersdorf,Charlottenburg,Park / Grünfläche,nicht oder gering bebaute Flächen der Gemeinbedarfs- und Sondernutzungen sowie Grün- und Freiflächen,Grünanlage/Park,9659,21,21,0,21,21,30,20,5,45,0700236011000000,,
Charlottenburg-Wilmersdorf,Charlottenburg,Stadtplatz / Promenade,Bebauung mit überwiegender Nutzung durch Gemeinbedarf und Sondernutzung Verkehrsflächen ohne Straßenland oder Baustellen,sonstige Verkehrsflächen (z.B. Verkehrsinseln etc.),12265,33,33,0,33,33,42,32,19,7,0700236101000000,Verkehrsflächen,
Charlottenburg-Wilmersdorf,Charlottenburg,,Bebauung mit überwiegender Nutzung durch Gemeinbedarf und Sondernutzung Verkehrsflächen ohne Straßenland oder Baustellen,Hochschule und Forschung,111037,64,64,41,23,23,15,70,12,3,0700236811000000,Gemeinbedarfs- und Sondernutzungen,
