ELEM_NR,STRSCHL,STR_NAME,STRKLASSE1,STRKLASSE,STRKLASSE2,VRICHT,BEZIRK,STADTTEIL,EBENE,VON_VP,BIS_VP,LAENGE,GILT_VON,OKSTRA_ID,alias,STR_BEZ
40540001_41540003.01,00005,Abbestraße,V,G,STRA,B,Charlottenburg-Wilmersdorf,Charlottenburg,0,40540001,41540003,182.45,20100101,275EE05309AF45DCA49E046BBA0CBBCC,Abbestraße,
41550003_41550004.01,00099,Alt-Moabit,II,G,STRA,B,Mitte,Moabit,0,41550003,41550004,167.7,20100101,468D67F6932C499AB1D911F6A40A2C18,Alt-Moabit,
41550004_41550005.01,00099,Alt-Moabit,II,G,STRA,B,Mitte,Moabit,0,41550004,41550005,155.53,20100101,FAD95902F9B640BB8CBFF0D04C309EE7,Alt-Moabit,
41550005_41550006.01,00099,Alt-Moabit,II,G,STRA,B,Mitte,Moabit,0,41550005,41550006,153.94,20100101,A5C9A71200AF43F891C60F1E97AE346A,Alt-Moabit,
41550006_42550003.01,00099,Alt-Moabit,II,G,STRA,B,Mitte,Moabit,0,41550006,42550003,52.61,20100101,EE1D6C4DED974B71A7176EEF7414E201,Alt-Moabit,
42550003_42550004.01,00099,Alt-Moabit,II,G,STRA,B,Mitte,Moabit,0,42550003,42550004,102.56,20100101,2F6655452F244B43B12DAA183729AEF0,Alt-Moabit,
42550004_42550005.01,00099,Alt-Moabit,II,G,STRA,B,Mitte,Moabit,0,42550004,42550005,105.48,20100101,0F0134AC983446AC9B3BD782CC5012A5,Alt-Moabit,
42550005_42550006.01,00099,Alt-Moabit,II,G,STRA,B,Mitte,Moabit,0,42550005,42550006,114.45,20100101,BAE3BE1B6D734F5F9D7093B0715F7170,Alt-Moabit,
42550006_42550007.01,00099,Alt-Moabit,II,G,STRA,B,Mitte,Moabit,0,42550006,42550007,247.72,20100101,B535FE15EBC74B2DA1054BF0D153FA28,Alt-Moabit,
42550007_43550001.01,00099,Alt-Moabit,II,G,STRA,B,Mitte,Moabit,0,42550007,43550001,464.61,20100101,E1FA45CDAB354EF4AF06A8BF469EBE81,Alt-Moabit,
43550001_43550002.01,00099,Alt-Moabit,II,G,STRA,B,Mitte,Moabit,0,43550001,43550002,97.03,20100101,631AED78CF884B98A1E3C190DCA91B0C,Alt-Moabit,
42550038_42550037.01,00100,Altonaer Straße,II,G,STRA,B,Mitte,Hansaviertel,0,42550038,42550037,109.9,20100101,73E61421CAA8426DA492385A115CAF5F,Altonaer Straße,
42550037_42540002.01,00100,Altonaer Straße,II,G,STRA,B,Mitte,Hansaviertel,0,42550037,42540002,183.49,20100101,230E0147AFBE444C88559B149CAD82E8,Altonaer Straße,
42540002_42540016.01,00100,Altonaer Straße,II,G,STRA,B,Mitte,Tiergarten,0,42540002,42540016,593.85,20100101,CB3389447425425AAF79E2BECEA5D1CC,Altonaer Straße,
42570002_42570001.01,00295,An der Putlitzbrücke,II,G,STRA,B,Mitte,Moabit,0,42570002,42570001,145.8,20100101,7B0C034F79BC4EBB86A1297B21DF13A1,An der Putlitzbrücke,
42570001_42570003.01,00295,An der Putlitzbrücke,II,G,STRA,B,Mitte,Moabit,0,42570001,42570003,35.39,20100101,831343920A734944B9614A82FCD28036,An der Putlitzbrücke,
42540038_42540003.01,00380,Bachstraße,II,G,STRA,B,Mitte,Hansaviertel,0,42540038,42540003,66.94,20100101,65C36A921EF446D984D314B38410FDCB,Bachstraße,
42540039_42540038.01,00380,Bachstraße,II,G,STRA,B,Charlottenburg-Wilmersdorf,Charlottenburg,0,42540039,42540038,82.54,20100101,65632A480F7B475DA2E5DA672A26FBCF,Bachstraße,
42540003_42540004.01,00380,Bachstraße,II,G,STRA,B,Mitte,Hansaviertel,0,42540003,42540004,157.81,20100101,0F7B312E74B74095B7B9E0B4198C3E7C,Bachstraße,
42540004_42540005.01,00380,Bachstraße,II,G,STRA,B,Mitte,Hansaviertel,0,42540004,42540005,200.68,20100101,A9CD098B2D8C4BECBDEF9302B0F4546C,Bachstraße,
42540005_42550037.01,00380,Bachstraße,II,G,STRA,B,Mitte,Hansaviertel,0,42540005,42550037,154.69,20100101,7A106579644D42AEA010AADA9F18BE35,Bachstraße,
42540002_42550039.01,00427,Bartningallee,IV,G,STRA,B,Mitte,Hansaviertel,0,42540002,42550039,194.45,20100101,35D51C519C1A433DA1E3780AD58FDDF7,Bartningallee,
42550039_42550040.01,00427,Bartningallee,IV,G,STRA,B,Mitte,Hansaviertel,0,42550039,42550040,128.98,20100101,60B39F3F32624ECA95DC213B8ABA771F,Bartningallee,
42550040_42550041.01,00427,Bartningallee,IV,G,STRA,B,Mitte,Hansaviertel,0,42550040,42550041,145.44,20100101,5E1E1556CF5C4014A034970DC9C1D565,Bartningallee,
42550041_42550042.01,00427,Bartningallee,IV,G,STRA,B,Mitte,Hansaviertel,0,42550041,42550042,128,20100101,854984D48D0545969BDD469C283DFA46,Bartningallee,
39540002_40540006.01,00467,Behaimstraße,V,G,STRA,B,Charlottenburg-Wilmersdorf,Charlottenburg,0,39540002,40540006,138.73,20100101,9BD91056BF2A4648AA34082F1FB5D20E,Behaimstraße,
41550007_41550003.01,00543,Beusselstraße,II,G,STRA,B,Mitte,Moabit,0,41550007,41550003,159.44,20100101,FB87059D7A544DF2B647D90853DA9184,Beusselstraße,
41550008_41550007.01,00543,Beusselstraße,II,G,STRA,B,Mitte,Moabit,0,41550008,41550007,20.66,20100101,7794578925BE443DAA60691BCC70ED96,Beusselstraße,
41560004_41550008.01,00543,Beusselstraße,II,G,STRA,B,Mitte,Moabit,0,41560004,41550008,167,20100101,BC912FBA1E3F4BE6A59ED6A9E63868DC,Beusselstraße,
41560005_41560004.01,00543,Beusselstraße,II,G,STRA,B,Mitte,Moabit,0,41560005,41560004,417.3,20100101,3BEF14A5790741E0971BB0ED9EFC7FC9,Beusselstraße,
41560006_41560005.01,00543,Beusselstraße,II,G,STRA,B,Mitte,Moabit,0,41560006,41560005,202.28,20100101,EE09237286D94F07A3BB0F6EFF1AAF6B,Beusselstraße,
41560007_41560006.01,00543,Beusselstraße,II,G,STRA,B,Mitte,Moabit,0,41560007,41560006,92.32,20100101,256D78479326463F8C52352D69B00279,Beusselstraße,
41560009_41560008.01,00543,Beusselstraße,II,G,STRA,B,Mitte,Moabit,0,41560009,41560008,70.98,20100101,837698524697410ABC444A7284DC9EE9,Beusselstraße,
41570001_41560009.01,00543,Beusselstraße,II,G,STRA,B,Mitte,Moabit,0,41570001,41560009,220.33,20100101,6AAE4C452E5E4408BCDE03490EAB70F1,Beusselstraße,
40540011_40540012.01,00847,Cauerstraße,III,G,STRA,B,Charlottenburg-Wilmersdorf,Charlottenburg,0,40540011,40540012,201.35,20100101,53AC333F48134564AFA5B49176CC6B0E,Cauerstraße,
40540013_40550015.01,00847,Cauerstraße,III,G,STRA,B,Charlottenburg-Wilmersdorf,Charlottenburg,0,40540013,40550015,171.7,20100101,A4BCA9CB62B041CAB1A871C7B1EF1DDC,Cauerstraße,
42540006_42540005.01,00896,Cuxhavener Straße,V,G,STRA,B,Mitte,Hansaviertel,0,42540006,42540005,39.24,20100101,04CCAEC27FB042329D276214CE6CF2F3,Cuxhavener Straße,
40550019_41550027.01,01009,Dovestraße,III,G,STRA,B,Charlottenburg-Wilmersdorf,Charlottenburg,0,40550019,41550027,164.4,20100101,6768B8BB26114946BCF5862C3653EA4B,Dovestraße,
41540013_41550028.01,01351,Franklinstraße,III,G,STRA,B,Charlottenburg-Wilmersdorf,Charlottenburg,0,41540013,41550028,139.01,20100101,CB4E21FFD4834E62BB8CF8A1AE9400AA,Franklinstraße,
41550028_41550029.01,01351,Franklinstraße,III,G,STRA,B,Charlottenburg-Wilmersdorf,Charlottenburg,0,41550028,41550029,450.68,20100101,D304D160123A4BA6A5103B860B25C2CF,Franklinstraße,
40540012_40540014.01,01361,Fraunhoferstraße,V,G,STRA,B,Charlottenburg-Wilmersdorf,Charlottenburg,0,40540012,40540014,127.34,20100101,4EDBD6D1CF884879A34ECE66F51D62EB,Fraunhoferstraße,
40540014_40540001.01,01361,Fraunhoferstraße,V,G,STRA,B,Charlottenburg-Wilmersdorf,Charlottenburg,0,40540014,40540001,130.24,20100101,5566E67B88AC4E78A07539FF0D8077C0,Fraunhoferstraße,
40540001_41540014.01,01361,Fraunhoferstraße,V,G,STRA,B,Charlottenburg-Wilmersdorf,Charlottenburg,0,40540001,41540014,193.17,20100101,AE6DEE53B75046839F771DB4B41EBC7C,Fraunhoferstraße,
42570003_43570001.01,01393,Friedrich-Krause-Ufer,II,G,STRA,B,Mitte,Moabit,0,42570003,43570001,574.71,20100101,13833B187F5B4BBC81F02D43292E3CBA,Friedrich-Krause-Ufer,
40570003_40570004.01,01449,Friedrich-Olbricht-Damm,IV,G,STRA,B,Charlottenburg-Wilmersdorf,Charlottenburg-Nord,0,40570003,40570004,296.17,20100101,1676EFBA78684A3CAC6812DC8DC7E666,Friedrich-Olbricht-Damm,
40570004_41570014.01,01449,Friedrich-Olbricht-Damm,IV,G,STRA,B,Charlottenburg-Wilmersdorf,Charlottenburg-Nord,0,40570004,41570014,548.11,20100101,BE58028C77CB41188F3F79A5F12B1569,Friedrich-Olbricht-Damm,
40560008_40560007.01,01484,Gaußstraße,III,G,STRA,B,Charlottenburg-Wilmersdorf,Charlottenburg,0,40560008,40560007,475.43,20100101,9D1AB05B799E4E708FC10F650522CA8F,Gaußstraße,
40560014_40560015.01,01573,Am Bahnhof Jungfernheide,V,N,STRA,B,Charlottenburg-Wilmersdorf,Charlottenburg-Nord,0,40560014,40560015,458.08,20120921,F36609C8B5164B14A25855CA6BDFFF43,Am Bahnhof Jungfernheide,
40560009_40560007.01,01632,Goslarer Ufer,V,X,STRA,B,Charlottenburg-Wilmersdorf,Charlottenburg,0,40560009,40560007,191.27,20120921,C6F61CB0F3F94EA1B36CCFFDEBAE3BFD,Goslarer Ufer,
40560007_40550020.01,01632,Goslarer Ufer,V,G,STRA,B,Charlottenburg-Wilmersdorf,Charlottenburg,0,40560007,40550020,489.16,20100101,2D08BE58D19E40FC8CD7C1B5E189CB44,Goslarer Ufer,
41550012_41550011.01,01646,Gotzkowskystraße,III,G,STRA,B,Mitte,Moabit,0,41550012,41550011,18.78,20100101,DE4AC4CE9368402AA300D73BF0F13F33,Gotzkowskystraße,
41550011_41550004.01,01646,Gotzkowskystraße,III,G,STRA,B,Mitte,Moabit,0,41550011,41550004,98.27,20100101,5DA333A86EF74507AAEE0BDEF998ADBF,Gotzkowskystraße,
41550004_41550013.01,01646,Gotzkowskystraße,III,G,STRA,B,Mitte,Moabit,0,41550004,41550013,208.38,20100101,8B25EFC503604AC483E8138DC4E22134,Gotzkowskystraße,
41550013_41550014.01,01646,Gotzkowskystraße,III,G,STRA,B,Mitte,Moabit,0,41550013,41550014,174.08,20100101,805E5CC301544FEA8ED04853F146774F,Gotzkowskystraße,
43540009_42540016.01,01715,Großer Stern,I,B,STRA,R,Mitte,Tiergarten,0,43540009,42540016,113.81,20100101,B68FD446D12A42B182B16951918EFBA9,Großer Stern,B2/B5
42540016_42540018.01,01715,Großer Stern,I,B,STRA,R,Mitte,Tiergarten,0,42540016,42540018,49.69,20100101,F278F710CEAE45EEA3703958E49A3081,Großer Stern,B2/B5
42540018_43540010.01,01715,Großer Stern,I,B,STRA,R,Mitte,Tiergarten,0,42540018,43540010,110.08,20100101,143DF8846CDE48F595021384485E199C,Großer Stern,B2/B5
43540010_43540007.01,01715,Großer Stern,I,B,STRA,R,Mitte,Tiergarten,0,43540010,43540007,61.59,20100101,411177F4A8C64FCA90602C41C94F6BFD,Großer Stern,B2/B5
42540019_43540011.01,01717,Großer Weg,V,F,FUWE,B,Mitte,Tiergarten,0,42540019,43540011,1094.55,20100101,83330FB58EAE4533B85594A29A78931D,Großer Weg,
40540013_40540016.01,01741,Guerickestraße,V,G,STRA,B,Charlottenburg-Wilmersdorf,Charlottenburg,0,40540013,40540016,139.69,20100101,05A883CE54B54EF3A1F48C7196AC7AFE,Guerickestraße,
40540016_41540003.01,01741,Guerickestraße,V,G,STRA,B,Charlottenburg-Wilmersdorf,Charlottenburg,0,40540016,41540003,129.03,20100101,F5D1F167EB5F483B9299048C94997A4E,Guerickestraße,
41540003_41540015.01,01741,Guerickestraße,V,G,STRA,B,Charlottenburg-Wilmersdorf,Charlottenburg,0,41540003,41540015,183.33,20100101,BC2375BD21D9416D9ADB16D435F0AF84,Guerickestraße,
41540016_41540017.01,01758,Gutenbergstraße,V,G,STRA,B,Charlottenburg-Wilmersdorf,Charlottenburg,0,41540016,41540017,95.81,20100101,06D94BE463E04E388615D2BBBDE082BC,Gutenbergstraße,
39540025_40540017.01,01860,Haubachstraße,V,G,STRA,B,Charlottenburg-Wilmersdorf,Charlottenburg,0,39540025,40540017,141.57,20100101,4B0A1342761C46879827510E65AAAFC0,Haubachstraße,
41550027_41550032.01,01929,Helmholtzstraße,III,G,STRA,B,Charlottenburg-Wilmersdorf,Charlottenburg,0,41550027,41550032,86.34,20100101,C2E73C043EF54911B79B33F30F53D3DE,Helmholtzstraße,
41550032_41550033.01,01929,Helmholtzstraße,III,G,STRA,B,Charlottenburg-Wilmersdorf,Charlottenburg,0,41550032,41550033,180.39,20100101,B709BAF80B7741E783D9CE2F083F415A,Helmholtzstraße,
43540010_43540011.01,02042,Hofjägerallee,II,G,STRA,B,Mitte,Tiergarten,0,43540010,43540011,402,20100101,87962A2E0A3A47ED80A98F7424ECF43E,Hofjägerallee,
40560001_40560002.01,02129,Huttenstraße,III,G,STRA,B,Mitte,Moabit,0,40560001,40560002,187.47,20100101,A934A18887994D38BC0A021A28E94161,Huttenstraße,
40560002_40560003.01,02129,Huttenstraße,III,G,STRA,B,Mitte,Moabit,0,40560002,40560003,168.48,20100101,C5202089A5AA48ADBE48CF9D0E8148E5,Huttenstraße,
40560003_41560002.01,02129,Huttenstraße,III,G,STRA,B,Mitte,Moabit,0,40560003,41560002,371.68,20100101,80653004E0964571AD48E9BC988B61A7,Huttenstraße,
41560002_41560011.01,02129,Huttenstraße,III,G,STRA,B,Mitte,Moabit,0,41560002,41560011,132.8,20100101,9B0D94EAE8084B01805D1F38DA3E7059,Huttenstraße,
41560011_41560004.01,02129,Huttenstraße,III,G,STRA,B,Mitte,Moabit,0,41560011,41560004,132.6,20100101,21DF509E64F549CAA01E2D2B3E6CC95E,Huttenstraße,
40550028_40560010.01,02143,Ilsenburger Straße,V,G,STRA,B,Charlottenburg-Wilmersdorf,Charlottenburg,0,40550028,40560010,175.26,20100101,92C657F51B434368AEFD1E2AE70ACFBF,Ilsenburger Straße,
42540010_42540011.01,02260,Joseph-Haydn-Straße,V,G,STRA,B,Mitte,Hansaviertel,0,42540010,42540011,58.7,20100101,2657886DB5B4434382C4AE9FA545FBC8,Joseph-Haydn-Straße,
40550029_40550028.01,02289,Kaiserin-Augusta-Allee,II,G,STRA,B,Charlottenburg-Wilmersdorf,Charlottenburg,0,40550029,40550028,254.4,20100101,808EFBFDDC1A43DF8F1DCE85CF2C6FD7,Kaiserin-Augusta-Allee,
40550028_40550030.01,02289,Kaiserin-Augusta-Allee,II,G,STRA,B,Charlottenburg-Wilmersdorf,Charlottenburg,0,40550028,40550030,133.63,20100101,4DB2F506D0E94641AC766F4FB0C531FD,Kaiserin-Augusta-Allee,
40550030_40550031.01,02289,Kaiserin-Augusta-Allee,II,G,STRA,B,Charlottenburg-Wilmersdorf,Charlottenburg,0,40550030,40550031,116.23,20100101,B826767C19C647F8A121ACBE24143BDF,Kaiserin-Augusta-Allee,
40550032_40550020.01,02289,Kaiserin-Augusta-Allee,II,G,STRA,B,Charlottenburg-Wilmersdorf,Charlottenburg,0,40550032,40550020,66.2,20100101,62EE876DD4264352894B0EC2520C9283,Kaiserin-Augusta-Allee,
40550031_40550032.01,02289,Kaiserin-Augusta-Allee,II,G,STRA,B,Charlottenburg-Wilmersdorf,Charlottenburg,0,40550031,40550032,15.3,20100101,FCEF909DC22F4F1DAAC93D26405E70C3,Kaiserin-Augusta-Allee,
40550001_40550002.01,02289,Kaiserin-Augusta-Allee,II,G,STRA,B,Mitte,Moabit,0,40550001,40550002,154.72,20100101,11B4EE86BAE844008F0C3F04DFBF3A7D,Kaiserin-Augusta-Allee,
40550002_41550018.01,02289,Kaiserin-Augusta-Allee,II,G,STRA,B,Mitte,Moabit,0,40550002,41550018,385.75,20100101,115E12DEA5F647729ABCA94826C2872D,Kaiserin-Augusta-Allee,
41550018_41550003.01,02289,Kaiserin-Augusta-Allee,II,G,STRA,B,Mitte,Moabit,0,41550018,41550003,270.1,20100101,62848F93AD4F402ABE0559909EC27340,Kaiserin-Augusta-Allee,
42550023_43550001.01,02415,Kirchstraße,IV,G,STRA,B,Mitte,Moabit,0,42550023,43550001,290.36,20100101,6CCC8A9D1EDC4B3F8B0C72FB484DDAD1,Kirchstraße,
42540019_42540011.01,02469,Klopstockstraße,IV,G,STRA,B,Mitte,Hansaviertel,0,42540019,42540011,96.75,20100101,20E8B6C1080C456E8E9BD7E2534D2B3C,Klopstockstraße,
42540011_42540008.01,02469,Klopstockstraße,IV,G,STRA,B,Mitte,Hansaviertel,0,42540011,42540008,141.08,20100101,64B886496C544C709063FD43C1310702,Klopstockstraße,
42540008_42540009.02,02469,Klopstockstraße,IV,G,STRA,B,Mitte,Hansaviertel,0,42540008,42540009,188.18,20100101,E126A78D9E664D21BE1B4790D68FE488,Klopstockstraße,
42540009_42540002.01,02469,Klopstockstraße,IV,G,STRA,B,Mitte,Hansaviertel,0,42540009,42540002,147.33,20100101,1AE999157CD0444F8A5743D1377D9073,Klopstockstraße,
40540008_40540020.01,02609,Krumme Straße,V,G,STRA,B,Charlottenburg-Wilmersdorf,Charlottenburg,0,40540008,40540020,197.41,20100101,190270E15CA342FB8A1E8724CE1B8B55,Krumme Straße,
40540010_40540011.01,02732,Leibnizstraße,III,G,STRA,B,Charlottenburg-Wilmersdorf,Charlottenburg,0,40540010,40540011,286.51,20100101,8EFFBB8506B54CDF9E9485E0E1982E5D,Leibnizstraße,
42550037_42550045.01,02757,Lessingstraße,II,G,STRA,B,Mitte,Hansaviertel,0,42550037,42550045,225.27,20100101,4C6FFDB2387C4B3BB9632B5BF2209DAE,Lessingstraße,
42550045_42550046.01,02757,Lessingstraße,II,G,STRA,B,Mitte,Hansaviertel,0,42550045,42550046,199.64,20100101,E1A699F032564767B4EF401FF7E9FD90,Lessingstraße,
41550011_41550019.01,02772,Levetzowstraße,II,G,STRA,B,Mitte,Moabit,0,41550011,41550019,42.26,20100101,CC8216FF53E7422AA993DEECB65BC79E,Levetzowstraße,
41550019_41550020.01,02772,Levetzowstraße,II,G,STRA,B,Mitte,Moabit,0,41550019,41550020,108.92,20100101,17338ABE9AF644038684C65320007036,Levetzowstraße,
41550020_41550017.01,02772,Levetzowstraße,II,G,STRA,B,Mitte,Moabit,0,41550020,41550017,177.9,20100101,ACB494D347524278A42D59A2B1A75C46,Levetzowstraße,
41550017_42550019.01,02772,Levetzowstraße,II,G,STRA,B,Mitte,Moabit,0,41550017,42550019,160.48,20100101,CEB6D74D7225456FACD7FAB90E19FBDF,Levetzowstraße,
42550019_42550015.01,02772,Levetzowstraße,II,G,STRA,B,Mitte,Moabit,0,42550019,42550015,152.68,20100101,DC152D79EDE440EAB65C5B9D4471454F,Levetzowstraße,
41540023_41540014.01,02944,Marchstraße,III,G,STRA,B,Charlottenburg-Wilmersdorf,Charlottenburg,0,41540023,41540014,154.43,20100101,7FFE7E260FF945818043A22B6689EED9,Marchstraße,
41540014_41540015.01,02944,Marchstraße,III,G,STRA,B,Charlottenburg-Wilmersdorf,Charlottenburg,0,41540014,41540015,175.08,20100101,742E2D2F7EE34138A45059F39545BE41,Marchstraße,
41540015_41540006.01,02944,Marchstraße,III,G,STRA,B,Charlottenburg-Wilmersdorf,Charlottenburg,0,41540015,41540006,125.8,20100101,18685651429E420196E7892B3E9216D8,Marchstraße,
39560034_40560016.01,02956,Max-Dohrn-Straße,II,G,STRA,B,Charlottenburg-Wilmersdorf,Charlottenburg-Nord,0,39560034,40560016,707,20100101,86A5D2C18B86456F934DE131D81801AF,Max-Dohrn-Straße,
41550030_41550032.01,03128,Morsestraße,V,G,STRA,B,Charlottenburg-Wilmersdorf,Charlottenburg,0,41550030,41550032,103.82,20100101,B7D1DBF356244D1CBAB0C0392FE7F6AA,Morsestraße,
41550035_41550030.01,03128,Morsestraße,V,G,STRA,B,Charlottenburg-Wilmersdorf,Charlottenburg,0,41550035,41550030,81.21,20100101,7B01A71E2D4B40BCBF8D747CF675EFA0,Morsestraße,
40560004_40560001.01,03216,Neues Ufer,III,G,STRA,B,Mitte,Moabit,0,40560004,40560001,81.9,20100101,950C82946D9C49A19C499BC3973DA3DE,Neues Ufer,
40560001_40550004.01,03216,Neues Ufer,IV,G,STRA,B,Mitte,Moabit,0,40560001,40550004,331.83,20100101,CB2CDE92D052446D923DCE2C75670790,Neues Ufer,
40550004_40550001.01,03216,Neues Ufer,IV,G,STRA,B,Mitte,Moabit,0,40550004,40550001,104.4,20100101,D852946A309A467FB3BF222862F9E00B,Neues Ufer,
42570014_42570012.01,03271,Nordufer,IV,G,STRA,B,Mitte,Wedding,0,42570014,42570012,355.05,20100101,B62E73C3487D4820BA01346785C30E61,Nordufer,
40560011_40560008.01,03312,Olbersstraße,IV,G,STRA,B,Charlottenburg-Wilmersdorf,Charlottenburg,0,40560011,40560008,97.18,20100101,67310F6CEA1E41569BBFC13B82E82F15,Olbersstraße,
39550012_40540025.01,03366,Otto-Suhr-Allee,II,G,STRA,B,Charlottenburg-Wilmersdorf,Charlottenburg,0,39550012,40540025,160.04,20100101,9FDA827ABEA64E06B83475210288503D,Otto-Suhr-Allee,
40540025_40540021.01,03366,Otto-Suhr-Allee,II,G,STRA,B,Charlottenburg-Wilmersdorf,Charlottenburg,0,40540025,40540021,301.37,20100101,1D58CC9C14C845F18B8FC40601160262,Otto-Suhr-Allee,
40540021_40540023.01,03366,Otto-Suhr-Allee,II,G,STRA,B,Charlottenburg-Wilmersdorf,Charlottenburg,0,40540021,40540023,229.09,20100101,2EA476521B8646C69D8B59A91EAECCC7,Otto-Suhr-Allee,
40540023_40540011.01,03366,Otto-Suhr-Allee,II,G,STRA,B,Charlottenburg-Wilmersdorf,Charlottenburg,0,40540023,40540011,130.54,20100101,CA7C54544CA342A6B095BB6FFB950E44,Otto-Suhr-Allee,
40540011_40540024.01,03366,Otto-Suhr-Allee,II,G,STRA,B,Charlottenburg-Wilmersdorf,Charlottenburg,0,40540011,40540024,169.33,20100101,FC0419C9F849426AA4CF8733CBFFEC23,Otto-Suhr-Allee,
40540024_41540024.01,03366,Otto-Suhr-Allee,II,G,STRA,B,Charlottenburg-Wilmersdorf,Charlottenburg,0,40540024,41540024,283.7,20100101,821F589C665F43A5A2B2743DDC4EF5A0,Otto-Suhr-Allee,
41550035_41550036.01,03403,Pascalstraße,V,G,STRA,B,Charlottenburg-Wilmersdorf,Charlottenburg,0,41550035,41550036,46.21,20100101,347181C1DFF14594B259032499D6033F,Pascalstraße,
41550036_41550037.01,03403,Pascalstraße,V,G,STRA,B,Charlottenburg-Wilmersdorf,Charlottenburg,0,41550036,41550037,43.42,20100101,443EA0D60FB442F8A6AE1916751A5609,Pascalstraße,
41550037_41550038.01,03403,Pascalstraße,V,G,STRA,B,Charlottenburg-Wilmersdorf,Charlottenburg,0,41550037,41550038,75.67,20100101,64C012166E1249F9B4B3E3564DCD7CBB,Pascalstraße,
41550038_41550039.01,03403,Pascalstraße,V,G,STRA,B,Charlottenburg-Wilmersdorf,Charlottenburg,0,41550038,41550039,45.58,20100101,F62D966838154B88AB0C5AAC2F3D479D,Pascalstraße,
41550039_41550031.01,03403,Pascalstraße,V,G,STRA,B,Charlottenburg-Wilmersdorf,Charlottenburg,0,41550039,41550031,60.11,20100101,FDBA7E291D5B4442BFF11DE85A97355B,Pascalstraße,
41550031_41550033.01,03403,Pascalstraße,V,G,STRA,B,Charlottenburg-Wilmersdorf,Charlottenburg,0,41550031,41550033,103.06,20100101,BF4DF39DE6784297B493413407108C0D,Pascalstraße,
42560022_42560018.01,03427,Perleberger Straße,III,G,STRA,B,Mitte,Moabit,0,42560022,42560018,183.45,20100101,5DF23F181063432EBFB001A76E5CD7BD,Perleberger Straße,
42560018_42560006.01,03427,Perleberger Straße,III,G,STRA,B,Mitte,Moabit,0,42560018,42560006,158.78,20100101,3C5B9C0B606843A7A0F4235EB91D72B5,Perleberger Straße,
42560006_43560014.01,03427,Perleberger Straße,III,G,STRA,B,Mitte,Moabit,0,42560006,43560014,189.68,20100101,90702C27B4D145529BDE4F20ADA61EB6,Perleberger Straße,
43560014_43560015.01,03427,Perleberger Straße,III,G,STRA,B,Mitte,Moabit,0,43560014,43560015,109.99,20100101,202AFB5C42DA4EA7B54260D7B9B0CF2F,Perleberger Straße,
40550039_40550040.01,03571,Quedlinburger Straße,V,G,STRA,B,Charlottenburg-Wilmersdorf,Charlottenburg,0,40550039,40550040,127.34,20100101,6B408969B82F4748BA596DF350E11D79,Quedlinburger Straße,
42560011_42560024.01,03576,Quitzowstraße,IV,G,STRA,B,Mitte,Moabit,0,42560011,42560024,121.33,20141217,F32C94BBA39D4C9CA262008E35CF62C9,Quitzowstraße,
41550018_41550010.01,03675,Reuchlinstraße,V,G,STRA,B,Mitte,Moabit,0,41550018,41550010,145.04,20100101,3D3698DD780345BE9328AB405505AD88,Reuchlinstraße,
41550010_41560002.01,03675,Reuchlinstraße,V,G,STRA,B,Mitte,Moabit,0,41550010,41560002,126.98,20100101,9E8B5D019E624C12B89C53B0C255CF54,Reuchlinstraße,
40540025_40540006.01,03697,Richard-Wagner-Straße,IV,G,STRA,B,Charlottenburg-Wilmersdorf,Charlottenburg,0,40540025,40540006,78.99,20100101,FE4EBAE799B7449491B9E54914C01389,Richard-Wagner-Straße,
40540006_40540017.01,03697,Richard-Wagner-Straße,IV,G,STRA,B,Charlottenburg-Wilmersdorf,Charlottenburg,0,40540006,40540017,109.69,20100101,169527DC51E74C5E822D01FF92BD28C4,Richard-Wagner-Straße,
40540017_40540026.01,03697,Richard-Wagner-Straße,IV,G,STRA,B,Charlottenburg-Wilmersdorf,Charlottenburg,0,40540017,40540026,103.65,20100101,B8650C89F0274849921845EAD6EA674B,Richard-Wagner-Straße,
40540026_40540027.01,03697,Richard-Wagner-Straße,IV,G,STRA,B,Charlottenburg-Wilmersdorf,Charlottenburg,0,40540026,40540027,146.09,20100101,7F28E5FAD3AD42DFBA4D925734DA8A1B,Richard-Wagner-Straße,
40540027_40540007.01,03697,Richard-Wagner-Straße,IV,G,STRA,B,Charlottenburg-Wilmersdorf,Charlottenburg,0,40540027,40540007,208.26,20100101,15135C6A425C4CE78B0E3383116CAF63,Richard-Wagner-Straße,
41570017_41570016.01,03852,Saatwinkler Damm,II,G,STRA,B,Charlottenburg-Wilmersdorf,Charlottenburg-Nord,0,41570017,41570016,389.91,20100101,88989C2E90AB42139F123D183D1D4472,Saatwinkler Damm,
41570016_41570014.01,03852,Saatwinkler Damm,II,G,STRA,B,Charlottenburg-Wilmersdorf,Charlottenburg-Nord,0,41570016,41570014,96.84,20100101,FB7549D61A6F417794FC7DA5D6CEF033,Saatwinkler Damm,
41570014_41570018.01,03852,Saatwinkler Damm,II,G,STRA,B,Charlottenburg-Wilmersdorf,Charlottenburg-Nord,0,41570014,41570018,52.65,20100101,9538FE7D4B694B42AF8EB8CA8AD40E2C,Saatwinkler Damm,
40550019_41540013.01,03875,Salzufer,V,G,STRA,B,Charlottenburg-Wilmersdorf,Charlottenburg,0,40550019,41540013,443.36,20100101,849A1CD4C6394E4BB171D23253563EAE,Salzufer,
41540008_41540028.01,03875,Salzufer,V,G,STRA,B,Charlottenburg-Wilmersdorf,Charlottenburg,0,41540008,41540028,109.09,20100101,ABB8EC1CD5604D6798161BD9AA8A421A,Salzufer,
40560013_40550043.01,04070,Schwarzer Weg,V,F,VWEG,B,Charlottenburg-Wilmersdorf,Charlottenburg,0,40560013,40550043,458.13,20120801,F5451ACF4CD84B61900C440E66F03B6D,Schwarzer Weg,
40550043_40550032.01,04070,Schwarzer Weg,V,F,VWEG,B,Charlottenburg-Wilmersdorf,Charlottenburg,0,40550043,40550032,96.62,20120801,4AF3BAC728B24CB48265E754B12E0446,Schwarzer Weg,
41570020_41570019.01,00543,Beusselstraße,II,G,STRA,B,Charlottenburg-Wilmersdorf,Charlottenburg-Nord,0,41570020,41570019,37.87,20100101,B199564FD1B8437F9CDF05E7BD497EB9,Beusselstraße,
41570003_41570004.01,04119,Seestraße,II,G,STRA,B,Mitte,Moabit,0,41570003,41570004,256.67,20100101,BA290AC35F7143FD95FFD47DA23786C5,Seestraße,
40560004_40560005.01,04162,Sickingenstraße,III,G,STRA,B,Mitte,Moabit,0,40560004,40560005,165.4,20100101,F5854EF726D341E099741539AF05F3AB,Sickingenstraße,
40560005_40560006.01,04162,Sickingenstraße,III,G,STRA,B,Mitte,Moabit,0,40560005,40560006,164.64,20100101,48B2048AD3C0462690D78D0E854F4539,Sickingenstraße,
40560006_41560003.01,04162,Sickingenstraße,III,G,STRA,B,Mitte,Moabit,0,40560006,41560003,408.21,20100101,153D80F11712475FB1F0D0559055EFFB,Sickingenstraße,
41560003_41560013.01,04162,Sickingenstraße,III,G,STRA,B,Mitte,Moabit,0,41560003,41560013,127.76,20100101,EDCABEBC23BE408F9A32D8BD723EF142,Sickingenstraße,
41560013_41560006.01,04162,Sickingenstraße,III,G,STRA,B,Mitte,Moabit,0,41560013,41560006,130.54,20100101,2D688BF7846547EF97BCDAA5CF5403DD,Sickingenstraße,
41560014_42560013.01,04173,Siemensstraße,V,G,STRA,B,Mitte,Moabit,0,41560014,42560013,200.67,20141211,43611EA1C82F4AF0AB19375F0C0E05BA,Siemensstraße,
42560013_42560026.01,04173,Siemensstraße,V,G,STRA,B,Mitte,Moabit,0,42560013,42560026,65.92,20141211,612CC48747E64D9DBD8A4E89508D371A,Siemensstraße,
42560026_42560027.01,04173,Siemensstraße,V,G,STRA,B,Mitte,Moabit,0,42560026,42560027,85.52,20141211,2158233E60BA472C9F06B1EEDAE68935,Siemensstraße,
42560027_42560011.01,04173,Siemensstraße,V,G,STRA,B,Mitte,Moabit,0,42560027,42560011,185.04,20141211,8547F83FE8494D959305D22CA63DDB34,Siemensstraße,
40550039_40550011.01,04202,Sömmeringstraße,III,G,STRA,B,Charlottenburg-Wilmersdorf,Charlottenburg,0,40550039,40550011,234.91,20100101,A4EBDC325BA84BBD9AAD56399243ED76,Sömmeringstraße,
42550017_42550022.01,04357,Stromstraße,II,G,STRA,B,Mitte,Moabit,0,42550017,42550022,99.78,20100101,A33FA4BE0E5F4E54A2BF94BCCF3275B7,Stromstraße,
42550022_42550007.01,04357,Stromstraße,II,G,STRA,B,Mitte,Moabit,0,42550022,42550007,146.16,20100101,6713941FADF4468FB67463D1959A628F,Stromstraße,
42550007_42550028.01,04357,Stromstraße,II,G,STRA,B,Mitte,Moabit,0,42550007,42550028,102.9,20100101,E87B6B972EA74D8BA83E04941833DEC8,Stromstraße,
42550028_42560028.01,04357,Stromstraße,II,G,STRA,B,Mitte,Moabit,0,42550028,42560028,200.32,20100101,CF85D39BD3564645A1719833A736151E,Stromstraße,
42560028_42560022.01,04357,Stromstraße,II,G,STRA,B,Mitte,Moabit,0,42560028,42560022,80.64,20100101,23CF0EC7038E42A081994F5F5A9BC208,Stromstraße,
42560022_42560004.01,04357,Stromstraße,II,G,STRA,B,Mitte,Moabit,0,42560022,42560004,335.02,20100101,1F9DD07F38DF4770A7E6105353A37B36,Stromstraße,
42570015_42570014.01,04393,Sylter Straße,IV,G,STRA,B,Mitte,Wedding,0,42570015,42570014,363.12,20100101,9A945DC1392941A18BC12BF2415A8BC6,Sylter Straße,
40570007_40570002.01,04467,Thaters Privatweg,V,P,STRA,B,Charlottenburg-Wilmersdorf,Charlottenburg-Nord,0,40570007,40570002,593.26,20120921,1A07600297AE4906BE0C2AF2BA7740CB,Thaters Privatweg,
42550024_42550006.01,04488,Thusnelda-Allee,IV,G,STRA,B,Mitte,Moabit,0,42550024,42550006,76.38,20100101,5679D6997999433689E3BB81A89CB6D3,Thusnelda-Allee,
41550040_41550034.01,04537,Treidelweg,V,F,FUWE,B,Charlottenburg-Wilmersdorf,Charlottenburg,0,41550040,41550034,25.17,20100101,77F2562404C044708CC5661EE027C074,Treidelweg,
41560004_41550014.01,04569,Turmstraße,III,G,STRA,B,Mitte,Moabit,0,41560004,41550014,128.22,20100101,653D74A09246472A80B9F94A819106CA,Turmstraße,
41550014_41550009.01,04569,Turmstraße,III,G,STRA,B,Mitte,Moabit,0,41550014,41550009,189,20100101,1FBEB7DB8A3D4130B996200B4652BF85,Turmstraße,
41550009_42550026.01,04569,Turmstraße,III,G,STRA,B,Mitte,Moabit,0,41550009,42550026,147.52,20100101,F0B14D3628744E8BBF02DFF3C38AD42D,Turmstraße,
42550026_42550014.01,04569,Turmstraße,III,G,STRA,B,Mitte,Moabit,0,42550026,42550014,150.54,20100101,990C93E94BFD45B1BA5D1B7B2AA6548D,Turmstraße,
42550014_42550024.01,04569,Turmstraße,III,G,STRA,B,Mitte,Moabit,0,42550014,42550024,101.73,20100101,307F602D979A489DA8002CCDCC991008,Turmstraße,
42550024_42550013.01,04569,Turmstraße,III,G,STRA,B,Mitte,Moabit,0,42550024,42550013,55.8,20100101,9E149BE57DC74A2B870D821854B4DFBB,Turmstraße,
42550013_42550029.01,04569,Turmstraße,III,G,STRA,B,Mitte,Moabit,0,42550013,42550029,94.79,20100101,C8362FB4976A4712911333E5DE324991,Turmstraße,
42550028_42550025.01,04569,Turmstraße,III,G,STRA,B,Mitte,Moabit,0,42550028,42550025,150.22,20100101,240EC2A0470F43B6B3954D320264C81A,Turmstraße,
42550025_43550008.01,04569,Turmstraße,III,G,STRA,B,Mitte,Moabit,0,42550025,43550008,310.71,20100101,DB7564124562446C962F914E049931CF,Turmstraße,
43550008_43550028.01,04569,Turmstraße,III,G,STRA,B,Mitte,Moabit,0,43550008,43550028,121.45,20100101,8AE2418510EE48D8859E05ED66B5E8A5,Turmstraße,
40550030_40550044.01,04803,Wernigeroder Straße,V,G,STRA,B,Charlottenburg-Wilmersdorf,Charlottenburg,0,40550030,40550044,39.2,20100101,BE228B03208A4300AB5AE710C1313EA1,Wernigeroder Straße,
42570004_42570001.01,04817,Westhafenstraße,V,N,STRA,B,Mitte,Moabit,0,42570004,42570001,198.39,20120921,8487960A2A334FEDAF2F692D3B3DD1DF,Westhafenstraße,
40550002_40550003.01,04837,Wiebestraße,IV,G,STRA,B,Mitte,Moabit,0,40550002,40550003,51.14,20100101,6FA53E18D5AD45CEB7D7ABECE7E3F211,Wiebestraße,
40550003_40560003.01,04837,Wiebestraße,IV,G,STRA,B,Mitte,Moabit,0,40550003,40560003,245.14,20100101,568F5962415749B280CABC3424785AC8,Wiebestraße,
40560003_40560006.01,04837,Wiebestraße,IV,G,STRA,B,Mitte,Moabit,0,40560003,40560006,322.21,20100101,00B3189781404311BDE710403ADB2031,Wiebestraße,
39540061_40540027.01,05016,Zillestraße,V,G,STRA,B,Charlottenburg-Wilmersdorf,Charlottenburg,0,39540061,40540027,141.27,20100101,84E3A6FE46024705AB7011A94ED333FA,Zillestraße,
40540027_40540020.01,05016,Zillestraße,V,G,STRA,B,Charlottenburg-Wilmersdorf,Charlottenburg,0,40540027,40540020,167.56,20100101,E3D68F7435B942259B8450F0886677A2,Zillestraße,
41550007_41550013.01,05049,Zwinglistraße,V,G,STRA,B,Mitte,Moabit,0,41550007,41550013,145.56,20100101,801A6A107BE94F9D8EA41EC9C8C16716,Zwinglistraße,
40560008_40550045.01,05134,Lise-Meitner-Straße,II,G,STRA,B,Charlottenburg-Wilmersdorf,Charlottenburg,0,40560008,40550045,264.39,20100101,71A327BC81674DE390C4F05A2CA2747F,Lise-Meitner-Straße,
40560014_40560008.01,05134,Lise-Meitner-Straße,II,G,STRA,B,Charlottenburg-Wilmersdorf,Charlottenburg,0,40560014,40560008,291.41,20100101,94786002B3494EFFB7DB50D5ACEDE7CD,Lise-Meitner-Straße,
40560016_40560014.01,05134,Lise-Meitner-Straße,II,G,STRA,B,Charlottenburg-Wilmersdorf,Charlottenburg-Nord,0,40560016,40560014,49.27,20100101,A9648FCEA1CC4B66BC9E1EE8F1032ACD,Lise-Meitner-Straße,
40550042_40550046.01,05307,Iburger Ufer,V,F,FUWE,B,Charlottenburg-Wilmersdorf,Charlottenburg,0,40550042,40550046,35.46,20120801,C6FD4DC4AF044BB996AA9F43FADCF997,Iburger Ufer,
42540039_42540019.01,05410,Straße des 17. Juni,I,B,STRA,B,Mitte,Tiergarten,0,42540039,42540019,156.41,20100101,291B509535B3415289641258378FF4F7,Straße des 17. Juni,B2/B5
39570029_40570007.01,05420,Heckerdamm,IV,G,STRA,B,Charlottenburg-Wilmersdorf,Charlottenburg-Nord,0,39570029,40570007,550.63,20100101,AB44417DC32E45088E5A612C33D8CC36,Heckerdamm,
40570007_40570003.01,05420,Heckerdamm,IV,G,STRA,B,Charlottenburg-Wilmersdorf,Charlottenburg-Nord,0,40570007,40570003,413.42,20100101,99F281F35E2C40DBBA0C178285086DDF,Heckerdamm,
41560017_41560018.01,05613,Tunnel Beusselstraße,V,N,TUN,B,Mitte,Moabit,-2,41560017,41560018,34.92,20120801,EB99E8FC453646E9947A1DEBE22D269C,Tunnel Beusselstraße,
41570005_41570006.01,05613,Tunnel Beusselstraße,V,N,TUN,B,Mitte,Moabit,-2,41570005,41570006,46.24,20120801,116168B436E24871AA04DBFD6FAE1B7C,Tunnel Beusselstraße,
41570001_41570007.01,05628,Zufahrtstraße zum Großmarkt,V,N,ZUFA,B,Mitte,Moabit,0,41570001,41570007,136.96,20100101,0C8C6531C24D4020828948C29C86FE4D,Zufahrtstraße zum Großmarkt,
41570008_41570005.01,05628,Zufahrtstraße zum Großmarkt,V,N,ZUFA,B,Mitte,Moabit,0,41570008,41570005,119.86,20100101,0C875A16669F4F28B1BFDE6628AA7453,Zufahrtstraße zum Großmarkt,
41560019_41560017.01,05628,Zufahrtstraße zum Großmarkt,V,N,ZUFA,B,Mitte,Moabit,0,41560019,41560017,109.87,20100101,355C1E2963E14CF396AEC21F66F2B97F,Zufahrtstraße zum Großmarkt,
41560018_41570001.01,05628,Zufahrtstraße zum Großmarkt,V,N,ZUFA,B,Mitte,Moabit,0,41560018,41570001,244.33,20100101,DAA8DFF561BD45D6AE7D1479C53B365C,Zufahrtstraße zum Großmarkt,
41570006_41560009.01,05628,Zufahrtstraße zum Großmarkt,V,N,ZUFA,B,Mitte,Moabit,0,41570006,41560009,188.15,20100101,520993E74BC34461A0B53E44F97A37BB,Zufahrtstraße zum Großmarkt,
41560020_41560008.01,05628,Zufahrtstraße zum Großmarkt,V,N,ZUFA,B,Mitte,Moabit,0,41560020,41560008,148.55,20100101,CCB553EF003C4447AB78F3A6572FF193,Zufahrtstraße zum Großmarkt,
41560008_42570004.01,05629,Zufahrtstraße zum Westhafen,V,N,ZUFA,B,Mitte,Moabit,0,41560008,42570004,992.37,20100101,8727D489104D492FA52D3150C908DB2E,Zufahrtstraße zum Westhafen,
41550039_41550041.01,05679,Heisenbergstraße,V,G,STRA,B,Charlottenburg-Wilmersdorf,Charlottenburg,0,41550039,41550041,163.6,20100101,1B2FCAD80E374AC9BA0A2E910871C92E,Heisenbergstraße,
42540019_42540022.01,05775,Bremer Weg,V,F,FUWE,B,Mitte,Tiergarten,0,42540019,42540022,456.8,20100101,F22AA2C0645A403398F9085AE5F4E37D,Bremer Weg,
42540024_42540025.01,05775,Bremer Weg,V,F,FUWE,B,Mitte,Tiergarten,0,42540024,42540025,203.2,20100101,2F882228FCF44583A9CA1DE7A9B64AF9,Bremer Weg,
40570011_40570010.01,06244,KGA Degenhof,V,P,KGA,B,Charlottenburg-Wilmersdorf,Charlottenburg-Nord,0,40570011,40570010,168.22,20120801,D2B5DC650DE94EF683DEE49C0E2C7F34,KGA Degenhof,
40570010_40570012.01,06244,KGA Degenhof,V,P,KGA,B,Charlottenburg-Wilmersdorf,Charlottenburg-Nord,0,40570010,40570012,122.61,20120801,F80563985F7B4F1A9877CC8698B2E84C,KGA Degenhof,
40570013_40570010.01,06244,KGA Degenhof,V,P,KGA,B,Charlottenburg-Wilmersdorf,Charlottenburg-Nord,0,40570013,40570010,181,20120801,D51C8FC099B54FC7BE6B44F07769CFFC,KGA Degenhof,
40560018_40570015.01,06350,KGA Frischer Wind,V,P,KGA,B,Charlottenburg-Wilmersdorf,Charlottenburg-Nord,0,40560018,40570015,152.76,20120801,E1C475DC4FE8438285B706A35FBA5158,KGA Frischer Wind,
40570015_40570016.01,06350,KGA Frischer Wind,V,P,KGA,B,Charlottenburg-Wilmersdorf,Charlottenburg-Nord,0,40570015,40570016,43.23,20120801,FE482F55AB244FA29AF59503E12B7852,KGA Frischer Wind,
40570017_40570015.01,06373,KGA Gemütlichkeit,V,P,KGA,B,Charlottenburg-Wilmersdorf,Charlottenburg-Nord,0,40570017,40570015,358.89,20120801,1265D720E90B4DB090D75478502C0B9D,KGA Gemütlichkeit,
40570018_40570017.01,06373,KGA Gemütlichkeit,V,P,KGA,B,Charlottenburg-Wilmersdorf,Charlottenburg-Nord,0,40570018,40570017,59.36,20120801,F267579626204CCF9EC89EE2EA4FAAAC,KGA Gemütlichkeit,
40560018_40570018.01,06373,KGA Gemütlichkeit,V,P,KGA,B,Charlottenburg-Wilmersdorf,Charlottenburg-Nord,0,40560018,40570018,416.11,20120801,918F949374B64867A3C2B4AA554E29E5,KGA Gemütlichkeit,
40570019_40570020.01,06414,KGA Gute Hoffnung,V,P,KGA,B,Charlottenburg-Wilmersdorf,Charlottenburg-Nord,0,40570019,40570020,160.09,20120801,8791F24442EB4B5382B285C370AD205D,KGA Gute Hoffnung,
40570020_40570007.01,06414,KGA Gute Hoffnung,V,P,KGA,B,Charlottenburg-Wilmersdorf,Charlottenburg-Nord,0,40570020,40570007,390.57,20120801,AA61234B8C1D4AE69B42FC0F14D8DBF5,KGA Gute Hoffnung,
40570013_40570021.01,06443,KGA Heideschlößchen,V,P,KGA,B,Charlottenburg-Wilmersdorf,Charlottenburg-Nord,0,40570013,40570021,358.69,20120801,886BE2A5607F4F00BED0FBFB8180BB1D,KGA Heideschlößchen,
40570012_40570008.01,06443,KGA Heideschlößchen,V,P,KGA,B,Charlottenburg-Wilmersdorf,Charlottenburg-Nord,0,40570012,40570008,125.82,20120801,F53F6F32523F4778B72CF271A2EF5B67,KGA Heideschlößchen,
40570022_40570013.01,06443,KGA Heideschlößchen,V,P,KGA,B,Charlottenburg-Wilmersdorf,Charlottenburg-Nord,0,40570022,40570013,175.26,20120801,786FB9FE94DB498D8C977C75A64F0A3C,KGA Heideschlößchen,
39570040_40570015.01,06445,KGA Heimat,V,P,KGA,B,Charlottenburg-Wilmersdorf,Charlottenburg-Nord,0,39570040,40570015,188.69,20120801,2BEEB1B61B0E4ACB810271034B176181,KGA Heimat,
40570023_40570024.01,06472,KGA Juliusruh,V,P,KGA,B,Charlottenburg-Wilmersdorf,Charlottenburg-Nord,0,40570023,40570024,403.97,20120801,FF5A5E87167349A380A6D29EF10272A8,KGA Juliusruh,
40570016_40570023.01,06472,KGA Juliusruh,V,P,KGA,B,Charlottenburg-Wilmersdorf,Charlottenburg-Nord,0,40570016,40570023,31.13,20120801,FEDF7067B225454282F6CB58E87331E2,KGA Juliusruh,
40570023_40570020.01,06472,KGA Juliusruh,V,P,KGA,B,Charlottenburg-Wilmersdorf,Charlottenburg-Nord,0,40570023,40570020,48.81,20120801,5D3FB75A452940B2B956A19A502A4C28,KGA Juliusruh,
40570025_40570023.01,06472,KGA Juliusruh,V,P,KGA,B,Charlottenburg-Wilmersdorf,Charlottenburg-Nord,0,40570025,40570023,135.91,20120801,BEA5C0C51B194B95879F0DE3C463B9A6,KGA Juliusruh,
40570027_40570026.01,06483,KGA Karlshofer Wiese,V,P,KGA,B,Charlottenburg-Wilmersdorf,Charlottenburg-Nord,0,40570027,40570026,314.81,20120801,FDD43AFDD88A41EDA27935F7EF926D16,KGA Karlshofer Wiese,
40570017_40570021.01,06532,KGA Loewe,V,P,KGA,B,Charlottenburg-Wilmersdorf,Charlottenburg-Nord,0,40570017,40570021,395.86,20120801,56BD50C3D85B4912AAE7CC0C6545D66B,KGA Loewe,
40570021_40570008.01,06532,KGA Loewe,V,P,KGA,B,Charlottenburg-Wilmersdorf,Charlottenburg-Nord,0,40570021,40570008,114.55,20120801,A189EEB6BF014467B456A237051035AE,KGA Loewe,
40550047_40550043.01,06550,KGA Habsburger Ufer,V,P,KGA,B,Charlottenburg-Wilmersdorf,Charlottenburg,0,40550047,40550043,60.71,20120801,FBC6E9B69BCE4D1D9DDBDC329FE5D3DB,KGA Habsburger Ufer,
40570022_40570026.01,06596,KGA Olympia,V,P,KGA,B,Charlottenburg-Wilmersdorf,Charlottenburg-Nord,0,40570022,40570026,439.78,20120801,DED7CBE06C1241088AFF97B48544748D,KGA Olympia,
41550045_41550034.01,06609,KGA Pascalstraße,V,P,KGA,B,Charlottenburg-Wilmersdorf,Charlottenburg,0,41550045,41550034,295.59,20120801,3AA121845AF246BA9B8A8DA7D6B4B76A,KGA Pascalstraße,
40550048_40550029.01,07080,Mierendorffplatz,III,G,STRA,B,Charlottenburg-Wilmersdorf,Charlottenburg,0,40550048,40550029,78.35,20100101,C4B076186AD64D459F27109218130705,Mierendorffplatz,
40550045_40550029.01,07080,Mierendorffplatz,II,G,STRA,B,Charlottenburg-Wilmersdorf,Charlottenburg,0,40550045,40550029,85.38,20100101,5C855578625A4E0A9C6A9A2059F58184,Mierendorffplatz,
41560008_41560007.01,00543,Beusselstraße,II,G,STRA,B,Mitte,Moabit,0,41560008,41560007,109.08,20100101,5B4E715EA8534400B56CC697FFAA1ABB,Beusselstraße,
40550015_40550019.01,01009,Dovestraße,III,G,STRA,B,Charlottenburg-Wilmersdorf,Charlottenburg,0,40550015,40550019,79.73,20100101,4AADA9A91FD84A58AF44C270871FF831,Dovestraße,
42570003_42570012.01,07263,Föhrer Brücke,II,G,STRA,B,Mitte,Moabit,0,42570003,42570012,98.09,20100101,3ADAE68358FD4463A8F9F7283C95C944,Föhrer Brücke,
41550029_41550012.01,01646,Gotzkowskystraße,III,G,STRA,B,Mitte,Moabit,0,41550029,41550012,86.8,20100101,A0EAC7E66259487B895B9C290D9A1D4E,Gotzkowskystraße,
42550015_42550038.01,00100,Altonaer Straße,II,G,STRA,B,Mitte,Moabit,0,42550015,42550038,74.58,20100101,A5DA6FB34D364E95A6FD21DAA92EAE5E,Altonaer Straße,
40550020_40550001.01,02289,Kaiserin-Augusta-Allee,II,G,STRA,B,Mitte,Moabit,0,40550020,40550001,87.94,20100101,9F98E36212BB4212AD69C55B17DC458E,Kaiserin-Augusta-Allee,
42550046_42550017.01,02757,Lessingstraße,II,G,STRA,B,Mitte,Moabit,0,42550046,42550017,92.7,20100101,0ABABBE3418E4A63BEDC827D8C0AA131,Lessingstraße,
41540006_41540013.01,02944,Marchstraße,III,G,STRA,B,Charlottenburg-Wilmersdorf,Charlottenburg,0,41540006,41540013,77.85,20100101,7EECF9C1BF4B4533B80BB4FD334B27DC,Marchstraße,
42550042_42550023.01,02415,Kirchstraße,IV,G,STRA,B,Mitte,Moabit,0,42550042,42550023,90.28,20100101,8BE31192020445DCA683CF22C44D9D0C,Kirchstraße,
41570002_41570003.01,04119,Seestraße,II,G,AUBA,B,Mitte,Moabit,0,41570002,41570003,55.97,20131204,373E1A0700284631B8BC3E002DAAF1F0,Seestraße,
41570004_42570013.01,04119,Seestraße,II,G,STRA,B,Mitte,Moabit,0,41570004,42570013,91.17,20100101,AFE13ADFF594466C95E9B353F28FE82D,Seestraße,
40560007_40560004.01,01484,Gaußstraße,III,G,STRA,B,Mitte,Moabit,0,40560007,40560004,86.59,20100101,66A701A6B15D4464A8E23A204FA26A42,Gaußstraße,
41570019_41570001.01,00543,Beusselstraße,II,G,STRA,B,Mitte,Moabit,0,41570019,41570001,62.87,20100101,3117EFBC0D8E488095187A4E064585DC,Beusselstraße,
41570018_41570020.01,00543,Beusselstraße,II,G,STRA,B,Charlottenburg-Wilmersdorf,Charlottenburg-Nord,2,41570018,41570020,41.1,20100101,DFCF2E858BC94C35B12D3865BDBF23BE,Beusselstraße,
43550038_43540028.01,07828,Schloßpark Bellevue,V,F,PARK,B,Mitte,Tiergarten,0,43550038,43540028,553.88,20100101,69C9B9590E994ED79987E263B938C8B4,Schloßpark Bellevue,
42540028_42540029.01,07861,Großer Tiergarten,V,F,PARK,B,Mitte,Tiergarten,0,42540028,42540029,100.6,20100101,ED6CBCDEAF3C431D8D7C1D49E63046A5,Großer Tiergarten,
42540029_42540030.01,07861,Großer Tiergarten,V,F,PARK,B,Mitte,Tiergarten,0,42540029,42540030,45.71,20100101,DE59BAB69BD348D58D37312FEFFA1C8F,Großer Tiergarten,
42540030_42540025.01,07861,Großer Tiergarten,V,F,PARK,B,Mitte,Tiergarten,0,42540030,42540025,46.39,20100101,827F2F37F9374DCABA92645C56B24C4B,Großer Tiergarten,
42540025_42540031.01,07861,Großer Tiergarten,V,F,PARK,B,Mitte,Tiergarten,0,42540025,42540031,107.22,20100101,5D2A29725A0847C6A967B7E447AC074F,Großer Tiergarten,
42540032_43540060.01,08065,Englischer Garten,V,F,PARK,B,Mitte,Tiergarten,0,42540032,43540060,244.25,20100101,27628EA8E6904F419C6D423EEBC5B244,Englischer Garten,
42540033_43540060.01,08065,Englischer Garten,V,F,PARK,B,Mitte,Tiergarten,0,42540033,43540060,18.46,20100101,33499B389737475980E07BF640B9DDD4,Englischer Garten,
42540028_42540033.01,08065,Englischer Garten,V,F,PARK,B,Mitte,Tiergarten,0,42540028,42540033,118.22,20100101,0A364E6C14BD4F22962FA57EE241CE64,Englischer Garten,
43540060_43540061.01,08065,Englischer Garten,V,F,PARK,B,Mitte,Tiergarten,0,43540060,43540061,31.37,20100101,455376D49ADC475B92C9A792B2ADFBF6,Englischer Garten,
43540061_43540062.01,08065,Englischer Garten,V,F,PARK,B,Mitte,Tiergarten,0,43540061,43540062,135.78,20100101,84780079011A43E9907559651B1FA660,Englischer Garten,
42540032_42550049.01,08065,Englischer Garten,V,F,PARK,B,Mitte,Tiergarten,0,42540032,42550049,144.23,20100101,C67C3F8F85994E83A1673AC7929E0CCB,Englischer Garten,
42550048_42550049.01,08065,Englischer Garten,V,F,PARK,B,Mitte,Hansaviertel,0,42550048,42550049,97.43,20100101,95D78D1511BE4A45ACDB0AA6BD2AEA2F,Englischer Garten,
42550049_43550038.01,08065,Englischer Garten,V,F,PARK,B,Mitte,Tiergarten,0,42550049,43550038,199.43,20100101,4EA0B4B804B241D484BE38B8005A0ABD,Englischer Garten,
43550038_43550037.01,08065,Englischer Garten,V,F,PARK,B,Mitte,Tiergarten,0,43550038,43550037,38.31,20100101,A1A1BF84C8AB485CA1941497B17A298A,Englischer Garten,
42540014_42540032.01,08065,Englischer Garten,V,F,PARK,B,Mitte,Tiergarten,0,42540014,42540032,290.21,20100101,B95F3263D6004541B3A5F35B4F7DBFF6,Englischer Garten,
42550030_42550031.01,08114,Essener Park,V,F,PARK,B,Mitte,Moabit,0,42550030,42550031,88.48,20100101,7B3345C75605418790E59D61A0FEC72B,Essener Park,
42550032_42550007.01,08115,Kleiner Tiergarten,V,F,PARK,B,Mitte,Moabit,0,42550032,42550007,203.4,20100101,344B9998281042BDB5B70F1A417AC202,Kleiner Tiergarten,
42550007_42550033.01,08115,Kleiner Tiergarten,V,F,PARK,B,Mitte,Moabit,0,42550007,42550033,190.55,20100101,5B0B27AC3A3E4499A78C54165C34E444,Kleiner Tiergarten,
42550028_42550034.01,08115,Kleiner Tiergarten,V,F,PARK,B,Mitte,Moabit,0,42550028,42550034,163.61,20100101,1FD6BE3C4D8649B0BD69B7C9A37C9259,Kleiner Tiergarten,
42550034_42550025.01,08115,Kleiner Tiergarten,V,F,PARK,B,Mitte,Moabit,0,42550034,42550025,37.63,20100101,AEF8D1DF9E5740B1A8A78241EC227083,Kleiner Tiergarten,
42550034_42550033.01,08115,Kleiner Tiergarten,V,F,PARK,B,Mitte,Moabit,0,42550034,42550033,76.2,20100101,628D10171CBF4636AC1BD7BEB470B105,Kleiner Tiergarten,
42550033_42550035.01,08115,Kleiner Tiergarten,V,F,PARK,B,Mitte,Moabit,0,42550033,42550035,40.77,20100101,D2D3C955F074428AADEBF1F16CF5F5FB,Kleiner Tiergarten,
42550033_42550036.01,08115,Kleiner Tiergarten,V,F,PARK,B,Mitte,Moabit,0,42550033,42550036,211.37,20100101,5DE0C75AE34447028CC67945B2A49E14,Kleiner Tiergarten,
42540034_42540035.01,08117,Ruhegarten Tiergarten, zw. Altonaer S. u. Str. D. 17. Juni,V,F,PARK,B,Mitte,Tiergarten,0,42540034,42540035,299.53,20100101,83EAD904EEA2467A83BBE4FCDB3EFE9B,Ruhegarten Tiergarten, zw. Altonaer S. u. Str. D. 17. Juni,
42540034_42540036.01,08117,Ruhegarten Tiergarten, zw. Altonaer S. u. Str. D. 17. Juni,V,F,PARK,B,Mitte,Tiergarten,0,42540034,42540036,48.78,20100101,2D0A04B6FCDA4C8CAF61672617564385,Ruhegarten Tiergarten, zw. Altonaer S. u. Str. D. 17. Juni,
42540019_42540036.01,08117,Ruhegarten Tiergarten, zw. Altonaer S. u. Str. D. 17. Juni,V,F,PARK,B,Mitte,Tiergarten,0,42540019,42540036,392.22,20100101,3313D643815F4DC88C3AFBCF85383F04,Ruhegarten Tiergarten, zw. Altonaer S. u. Str. D. 17. Juni,
42540015_42540034.01,08117,Ruhegarten Tiergarten, zw. Altonaer S. u. Str. D. 17. Juni,V,F,PARK,B,Mitte,Tiergarten,0,42540015,42540034,297.9,20100101,BE1D3F3AEFDB43CA8B05596A193ED23E,Ruhegarten Tiergarten, zw. Altonaer S. u. Str. D. 17. Juni,
42540036_42540037.01,08117,Ruhegarten Tiergarten, zw. Altonaer S. u. Str. D. 17. Juni,V,F,PARK,B,Mitte,Tiergarten,0,42540036,42540037,338.91,20100101,E18275D246D54EB7A8D2BF2E605EE467,Ruhegarten Tiergarten, zw. Altonaer S. u. Str. D. 17. Juni,
41540033_41540029.01,09200,Herbert-Lewin-Platz,V,N,PLAT,B,Charlottenburg-Wilmersdorf,Charlottenburg,0,41540033,41540029,28.14,20120801,D46C9B73C096434EAC5D6C02749514D3,Herbert-Lewin-Platz,
41540017_41540034.01,09240,Otto-Dibelius-Straße,V,G,STRA,B,Charlottenburg-Wilmersdorf,Charlottenburg,0,41540017,41540034,117.32,20100101,0132FCB4872E4AB7AEC9DD10B01654EC,Otto-Dibelius-Straße,
41550046_41550036.01,09419,Clara-von-Simson-Straße,V,G,STRA,B,Charlottenburg-Wilmersdorf,Charlottenburg,0,41550046,41550036,115.85,20100101,C8B30E1EA33742A388ACD44D571BC08F,Clara-von-Simson-Straße,
39560047_40560016.01,16200,KGA Stichkanal,V,P,KGA,B,Charlottenburg-Wilmersdorf,Charlottenburg-Nord,0,39560047,40560016,122.08,20120801,6ABAF29C0446402DA7FADB3913057643,KGA Stichkanal,
40560021_40560020.01,16201,KGA Stichkanal-Mulde,V,P,KGA,B,Charlottenburg-Wilmersdorf,Charlottenburg-Nord,0,40560021,40560020,335.18,20120801,4A95E97659834FB99A43A279EC997EEB,KGA Stichkanal-Mulde,
40560021_40560022.01,16202,KGA Stichkanal-Wickelshof,V,P,KGA,B,Charlottenburg-Wilmersdorf,Charlottenburg-Nord,0,40560021,40560022,386.95,20120801,20690F5535634C4FAEA5B7A0C894FD52,KGA Stichkanal-Wickelshof,
41570002_41570025.01,99054,100 AS Beusselstr AS Seestr Hauptfahrbahn >W,II,A,AUBA,R,Charlottenburg-Wilmersdorf,Charlottenburg-Nord,0,41570002,41570025,515.11,20131204,0C46B6C419764869949FCAB51D57EA29,100 AS Beusselstr AS Seestr Hauptfahrbahn >W,A100
41570018_41570025.01,99056,100 AS Beusselstr AS Seestr Einf v Beusselstr,II,A,AUBA,R,Charlottenburg-Wilmersdorf,Charlottenburg-Nord,1,41570018,41570025,271.92,20131204,46A12ECDF76F45A98F1C6063D789038D,100 AS Beusselstr AS Seestr Einf v Beusselstr,
41570025_40570041.01,05577,A 100 BAB Stadtring,II,A,AUBA,R,Charlottenburg-Wilmersdorf,Charlottenburg-Nord,0,41570025,40570041,241.01,20130115,0ED1C5CE9A8345839E3288AAD24D8907,A 100 BAB Stadtring,A100
40570041_39560048.01,05577,A 100 BAB Stadtring,II,A,AUBA,R,Charlottenburg-Wilmersdorf,Charlottenburg-Nord,0,40570041,39560048,1245.39,20130130,20685424C3AD43FFA5F4D3901F45F6A0,A 100 BAB Stadtring,A100
40570042_41570024.01,05577,A 100 BAB Stadtring,II,A,AUBA,R,Charlottenburg-Wilmersdorf,Charlottenburg-Nord,0,40570042,41570024,245.29,20130115,0FAA4D1CD2B04217AC071A246FD0AE7D,A 100 BAB Stadtring,A100
39560049_40570042.01,05577,A 100 BAB Stadtring,II,A,AUBA,R,Charlottenburg-Wilmersdorf,Charlottenburg-Nord,0,39560049,40570042,1116.32,20130130,8F07FC7109244214B2366AC65D4C6CF9,A 100 BAB Stadtring,A100
42540037_42540041.01,05611,Tunnel Siegessäule Westl.,V,F,TUN,B,Mitte,Tiergarten,-2,42540037,42540041,34.11,20100101,1B907D0918794C1392D1C48CC60F29E9,Tunnel Siegessäule Westl.,
42540041_42540040.01,05611,Tunnel Siegessäule Westl.,V,F,TUN,B,Mitte,Tiergarten,-2,42540041,42540040,37.94,20100101,28F9B141F3414879AEC6A99BA15355EF,Tunnel Siegessäule Westl.,
41570020_41570002.01,04119,Seestraße,II,G,AUBA,R,Charlottenburg-Wilmersdorf,Charlottenburg-Nord,1,41570020,41570002,256.29,20130115,329463F0C73B40CFBC228C0BDECECB93,Seestraße,
40540012_40540013.02,00847,Cauerstraße,III,G,STRA,B,Charlottenburg-Wilmersdorf,Charlottenburg,0,40540012,40540013,189.3,20111124,96B4464D5C4348FCBF663DEED6CAC182,Cauerstraße,
42570013_42570021.01,06960,Eckernförder Platz,V,F,FUWE,B,Mitte,Wedding,0,42570013,42570021,144.03,20120424,273B5831D06D47809706E960BC160AA0,Eckernförder Platz,
42570021_42570020.01,06960,Eckernförder Platz,V,F,FUWE,B,Mitte,Wedding,0,42570021,42570020,176.75,20120424,64B29B021ACF43498C92E5CE2A8ED505,Eckernförder Platz,
42570020_42570014.01,06960,Eckernförder Platz,V,F,FUWE,B,Mitte,Wedding,0,42570020,42570014,101.72,20120424,90D2C9944E1B460BBE2EE4251AE22933,Eckernförder Platz,
42570018_42570019.01,06960,Eckernförder Platz,V,F,FUWE,B,Mitte,Wedding,0,42570018,42570019,92.34,20120424,1592C0DCA15C45D3AA2AC666B9C5F86A,Eckernförder Platz,
42570019_42570020.01,06960,Eckernförder Platz,V,F,FUWE,B,Mitte,Wedding,0,42570019,42570020,123.62,20120424,90E98756906F4FCB9D6254CC77983945,Eckernförder Platz,
42570021_42570018.01,06960,Eckernförder Platz,V,F,FUWE,B,Mitte,Wedding,0,42570021,42570018,50.33,20120424,88DAE92CE77F4FC2886ABB764A67BB20,Eckernförder Platz,
42570019_42570023.01,06960,Eckernförder Platz,V,F,FUWE,B,Mitte,Wedding,0,42570019,42570023,52,20120424,4E232BD4C66A4F3A92D785E565E1BCB1,Eckernförder Platz,
42570020_42570024.01,06960,Eckernförder Platz,V,F,FUWE,B,Mitte,Wedding,0,42570020,42570024,59.74,20120424,48A1453AAFDE483089C6FEBEF7B9E556,Eckernförder Platz,
41550033_41550029.01,01929,Helmholtzstraße,III,G,STRA,B,Charlottenburg-Wilmersdorf,Charlottenburg,0,41550033,41550029,255.9398,20120606,4252211D96C746A095A6530FFBF80597,Helmholtzstraße,
41540028_42540039.01,05410,Straße des 17. Juni,I,B,STRA,B,Charlottenburg-Wilmersdorf,Charlottenburg,0,41540028,42540039,277.6649,20120606,97E49055481B4B07882A6510C3EA78E2,Straße des 17. Juni,B2/B5
41540016_41550047.01,09234,Margarete-Kühn-Straße,V,G,STRA,B,Charlottenburg-Wilmersdorf,Charlottenburg,0,41540016,41550047,74.22,20120606,9D9749B895DB4DC58E4034B77F66D102,Margarete-Kühn-Straße,
42550051_42550031.01,08114,Essener Park,V,F,PARK,B,Mitte,Moabit,0,42550051,42550031,59.5834,20120718,264B84A70BFA43C0AA588CD72F061AD0,Essener Park,
42550031_42550050.01,08114,Essener Park,V,F,PARK,B,Mitte,Moabit,0,42550031,42550050,51.366,20120718,C5645DB196624B7682BE8B03DC3B2366,Essener Park,
42550050_42550051.01,08114,Essener Park,V,F,PARK,B,Mitte,Moabit,0,42550050,42550051,63.7692,20120718,690C5E9C88094E81AAFA6173193FA876,Essener Park,
42550029_42550052.01,08115,Kleiner Tiergarten,V,F,PARK,B,Mitte,Moabit,0,42550029,42550052,46.473,20120718,B29FF2F3CF444966A942083EDCB432F5,Kleiner Tiergarten,
42550052_42550028.01,08115,Kleiner Tiergarten,V,F,PARK,B,Mitte,Moabit,0,42550052,42550028,132.1407,20120718,2BC5989E416D422BB85343F12D6DF970,Kleiner Tiergarten,
42560001_42560003.02,00574,Birkenstraße,IV,G,STRA,B,Mitte,Moabit,0,42560001,42560003,91.62,20120724,E313F3BD8CCC4534A4A57FBD73F6F62D,Birkenstraße,
42560003_42560024.02,04869,Wilhelmshavener Straße,V,G,STRA,B,Mitte,Moabit,0,42560003,42560024,211.36,20120724,4D11B49641F6401A9CB6D5FC339FC5BB,Wilhelmshavener Straße,
41540004_41540006.02,01102,Einsteinufer,V,G,STRA,B,Charlottenburg-Wilmersdorf,Charlottenburg,0,41540004,41540006,186.09,20120919,362E68687BCD4926BBCACAD2DA2D8982,Einsteinufer,
40550015_41540004.02,01102,Einsteinufer,V,G,STRA,B,Charlottenburg-Wilmersdorf,Charlottenburg,0,40550015,41540004,270.42,20120919,88402639B20945389581254B5783A11B,Einsteinufer,
41540003_41540004.02,00005,Abbestraße,V,G,STRA,B,Charlottenburg-Wilmersdorf,Charlottenburg,0,41540003,41540004,130.28,20120919,9965EB7D947B46BBB727384D545081B3,Abbestraße,
40540005_40540024.02,02955,Marie-Elisabeth-Lüders-Straße,V,G,STRA,B,Charlottenburg-Wilmersdorf,Charlottenburg,0,40540005,40540024,198.73,20120919,206734C8C8344D7692D3B705B4B4F2B3,Marie-Elisabeth-Lüders-Straße,
41540006_41540007.02,01102,Einsteinufer,V,G,STRA,B,Charlottenburg-Wilmersdorf,Charlottenburg,0,41540006,41540007,596.21,20120919,5211642BC01549F982432ABF3261446D,Einsteinufer,
41540027_41540008.02,03875,Salzufer,V,G,STRA,B,Charlottenburg-Wilmersdorf,Charlottenburg,0,41540027,41540008,252.39,20120919,AD8F04391FE74929B20B93F17C5CB137,Salzufer,
41540013_41540025.02,03875,Salzufer,V,G,STRA,B,Charlottenburg-Wilmersdorf,Charlottenburg,0,41540013,41540025,136.28,20120919,162503FF841244E18CAC941EC1559151,Salzufer,
41540025_41540016.02,09234,Margarete-Kühn-Straße,V,G,STRA,B,Charlottenburg-Wilmersdorf,Charlottenburg,0,41540025,41540016,159.46,20120919,ADFB2DD874A240AEBF319441FF79AAA6,Margarete-Kühn-Straße,
41540025_41540026.02,03875,Salzufer,V,G,STRA,B,Charlottenburg-Wilmersdorf,Charlottenburg,0,41540025,41540026,72.11,20120919,11CD477644E54AB9A85B275E9F68A5EE,Salzufer,
41540026_41540017.02,09240,Otto-Dibelius-Straße,V,G,STRA,B,Charlottenburg-Wilmersdorf,Charlottenburg,0,41540026,41540017,132.88,20120919,219C22672AA84081894BE7B07FF0FF50,Otto-Dibelius-Straße,
41540026_41540027.02,03875,Salzufer,V,G,STRA,B,Charlottenburg-Wilmersdorf,Charlottenburg,0,41540026,41540027,98.31,20120919,189780A91BD14BA8901B67D9A3B0E62E,Salzufer,
41540027_41540018.02,08958,Hannah-Karminski-Straße,V,G,STRA,B,Charlottenburg-Wilmersdorf,Charlottenburg,0,41540027,41540018,165.07,20120919,189CA24BF7C04DD59EFFE3147627916E,Hannah-Karminski-Straße,
41550028_41540016.02,01758,Gutenbergstraße,V,G,STRA,B,Charlottenburg-Wilmersdorf,Charlottenburg,0,41550028,41540016,138.49,20120919,9F8E59E4006841D7828DD5426F60D383,Gutenbergstraße,
41540017_41540018.02,01758,Gutenbergstraße,V,G,STRA,B,Charlottenburg-Wilmersdorf,Charlottenburg,0,41540017,41540018,97.64,20120919,79FE19E01B194C799DB7AC6B96FCF044,Gutenbergstraße,
41540018_41540009.02,01758,Gutenbergstraße,V,G,STRA,B,Charlottenburg-Wilmersdorf,Charlottenburg,0,41540018,41540009,216.06,20120919,03E9E2F74E254F43BAA7BCD5AF0FF828,Gutenbergstraße,
41540009_41540010.02,01168,Englische Straße,V,N,STRA,B,Charlottenburg-Wilmersdorf,Charlottenburg,0,41540009,41540010,81.74,20120919,A3731A1855EA4CB39FBC5DA7D7F09D3C,Englische Straße,
41540008_41540009.02,01168,Englische Straße,V,G,STRA,B,Charlottenburg-Wilmersdorf,Charlottenburg,0,41540008,41540009,231.03,20120919,3CA150C88BDA4B2CB9BC643E0308EBFF,Englische Straße,
41540009_41540029.02,04749,Wegelystraße,V,G,STRA,B,Charlottenburg-Wilmersdorf,Charlottenburg,0,41540009,41540029,162.97,20120919,71222A55356646D5BC20EF6333D7B79C,Wegelystraße,
41540029_42540038.02,04749,Wegelystraße,V,G,STRA,B,Charlottenburg-Wilmersdorf,Charlottenburg,0,41540029,42540038,157.07,20120919,98F3F4A1A4D64D979124640333E27393,Wegelystraße,
40560012_40560004.02,03216,Neues Ufer,V,G,STRA,B,Charlottenburg-Wilmersdorf,Charlottenburg,0,40560012,40560004,183.17,20120919,65518D7316684856ACF10DF43592200F,Neues Ufer,
42540019_42540018.01,05410,Straße des 17. Juni,I,B,STRA,B,Mitte,Tiergarten,0,42540019,42540018,761.3349,20130115,4559B77E1E934EAD80C9717595E75997,Straße des 17. Juni,B2/B5
42540041_43540066.03,05611,Tunnel Siegessäule Westl.,V,F,TUN,B,Mitte,Tiergarten,-2,42540041,43540066,84.97,20130115,B6831E1D39AB41C48F510FE97AD2340A,Tunnel Siegessäule Westl.,
42550029_42550028.03,04569,Turmstraße,III,G,STRA,B,Mitte,Moabit,0,42550029,42550028,123.26,20130115,855AB88FE6584FE18A7AFC64E430C608,Turmstraße,
41570002_41570018.02,04119,Seestraße,II,G,AUBA,R,Charlottenburg-Wilmersdorf,Charlottenburg-Nord,1,41570002,41570018,244.47,20130115,2E97640155D5480BA329F50C418E8EE5,Seestraße,
41570024_41570020.02,99055,100 AS Beusselstr AS Seestr Ausf n Beusselstr,II,A,AUBA,R,Charlottenburg-Wilmersdorf,Charlottenburg-Nord,1,41570024,41570020,268.57,20131204,EE763BEFABAE4A6F82BB9F77EBC3B8F6,100 AS Beusselstr AS Seestr Ausf n Beusselstr,
41570024_41570002.02,99053,100 AS Beusselstr AS Seestr Hauptfahrbahn >O,II,A,AUBA,R,Charlottenburg-Wilmersdorf,Charlottenburg-Nord,0,41570024,41570002,518.59,20131204,D78026BF7C22454F9D3826CF4A3FF7D9,100 AS Beusselstr AS Seestr Hauptfahrbahn >O,A100
40550009_40550008.02,00094,Alt-Lietzow,V,G,STRA,R,Charlottenburg-Wilmersdorf,Charlottenburg,0,40550009,40550008,86.2,20130806,192DCA5057B145DCA74A74B62065FF27,Alt-Lietzow,
40550008_40540003.02,00094,Alt-Lietzow,V,G,STRA,R,Charlottenburg-Wilmersdorf,Charlottenburg,0,40550008,40540003,48.62,20130806,97CA05EF357346078454812231A8634B,Alt-Lietzow,
40540003_40540002.02,00094,Alt-Lietzow,V,G,STRA,R,Charlottenburg-Wilmersdorf,Charlottenburg,0,40540003,40540002,121.64,20130806,2A824A329C66447585159702B36E0FF6,Alt-Lietzow,
40550006_40550008.02,00094,Alt-Lietzow,V,G,STRA,B,Charlottenburg-Wilmersdorf,Charlottenburg,0,40550006,40550008,194.44,20130806,7C0B7D280C994972975430ADA711A75E,Alt-Lietzow,
40550010_40550009.02,00094,Alt-Lietzow,V,G,STRA,R,Charlottenburg-Wilmersdorf,Charlottenburg,0,40550010,40550009,124.57,20130806,D77547531F834442AB5673688B14CCE6,Alt-Lietzow,
40540002_40550010.02,00094,Alt-Lietzow,V,G,STRA,B,Charlottenburg-Wilmersdorf,Charlottenburg,0,40540002,40550010,67.25,20130806,001092ED707A4A99BA0619E71C5E9ECB,Alt-Lietzow,
40550009_40550050.01,02877,Lüdtgeweg,V,G,STRA,B,Charlottenburg-Wilmersdorf,Charlottenburg,0,40550009,40550050,99.9719,20130806,C48DE0BA908F4959AAF9FD7670BC3D1D,Lüdtgeweg,
40550050_40550035.01,02877,Lüdtgeweg,V,X,FUWE,B,Charlottenburg-Wilmersdorf,Charlottenburg,0,40550050,40550035,107.54,20130806,6408F6C21BF24AB9A7C9B830F1AB3C12,Lüdtgeweg,
40540021_40540003.02,04719,Warburgzeile,V,G,STRA,B,Charlottenburg-Wilmersdorf,Charlottenburg,0,40540021,40540003,199.91,20130806,6900AED9858E42D083FD2A6F9E367665,Warburgzeile,
40540002_40540023.02,02852,Loschmidtstraße,V,G,STRA,B,Charlottenburg-Wilmersdorf,Charlottenburg,0,40540002,40540023,294.6,20130806,B63AD4E79A5D421CAFB4477CD1D39BB3,Loschmidtstraße,
40550010_40540015.02,01741,Guerickestraße,V,G,STRA,B,Charlottenburg-Wilmersdorf,Charlottenburg,0,40550010,40540015,114.34,20130806,537305AC62674A47BAD76BF01A8D5855,Guerickestraße,
40550007_40550006.02,00094,Alt-Lietzow,V,G,STRA,B,Charlottenburg-Wilmersdorf,Charlottenburg,0,40550007,40550006,116.82,20130806,F8BE0AD7EDE94366B62ED9C067C3E3CE,Alt-Lietzow,
40550014_40550007.02,04905,Wintersteinstraße,III,G,STRA,B,Charlottenburg-Wilmersdorf,Charlottenburg,0,40550014,40550007,122.67,20130806,8CFA8DBE87E1462486B1CC6F4CA435ED,Wintersteinstraße,
40550007_40540025.02,04905,Wintersteinstraße,III,G,STRA,B,Charlottenburg-Wilmersdorf,Charlottenburg,0,40550007,40540025,76.9,20130806,2E7166D33F184FA399A7AD2314B3A067,Wintersteinstraße,
40550006_40550013.02,00329,Arcostraße,V,G,STRA,B,Charlottenburg-Wilmersdorf,Charlottenburg,0,40550006,40550013,194.35,20130806,9ECCF29583844897B4ACAE6500438641,Arcostraße,
40550013_40550035.02,05307,Iburger Ufer,V,G,STRA,B,Charlottenburg-Wilmersdorf,Charlottenburg,0,40550013,40550035,244.32,20130806,A0C9D206C6DD43189C407C11DA4CE189,Iburger Ufer,
40550035_40550049.02,07418,Siemenssteg,V,F,FUBR,B,Charlottenburg-Wilmersdorf,Charlottenburg,0,40550035,40550049,103.53,20130806,607E20F9CD9647B1AB5779D7D2F73293,Siemenssteg,
40550035_40550042.02,05307,Iburger Ufer,V,G,STRA,B,Charlottenburg-Wilmersdorf,Charlottenburg,0,40550035,40550042,161.75,20130806,50026EB85EB34EE4BEC3FA274C69BAA6,Iburger Ufer,
40540015_40540013.02,01741,Guerickestraße,V,G,STRA,B,Charlottenburg-Wilmersdorf,Charlottenburg,0,40540015,40540013,156.96,20130806,78840C6847F14362990350B943C661A8,Guerickestraße,
40540015_40550015.02,01468,Galvanistraße,V,G,STRA,B,Charlottenburg-Wilmersdorf,Charlottenburg,0,40540015,40550015,331.77,20130806,03A07E182A3B44E78D6EBDE14756317F,Galvanistraße,
40550011_40550049.01,00252,Am Spreebord,V,G,STRA,B,Charlottenburg-Wilmersdorf,Charlottenburg,0,40550011,40550049,399.3281,20130806,71360D851D8A4C3BA81A70D4FC74CCF2,Am Spreebord,
40550049_40550018.01,00252,Am Spreebord,V,G,STRA,B,Charlottenburg-Wilmersdorf,Charlottenburg,0,40550049,40550018,178.4777,20130806,3561D52CD6E841509817F2ADE94D96EB,Am Spreebord,
40550017_40550018.02,00926,Darwinstraße,V,G,STRA,B,Charlottenburg-Wilmersdorf,Charlottenburg,0,40550017,40550018,250.9,20130806,0060D8B543514D39AD58F80614FAB3E2,Darwinstraße,
40550042_40550018.02,07386,Röntgenbrücke,V,G,BRUE,B,Charlottenburg-Wilmersdorf,Charlottenburg,0,40550042,40550018,126.94,20130806,62C79CBA3B7F4DB0AB19B17C5B8F7CE0,Röntgenbrücke,
40550017_40550022.02,03571,Quedlinburger Straße,V,G,STRA,B,Charlottenburg-Wilmersdorf,Charlottenburg,0,40550017,40550022,83.61,20130806,F90941C15FDC435B8625753CD720FA22,Quedlinburger Straße,
40550034_40550017.02,03571,Quedlinburger Straße,V,G,STRA,B,Charlottenburg-Wilmersdorf,Charlottenburg,0,40550034,40550017,74.58,20130806,8C9318424D654779AA3D6486458D2232,Quedlinburger Straße,
40550022_40550023.02,01632,Goslarer Ufer,V,G,STRA,B,Charlottenburg-Wilmersdorf,Charlottenburg,0,40550022,40550023,233.56,20130806,83CF2A3A20274AD28DE57A15FE8EDCEC,Goslarer Ufer,
40550021_40550022.02,01632,Goslarer Ufer,V,G,STRA,B,Charlottenburg-Wilmersdorf,Charlottenburg,0,40550021,40550022,159.21,20130806,AFE844CC1BC84C5E9133B9BD466E9DEF,Goslarer Ufer,
40550034_40550033.02,02439,Klaustaler Straße,V,G,STRA,B,Charlottenburg-Wilmersdorf,Charlottenburg,0,40550034,40550033,153.92,20130806,5ADAD8600BC54CB39B14B5F28986D649,Klaustaler Straße,
40550041_40550034.02,03571,Quedlinburger Straße,V,G,STRA,B,Charlottenburg-Wilmersdorf,Charlottenburg,0,40550041,40550034,118.86,20130806,35B7F76A9531455DA815D31A91622D4F,Quedlinburger Straße,
40550027_40550038.02,03266,Nordhauser Straße,V,G,STRA,B,Charlottenburg-Wilmersdorf,Charlottenburg,0,40550027,40550038,127.97,20130806,837EC299ED284244A24AE8EA2BC2A031,Nordhauser Straße,
40550038_40550033.02,03266,Nordhauser Straße,V,G,STRA,B,Charlottenburg-Wilmersdorf,Charlottenburg,0,40550038,40550033,118.13,20130806,2F19315252FA4C4498E34D255FEC15BD,Nordhauser Straße,
40550033_40550021.02,06984,Goslarer Platz,V,G,PLAT,B,Charlottenburg-Wilmersdorf,Charlottenburg,0,40550033,40550021,115.7,20130806,B8DAD662967945348A3747FA81C01990,Goslarer Platz,
40550031_40550033.02,06984,Goslarer Platz,V,G,PLAT,B,Charlottenburg-Wilmersdorf,Charlottenburg,0,40550031,40550033,133.14,20130806,313CBBDC59C54585A787B137395AA63C,Goslarer Platz,
40550020_40550021.02,01632,Goslarer Ufer,V,G,STRA,B,Charlottenburg-Wilmersdorf,Charlottenburg,0,40550020,40550021,137.51,20130806,B04B40709E9A45269D79CCD767779270,Goslarer Ufer,
40550038_40550030.02,04803,Wernigeroder Straße,V,G,STRA,B,Charlottenburg-Wilmersdorf,Charlottenburg,0,40550038,40550030,131.09,20130806,3B613AD0A6C2450E8C06CC9393CF7E9A,Wernigeroder Straße,
40550025_40550038.02,04803,Wernigeroder Straße,V,G,STRA,B,Charlottenburg-Wilmersdorf,Charlottenburg,0,40550025,40550038,75.57,20130806,4D4536319D0C47B4BB07C0916762480F,Wernigeroder Straße,
40550027_40550028.02,02143,Ilsenburger Straße,V,G,STRA,B,Charlottenburg-Wilmersdorf,Charlottenburg,0,40550027,40550028,126.45,20130806,57EC6B20C7B94C1D8593F169C65888E9,Ilsenburger Straße,
40550024_40550027.02,02143,Ilsenburger Straße,V,G,STRA,B,Charlottenburg-Wilmersdorf,Charlottenburg,0,40550024,40550027,76.14,20130806,F4E383276DD54CBA9BBD45F86BD596BA,Ilsenburger Straße,
40550037_40550027.02,03266,Nordhauser Straße,V,G,STRA,B,Charlottenburg-Wilmersdorf,Charlottenburg,0,40550037,40550027,125.15,20130806,0B50110D7200409985A715AF7C47A758,Nordhauser Straße,
40550036_40550037.02,03266,Nordhauser Straße,V,G,STRA,B,Charlottenburg-Wilmersdorf,Charlottenburg,0,40550036,40550037,132.33,20130806,189CD8D502F44FD1B57544E69D818307,Nordhauser Straße,
40550040_40550037.02,04540,Treseburger Straße,V,G,STRA,B,Charlottenburg-Wilmersdorf,Charlottenburg,0,40550040,40550037,154.43,20130806,5C4AAB5257C34D79AE34AD761EED2BC2,Treseburger Straße,
40550029_40550036.02,04202,Sömmeringstraße,III,G,STRA,B,Charlottenburg-Wilmersdorf,Charlottenburg,0,40550029,40550036,118.3,20130806,EB7E2F597A1E4A0588C980D51A7C56E9,Sömmeringstraße,
40540032_40540023.02,05016,Zillestraße,V,G,STRA,B,Charlottenburg-Wilmersdorf,Charlottenburg,0,40540032,40540023,199.9,20130806,F1C5244F2AB44FC18935D5A4DDDEC441,Zillestraße,
40540020_40540032.02,05016,Zillestraße,V,G,STRA,B,Charlottenburg-Wilmersdorf,Charlottenburg,0,40540020,40540032,174.1,20130806,F46D3D5D4BA24E28A2ACA4522203E83E,Zillestraße,
40540020_40540021.02,02609,Krumme Straße,V,G,STRA,B,Charlottenburg-Wilmersdorf,Charlottenburg,0,40540020,40540021,304.77,20130806,CC565B584F1540D8BE5B423CD467893D,Krumme Straße,
39550006_40550014.02,00707,Brauhofstraße,V,G,STRA,B,Charlottenburg-Wilmersdorf,Charlottenburg,0,39550006,40550014,139.91,20130806,85B0482FA5EC4510AECC3ACEBF5AB70A,Brauhofstraße,
41550044_41550035.02,06046,Carnotstraße,V,G,STRA,B,Charlottenburg-Wilmersdorf,Charlottenburg,0,41550044,41550035,139.73,20130806,D60933EEE32C4E31858F2F2599EB6FE1,Carnotstraße,
39550009_40550016.02,00857,Charlottenburger Ufer,V,G,STRA,B,Charlottenburg-Wilmersdorf,Charlottenburg,0,39550009,40550016,309.15,20130806,656B46D5CFEF4AEFAD05B7B0FF07C2FF,Charlottenburger Ufer,
40550016_40550011.02,07233,Caprivibrücke,III,G,STRA,B,Charlottenburg-Wilmersdorf,Charlottenburg,0,40550016,40550011,99.42,20130806,9659280C997F4AA38BE8C2399381E325,Caprivibrücke,
40550016_40550014.02,04905,Wintersteinstraße,III,G,STRA,B,Charlottenburg-Wilmersdorf,Charlottenburg,0,40550016,40550014,118.36,20130806,BE0CFF2E6F364A16A96678A0159807AB,Wintersteinstraße,
41550030_41550031.02,01804,Hallerstraße,V,G,STRA,B,Charlottenburg-Wilmersdorf,Charlottenburg,0,41550030,41550031,171.43,20130806,8EF37DA8D07649E1B27E4CBAB8C6CAEE,Hallerstraße,
40550024_40550025.02,01838,Harlingeroder Weg,V,G,STRA,B,Charlottenburg-Wilmersdorf,Charlottenburg,0,40550024,40550025,123.85,20130806,55B84C6300474810884824782D543F9D,Harlingeroder Weg,
40550026_40550024.02,02143,Ilsenburger Straße,V,G,STRA,B,Charlottenburg-Wilmersdorf,Charlottenburg,0,40550026,40550024,74.12,20130806,32D05DED1C934D1AB5A959A3DDA69A22,Ilsenburger Straße,
40550026_40550041.02,03571,Quedlinburger Straße,V,G,STRA,B,Charlottenburg-Wilmersdorf,Charlottenburg,0,40550026,40550041,122.42,20130806,960F91BD534746E08EDA684C2BB7846F,Quedlinburger Straße,
40550040_40550026.02,03571,Quedlinburger Straße,V,G,STRA,B,Charlottenburg-Wilmersdorf,Charlottenburg,0,40550040,40550026,128.76,20130806,E1BE119A178A4C3FAEF1A52EDD5A4D1A,Quedlinburger Straße,
40550041_40550025.02,04803,Wernigeroder Straße,V,G,STRA,B,Charlottenburg-Wilmersdorf,Charlottenburg,0,40550041,40550025,74.47,20130806,FBE39EB2596C4464ADF22EF418BBFBE0,Wernigeroder Straße,
40540014_40540016.02,02531,Kohlrauschstraße,V,G,STRA,B,Charlottenburg-Wilmersdorf,Charlottenburg,0,40540014,40540016,185.22,20130806,75AE2AFFB7DE430F8F29B491368CCC21,Kohlrauschstraße,
41550042_41550037.02,05703,Kucharskistraße,V,G,STRA,B,Charlottenburg-Wilmersdorf,Charlottenburg,0,41550042,41550037,115.9,20130806,AE940CE93F0F45EB8A784B58E38A5948,Kucharskistraße,
40540031_40540025.02,07128,Richard-Wagner-Platz,V,F,PLAT,B,Charlottenburg-Wilmersdorf,Charlottenburg,0,40540031,40540025,57.07,20130806,2BB04C46C0114E9FA300880911DD75D7,Richard-Wagner-Platz,
40550010_40550042.02,03748,Röntgenstraße,V,G,STRA,B,Charlottenburg-Wilmersdorf,Charlottenburg,0,40550010,40550042,184.22,20130806,64618E5DF5FF4361B468A2DBEE12E814,Röntgenstraße,
41550038_41550043.02,05704,Schlesingerstraße,V,G,STRA,B,Charlottenburg-Wilmersdorf,Charlottenburg,0,41550038,41550043,114.01,20130806,490E25007BF04622BF5EA91CFC2A0B83,Schlesingerstraße,
41540018_41540032.03,08958,Hannah-Karminski-Straße,V,G,STRA,B,Charlottenburg-Wilmersdorf,Charlottenburg,0,41540018,41540032,78.3,20130806,3D8CA65FD3904F08A5E2D1B345ED70EF,Hannah-Karminski-Straße,
40560017_40560016.02,05134,Lise-Meitner-Straße,V,G,STRA,B,Charlottenburg-Wilmersdorf,Charlottenburg-Nord,0,40560017,40560016,242.76,20130806,35BFCCA1A2F14733ADA9F05C1B0C6DE7,Lise-Meitner-Straße,
40560019_40560017.02,07289,Goerdelersteg,V,F,FUBR,B,Charlottenburg-Wilmersdorf,Charlottenburg-Nord,0,40560019,40560017,161.54,20130806,4686544B39EE47F2A2FB4016074FA19A,Goerdelersteg,
39540058_40540026.02,04481,Thrasoltstraße,V,G,STRA,B,Charlottenburg-Wilmersdorf,Charlottenburg,0,39540058,40540026,143.68,20130806,960530906BE443D382BB254C653F2054,Thrasoltstraße,
40540032_40540034.01,04989,Zauritzweg,V,G,STRA,B,Charlottenburg-Wilmersdorf,Charlottenburg,0,40540032,40540034,58.27,20130806,B4C79DAA5E634C5E9E624048EE65D8B9,Zauritzweg,
40540034_40540009.01,04989,Zauritzweg,V,F,FUWE,B,Charlottenburg-Wilmersdorf,Charlottenburg,0,40540034,40540009,139.9,20130806,82B64562BA824AD58F2DD294DE914BF2,Zauritzweg,
41570015_41570016.02,02116,Hüttigpfad,V,G,STRA,B,Charlottenburg-Wilmersdorf,Charlottenburg-Nord,0,41570015,41570016,348.91,20130806,F73B450EF04746A191E1C8FC14925D93,Hüttigpfad,
40570008_40570004.02,05565,Schwanenfeldstraße,V,G,STRA,B,Charlottenburg-Wilmersdorf,Charlottenburg-Nord,0,40570008,40570004,187.51,20130806,D10D9E7C5F874D9CB5780DEC5F321E8D,Schwanenfeldstraße,
42570011_43570015.02,01244,Fehmarner Straße,V,G,STRA,R,Mitte,Wedding,0,42570011,43570015,286.94,20141204,DCFDF52CAB73488B97FCC9E2A706369A,Fehmarner Straße,
42570008_42570011.02,01320,Föhrer Straße,II,G,STRA,B,Mitte,Wedding,0,42570008,42570011,132.01,20141204,3072DB188FB0469684F6F3B3B21173F9,Föhrer Straße,
42570012_42570008.02,01320,Föhrer Straße,II,G,STRA,B,Mitte,Wedding,0,42570012,42570008,185.5,20141204,77EEE3503B77491AADDC6BBD2C396464,Föhrer Straße,
42570008_43570012.02,00780,Buchstraße,V,G,STRA,B,Mitte,Wedding,0,42570008,43570012,212.65,20141204,8410A03032784A1EB8E2DEDCC5C67364,Buchstraße,
42570012_43570012.02,03271,Nordufer,V,G,STRA,B,Mitte,Wedding,0,42570012,43570012,255.57,20141204,124E0C69EBEC4B7290D99DDC6405D776,Nordufer,
43570012_43570015.02,03271,Nordufer,V,G,STRA,B,Mitte,Wedding,0,43570012,43570015,142.49,20141204,559FF746CC09452FB2D01F83018AD523,Nordufer,
43560018_43560019.02,03576,Quitzowstraße,V,G,STRA,B,Mitte,Moabit,0,43560018,43560019,466.91,20141204,113D7AF27BA749358D17E8B01324CC05,Quitzowstraße,
43560018_43560020.02,03606,Rathenower Straße,V,G,STRA,B,Mitte,Moabit,0,43560018,43560020,100.76,20141204,AC933CBFE60344E4938528FD035CE5CB,Rathenower Straße,
42560016_43560018.02,03576,Quitzowstraße,V,G,STRA,B,Mitte,Moabit,0,42560016,43560018,174.99,20141204,CE614F0084424CF699F0628DD9AE1F36,Quitzowstraße,
42560016_42560015.02,01866,Havelberger Straße,V,G,STRA,B,Mitte,Moabit,0,42560016,42560015,124.09,20141204,E472E6C633F14D1CB464832316C060A5,Havelberger Straße,
42560034_42560025.01,03877,Salzwedeler Straße,V,G,STRA,B,Mitte,Moabit,0,42560034,42560025,188.41,20141204,60AC1BF236AC4BC3BAE91F5EA01492ED,Salzwedeler Straße,
42560004_42560032.01,00295,An der Putlitzbrücke,II,G,STRA,B,Mitte,Moabit,2,42560004,42560032,45.06,20141204,78C6090A426C4EB5833FA5D7D06105B0,An der Putlitzbrücke,
42560032_42560025.01,04320,Stephanstraße,V,G,STRA,B,Mitte,Moabit,0,42560032,42560025,206.36,20141204,2E061B3C3EE04C2ABC99F36C0B288E70,Stephanstraße,
42560032_42560034.01,03565,Putlitzstraße,V,G,STRA,R,Mitte,Moabit,0,42560032,42560034,215.57,20141204,BEE566BF1F2341E6AD06D69311A63D5E,Putlitzstraße,
42560025_42560015.02,04320,Stephanstraße,V,G,STRA,B,Mitte,Moabit,0,42560025,42560015,114.73,20141204,D5FA644523EF4487A90589FC06E7B423,Stephanstraße,
42560004_42560005.02,00574,Birkenstraße,V,G,STRA,B,Mitte,Moabit,0,42560004,42560005,156.3,20141204,CA09B29C41C04B7FBDEA6910045CFEF7,Birkenstraße,
42560005_42560006.02,00574,Birkenstraße,V,G,STRA,B,Mitte,Moabit,0,42560005,42560006,133.08,20141204,88B38310116C47819EA2E6C03AA951BE,Birkenstraße,
42560014_42560033.01,01866,Havelberger Straße,V,G,STRA,B,Mitte,Moabit,0,42560014,42560033,205.94,20141204,107259D6EC6A4C03A453F5E2E15A97C2,Havelberger Straße,
42560033_42560006.01,01866,Havelberger Straße,V,F,FUWE,B,Mitte,Moabit,0,42560033,42560006,34.65,20141204,3BAE15865B314C7BA98857DFA6003B76,Havelberger Straße,
42560015_42560014.02,01866,Havelberger Straße,V,G,STRA,B,Mitte,Moabit,0,42560015,42560014,86.01,20141204,5D85BBDF93AF4814937D77488E12A079,Havelberger Straße,
42560014_43560026.01,04317,Stendaler Straße,V,G,STRA,B,Mitte,Moabit,0,42560014,43560026,225.32,20141204,DE33F701D9D84814B43B2DC6C3304397,Stendaler Straße,
42560015_43560020.02,04320,Stephanstraße,V,G,STRA,B,Mitte,Moabit,0,42560015,43560020,196.62,20141204,44FE3B8E0D2B4BB08C1F5B8BF0AA9B2B,Stephanstraße,
42560003_42560037.01,00574,Birkenstraße,IV,G,STRA,B,Mitte,Moabit,0,42560003,42560037,104.0254,20141204,F1FEF4416B5A48A2A1E8C8E81454298F,Birkenstraße,
42560037_42560004.01,00574,Birkenstraße,IV,G,STRA,B,Mitte,Moabit,0,42560037,42560004,36.5911,20141204,8DFC9DD7853E45369CB9FAABC422BADE,Birkenstraße,
42560032_42560035.01,00295,An der Putlitzbrücke,II,G,STRA,B,Mitte,Moabit,2,42560032,42560035,213.7,20141204,53002BC394F240C19AEE27EF412C2A21,An der Putlitzbrücke,
42560035_42570002.01,00295,An der Putlitzbrücke,II,G,STRA,B,Mitte,Moabit,2,42560035,42570002,288.84,20141204,E206BFDF148A42C09147EE93862BF8D9,An der Putlitzbrücke,
42560024_42560036.01,03576,Quitzowstraße,V,G,STRA,B,Mitte,Moabit,0,42560024,42560036,135.0775,20141204,B25442996B7D46BB81FD42871D369043,Quitzowstraße,
42560036_42560016.01,03576,Quitzowstraße,V,G,STRA,B,Mitte,Moabit,0,42560036,42560016,274.1742,20141204,6363ACD381944483AE47594A6FAD2249,Quitzowstraße,
42560036_42560037.01,03565,Putlitzstraße,V,G,STRA,R,Mitte,Moabit,0,42560036,42560037,281.26,20141204,EEC43E4703C648DE9613FC2675E8B624,Putlitzstraße,
42560006_43560001.02,00574,Birkenstraße,V,G,STRA,B,Mitte,Moabit,0,42560006,43560001,201.06,20141204,677C7AB1B2E3421C832120444AE660AF,Birkenstraße,
43560001_43560003.02,00574,Birkenstraße,V,G,STRA,B,Mitte,Moabit,0,43560001,43560003,87.85,20141204,063E900E8410419F9E4B4D20597A712B,Birkenstraße,
43560014_43560011.02,04889,Wilsnacker Straße,V,G,STRA,B,Mitte,Moabit,0,43560014,43560011,170.01,20141204,3721FECE365242DEA178A10C3659B400,Wilsnacker Straße,
43560002_43550008.02,00410,Bandelstraße,V,G,STRA,B,Mitte,Moabit,0,43560002,43550008,213.24,20141204,620696CE85A84291BE956E1771C02F14,Bandelstraße,
43560001_43560002.02,00410,Bandelstraße,V,G,STRA,B,Mitte,Moabit,0,43560001,43560002,206.66,20141204,59340A124364465A903E142046B67B37,Bandelstraße,
43560002_43560005.02,01021,Dreysestraße,V,G,STRA,B,Mitte,Moabit,0,43560002,43560005,99.76,20141204,6A821F8BE2E44392A3161667F92FD3F8,Dreysestraße,
42550025_42560018.02,02869,Lübecker Straße,V,G,STRA,B,Mitte,Moabit,0,42550025,42560018,402.13,20141204,D8190424B05B4FFEB6E661C0ACD97ACE,Lübecker Straße,
42560018_42560005.02,02869,Lübecker Straße,V,G,STRA,B,Mitte,Moabit,0,42560018,42560005,155.65,20141204,6622CB1586174C2F8ECBF4F942DB6D36,Lübecker Straße,
42550014_42550009.02,00727,Bremer Straße,V,G,STRA,B,Mitte,Moabit,0,42550014,42550009,101.35,20141204,3A0D31826ACD46CEA3197477CC98BF96,Bremer Straße,
42550009_42550008.02,00336,Arminiusstraße,V,G,STRA,B,Mitte,Moabit,0,42550009,42550008,89.26,20141204,DA0E918129044AB6A5CBAD91E52249A2,Arminiusstraße,
42550024_42550008.02,02257,Jonasstraße,V,G,STRA,B,Mitte,Moabit,0,42550024,42550008,99.32,20141204,AD2BFFD8A4B94F9CB7C2F862DB3F56EF,Jonasstraße,
42550013_42560007.02,00713,Bredowstraße,V,G,STRA,B,Mitte,Moabit,0,42550013,42560007,199.09,20141204,61DECDE6D73A4A0F98196C622B2F7221,Bredowstraße,
42550029_42560030.02,04869,Wilhelmshavener Straße,V,G,STRA,B,Mitte,Moabit,0,42550029,42560030,197.27,20141204,57166BFF8C0547759F01798295F9F887,Wilhelmshavener Straße,
42550009_42560009.02,00727,Bremer Straße,V,G,STRA,B,Mitte,Moabit,0,42550009,42560009,102.09,20141204,8174E744425C4D7AB65DD29DCFC08CD7,Bremer Straße,
42550008_42560017.02,02257,Jonasstraße,V,G,STRA,B,Mitte,Moabit,0,42550008,42560017,102.99,20141204,76CEB494E9894DA0A47E9E3DD187EEBE,Jonasstraße,
42560009_42560017.02,05412,Bugenhagenstraße,V,G,STRA,B,Mitte,Moabit,0,42560009,42560017,80.86,20141204,BC6F09D3CEDE402ABBCBD8E25FAB787A,Bugenhagenstraße,
42560017_42560007.02,05412,Bugenhagenstraße,V,G,STRA,B,Mitte,Moabit,0,42560017,42560007,47.54,20141204,977DB67016CE4256BF9EE33D68F5CC70,Bugenhagenstraße,
42560007_42560030.02,05412,Bugenhagenstraße,V,G,STRA,B,Mitte,Moabit,0,42560007,42560030,93.39,20141204,B4E88C60963944079AB33C323AB36D74,Bugenhagenstraße,
42560030_42560028.02,05412,Bugenhagenstraße,V,G,STRA,B,Mitte,Moabit,0,42560030,42560028,130.9,20141204,B947837C226449509D9C9E91EBC94913,Bugenhagenstraße,
42560030_42560029.02,04869,Wilhelmshavener Straße,V,G,STRA,B,Mitte,Moabit,0,42560030,42560029,200.44,20141204,A95EB73FCDE84A1FB57E26979BDC160B,Wilhelmshavener Straße,
42560008_42560029.02,04835,Wiclefstraße,V,G,STRA,B,Mitte,Moabit,0,42560008,42560029,90.21,20141204,AA59B156B85746FC8438B20332C9214A,Wiclefstraße,
42560010_42560008.02,04835,Wiclefstraße,V,G,STRA,B,Mitte,Moabit,0,42560010,42560008,101,20141204,147F4F62C27543AFAA04040125CDEA18,Wiclefstraße,
42560007_42560008.02,00713,Bredowstraße,V,G,STRA,B,Mitte,Moabit,0,42560007,42560008,206.76,20141204,947E7D6170324BB5921AB1DC461384E0,Bredowstraße,
42560009_42560010.02,00727,Bremer Straße,V,G,STRA,B,Mitte,Moabit,0,42560009,42560010,204.7,20141204,360A67CDDB5145B7B1F89A94EBD0B01B,Bremer Straße,
42560010_42560002.02,00727,Bremer Straße,V,G,STRA,B,Mitte,Moabit,0,42560010,42560002,304.44,20141204,1731F3A25AED4A979A423D1584C2AE11,Bremer Straße,
42560008_42560001.03,00713,Bredowstraße,V,G,STRA,B,Mitte,Moabit,0,42560008,42560001,290.38,20141204,C6D0D655D00748B79B59B0B729C9933B,Bredowstraße,
42560029_42560003.03,04869,Wilhelmshavener Straße,V,G,STRA,B,Mitte,Moabit,0,42560029,42560003,267.04,20141204,1E20E74F7F6F479A8430F8287A18B66E,Wilhelmshavener Straße,
42550026_42560019.02,03311,Oldenburger Straße,V,G,STRA,B,Mitte,Moabit,0,42550026,42560019,205.85,20141204,A2EB4E1D3AC8456896FFE7AADDB696BF,Oldenburger Straße,
41550009_41560010.02,01152,Emdener Straße,V,G,STRA,B,Mitte,Moabit,0,41550009,41560010,203.21,20141204,976D0F5DD7A74D6B88AB0BC726BB0DFD,Emdener Straße,
41560010_42560019.02,04670,Waldenserstraße,V,G,STRA,B,Mitte,Moabit,0,41560010,42560019,142.5,20141204,C48B85C2ECA842F680056EDC7BF1E914,Waldenserstraße,
41560010_42560012.02,01152,Emdener Straße,V,G,STRA,B,Mitte,Moabit,0,41560010,42560012,205.06,20141204,D8528264CD3B4F24A318F85C1C273B77,Emdener Straße,
42560012_42560020.02,04835,Wiclefstraße,V,G,STRA,B,Mitte,Moabit,0,42560012,42560020,135.93,20141204,BEDE9D1088CB46DEBD72809A009BAAA3,Wiclefstraße,
42560012_42560013.02,01152,Emdener Straße,V,G,STRA,B,Mitte,Moabit,0,42560012,42560013,276.79,20141204,1AACEFA705E2457F8022E54D5B962AB9,Emdener Straße,
42560021_42560027.02,07160,Unionplatz,V,G,PLAT,B,Mitte,Moabit,0,42560021,42560027,34.52,20141204,6C6FEE8310D04FDD9E50882F3F78C05E,Unionplatz,
42560021_42560038.01,04598,Unionstraße,V,G,STRA,B,Mitte,Moabit,0,42560021,42560038,39.5729,20141204,1AEE7E4C1C1A4F9A9889E05995BE7FDA,Unionstraße,
42560038_42560039.01,04598,Unionstraße,V,F,FUWE,B,Mitte,Moabit,0,42560038,42560039,32.23,20141204,0C3FB9CD1C9D4CF3810EB6A0BBD24F15,Unionstraße,
42560039_42560002.01,04598,Unionstraße,V,G,STRA,B,Mitte,Moabit,0,42560039,42560002,88.77,20141204,6DF2795989614ADB82283C9CF6A5ED9C,Unionstraße,
42560020_42560021.02,03311,Oldenburger Straße,V,G,STRA,B,Mitte,Moabit,0,42560020,42560021,302.59,20141204,964963B59A7A4E90AC491047B26458DC,Oldenburger Straße,
42560026_42560021.02,04598,Unionstraße,V,F,FUWE,B,Mitte,Moabit,0,42560026,42560021,77.52,20141204,CA64953271E54E719578C598079E7F50,Unionstraße,
42560020_42560010.02,04835,Wiclefstraße,V,G,STRA,B,Mitte,Moabit,0,42560020,42560010,162.29,20141204,A91759D976A34006A6602FBD3906BEDC,Wiclefstraße,
42560019_42560020.02,03311,Oldenburger Straße,V,G,STRA,B,Mitte,Moabit,0,42560019,42560020,204.29,20141204,6ECDC2D4900549A7BDD7ADA167A073B7,Oldenburger Straße,
42560019_42560009.02,04670,Waldenserstraße,V,G,STRA,B,Mitte,Moabit,0,42560019,42560009,157.55,20141204,52A75AA8303248C9B762ECA9CC8E72B7,Waldenserstraße,
41550014_41560015.02,04688,Waldstraße,V,G,STRA,B,Mitte,Moabit,0,41550014,41560015,207.24,20141204,CF6ED4CCD04B4C1793B2EB3C798A74B2,Waldstraße,
41560015_41560010.02,04670,Waldenserstraße,V,G,STRA,B,Mitte,Moabit,0,41560015,41560010,197,20141204,8ED536BAD15F4B40BB739C674A3F776E,Waldenserstraße,
41560015_41560016.02,04688,Waldstraße,V,G,STRA,B,Mitte,Moabit,0,41560015,41560016,208.42,20141204,6B077591259A4C8FB70CAF5B42369FCA,Waldstraße,
41560016_42560012.02,04835,Wiclefstraße,V,G,STRA,B,Mitte,Moabit,0,41560016,42560012,196.25,20141204,2FD4A7C90A9F407CA0811F6282E0DD5D,Wiclefstraße,
41560005_41560016.02,04835,Wiclefstraße,V,G,STRA,B,Mitte,Moabit,0,41560005,41560016,190.48,20141204,AA5ECEF8DCAE47AC87E3B2BCA5D492FA,Wiclefstraße,
41560016_41560014.02,04688,Waldstraße,V,G,STRA,B,Mitte,Moabit,0,41560016,41560014,216.27,20141204,1290A7F3CAD24DF8816ACCEBCD15074F,Waldstraße,
41560001_41560002.02,00508,Berlichingenstraße,V,G,STRA,B,Mitte,Moabit,0,41560001,41560002,332.74,20141204,4B5589A58D9C4F2DA5313BA732349981,Berlichingenstraße,
41560001_41560012.02,04927,Wittstocker Straße,V,G,STRA,B,Mitte,Moabit,0,41560001,41560012,126.25,20141204,E063C1DD96924BAA86D35BF96736D460,Wittstocker Straße,
41560003_41560001.02,00508,Berlichingenstraße,V,G,STRA,B,Mitte,Moabit,0,41560003,41560001,166.6,20141204,EA407937FAA745C7B3A97436F0D8379B,Berlichingenstraße,
41560013_41560012.02,03787,Rostocker Straße,V,G,STRA,B,Mitte,Moabit,0,41560013,41560012,187.41,20141204,E7C02EDAD7BE41BE84C8ACD64A34BC2A,Rostocker Straße,
41560012_41560005.02,04927,Wittstocker Straße,V,G,STRA,B,Mitte,Moabit,0,41560012,41560005,130.26,20141204,494D485CB0EF4FCD95228B0866443C8A,Wittstocker Straße,
41560012_41560011.02,03787,Rostocker Straße,V,G,STRA,B,Mitte,Moabit,0,41560012,41560011,372.08,20141204,0F403D44099F408A88FAE64D1DD1EE33,Rostocker Straße,
40560005_40560002.02,04579,Ufnaustraße,V,G,STRA,B,Mitte,Moabit,0,40560005,40560002,222.12,20141204,AADEA3D550694330AF5ED2CBCBEF45A2,Ufnaustraße,
40550004_40550003.02,02432,Klarenbachstraße,V,G,STRA,B,Mitte,Moabit,0,40550004,40550003,196.44,20141204,922734E31977412FAD8E01B404377922,Klarenbachstraße,
40550001_40550005.02,03216,Neues Ufer,V,G,STRA,B,Mitte,Moabit,0,40550001,40550005,352.97,20141204,C210DBCBE473442F80E88DCC9F963750,Neues Ufer,
42550027_42550026.02,03365,Ottostraße,V,G,STRA,B,Mitte,Moabit,0,42550027,42550026,146.26,20141204,1E8727BF525842AE9B9E7F9D697F2905,Ottostraße,
42550003_42550027.02,03365,Ottostraße,V,G,STRA,B,Mitte,Moabit,0,42550003,42550027,87.93,20141204,BB1DB859DEF04A9DAFA1EEE3862B39FC,Ottostraße,
41550013_42550027.02,05049,Zwinglistraße,V,G,STRA,B,Mitte,Moabit,0,41550013,42550027,337.36,20141204,D7CB23F1D9734CE6B437A229B0B9FF11,Zwinglistraße,
41550010_41550008.02,01176,Erasmusstraße,V,G,STRA,B,Mitte,Moabit,0,41550010,41550008,264.15,20141204,1B11C4FF59FE40DCB79FD29E9D35D28D,Erasmusstraße,
41550020_41550005.02,05026,Zinzendorfstraße,V,G,STRA,B,Mitte,Moabit,0,41550020,41550005,219.65,20141204,CFB1EC86967C439986BF429C961384CE,Zinzendorfstraße,
41550017_41550006.02,02219,Jagowstraße,V,G,STRA,B,Mitte,Moabit,0,41550017,41550006,357.28,20141204,A943A499D6924E9598C0621869F547D4,Jagowstraße,
42550019_42550018.02,01120,Elberfelder Straße,V,G,STRA,B,Mitte,Moabit,0,42550019,42550018,159.18,20141204,5EBA2674B768437C898337634272E4AF,Elberfelder Straße,
42550018_42550012.02,01006,Dortmunder Straße,V,G,STRA,B,Mitte,Moabit,0,42550018,42550012,205.36,20141204,E52CDDABA1EE4756A123EBAF84CF1861,Dortmunder Straße,
42550018_42550020.02,01120,Elberfelder Straße,V,G,STRA,B,Mitte,Moabit,0,42550018,42550020,164.93,20141204,E588E11731C54A22B630A46EAEDB8CAC,Elberfelder Straße,
42550020_42550010.02,01207,Essener Straße,V,G,STRA,B,Mitte,Moabit,0,42550020,42550010,139.29,20141204,4F42A324EDE5498D85BF234B14F30052,Essener Straße,
42550020_42550004.02,01120,Elberfelder Straße,V,G,STRA,B,Mitte,Moabit,0,42550020,42550004,177.14,20141204,E3E26122C4494C2194E2A7566DF0734F,Elberfelder Straße,
42550015_42550012.02,00807,Bundesratufer,V,G,STRA,B,Mitte,Moabit,0,42550015,42550012,160.42,20141204,B826C2BE36BF4F318AE588CFF5287539,Bundesratufer,
42550011_42550012.02,00625,Bochumer Straße,V,G,STRA,B,Mitte,Moabit,0,42550011,42550012,98.06,20141204,FA16FCCC9CBB42EEBB5E3D33DDBEFF93,Bochumer Straße,
42550010_42550011.02,00625,Bochumer Straße,V,G,STRA,B,Mitte,Moabit,0,42550010,42550011,191.37,20141204,9E00D335510B456B906E99E592A2389F,Bochumer Straße,
42550005_42550010.02,00625,Bochumer Straße,V,G,STRA,B,Mitte,Moabit,0,42550005,42550010,186.76,20141204,7F39D155B4F54E86B74EA97508F50B0F,Bochumer Straße,
42550006_42550021.02,02580,Krefelder Straße,V,G,STRA,B,Mitte,Moabit,0,42550006,42550021,200.25,20141204,1AEE07721BAC45E888C5223ABD389004,Krefelder Straße,
42550010_42550021.02,01207,Essener Straße,V,G,STRA,B,Mitte,Moabit,0,42550010,42550021,110.25,20141204,1FC3A5DE9C3F4AD490633CB8F55B097A,Essener Straße,
42550021_42550022.02,01207,Essener Straße,V,G,STRA,B,Mitte,Moabit,0,42550021,42550022,193.91,20141204,E1FCA0A86D084C288330401DBC6193E4,Essener Straße,
42550021_42550016.02,02580,Krefelder Straße,V,G,STRA,B,Mitte,Moabit,0,42550021,42550016,128.37,20141204,57A41C0E1ADC452CA7EB4A2DFDCB91B9,Krefelder Straße,
42550016_42550053.01,00807,Bundesratufer,V,G,STRA,B,Mitte,Moabit,0,42550016,42550053,123.8089,20141204,77FE5D78E7CC428290A29540311EA1BA,Bundesratufer,
42550053_42550017.01,00807,Bundesratufer,V,F,FUWE,B,Mitte,Moabit,0,42550053,42550017,40.13,20141204,5B0F6E413B30410C83F3C05BEF25F508,Bundesratufer,
42550011_42550016.02,00807,Bundesratufer,V,G,STRA,B,Mitte,Moabit,0,42550011,42550016,141.64,20141204,57D6815E21974E89A0B713A89E27A805,Bundesratufer,
41550001_41550019.01,04851,Wikingerufer,V,G,STRA,B,Mitte,Moabit,0,41550001,41550019,149.9,20141204,51C1B5A14666447DA66DF7243B3CB89D,Wikingerufer,
41550002_41550017.02,02219,Jagowstraße,V,G,STRA,B,Mitte,Moabit,0,41550002,41550017,112.66,20141204,1AFA03134BF84447BAEA9AB4B51BCA39,Jagowstraße,
41550001_41550002.02,00025,Agricolastraße,V,G,STRA,B,Mitte,Moabit,0,41550001,41550002,198.55,20141204,725FF734723646939A28ED9919C70243,Agricolastraße,
41550016_41550002.02,02219,Jagowstraße,V,G,STRA,B,Mitte,Moabit,0,41550016,41550002,98.08,20141204,EF9D1B19EE434590B1C723995FF809AB,Jagowstraße,
41550022_41550016.02,04500,Tile-Wardenberg-Straße,V,G,STRA,B,Mitte,Moabit,0,41550022,41550016,129.69,20141204,7C1859F0F8314FD686C449DFDF6B0D22,Tile-Wardenberg-Straße,
41550015_41550016.02,02219,Jagowstraße,V,G,STRA,B,Mitte,Moabit,0,41550015,41550016,106.85,20141204,6150A2DAA9074AAB9D16D4EAA7BF263D,Jagowstraße,
41550025_41550015.02,04967,Wullenweberstraße,V,G,STRA,B,Mitte,Moabit,0,41550025,41550015,82.15,20141204,C727F3C08B114BAEBABAD257FAEB1FD1,Wullenweberstraße,
41550025_41550022.02,04851,Wikingerufer,V,G,STRA,B,Mitte,Moabit,0,41550025,41550022,112.48,20141204,195521E9931644AEA2B181079D5CDC19,Wikingerufer,
41550022_41550001.02,04851,Wikingerufer,V,G,STRA,B,Mitte,Moabit,0,41550022,41550001,120.17,20141204,DA13DD4B83684887A5B3B7FB781ABBC7,Wikingerufer,
41550016_41550021.01,04500,Tile-Wardenberg-Straße,V,G,STRA,B,Mitte,Moabit,0,41550016,41550021,157.03,20141204,E3DAD60DE7684437A22A140A1CD34AC2,Tile-Wardenberg-Straße,
41550015_41550026.02,04967,Wullenweberstraße,V,G,STRA,B,Mitte,Moabit,0,41550015,41550026,92.18,20141204,858CAD6FF9C048DAB9A08C7B59993A6F,Wullenweberstraße,
41550026_41540001.02,04967,Wullenweberstraße,V,G,STRA,B,Mitte,Moabit,0,41550026,41540001,176.2,20141204,6399A0485D3C42B79997AFC8699DB0D1,Wullenweberstraße,
41540001_42540001.02,01826,Hansa-Ufer,V,F,STRA,B,Mitte,Moabit,0,41540001,42540001,122.76,20141204,F013F2FE92C34E05926905A252841E5F,Hansa-Ufer,
41540001_42540012.02,07474,Wullenwebersteg,V,F,FUBR,B,Mitte,Moabit,0,41540001,42540012,112.23,20141204,E1839B79CCF84A4AAFE1F24549F7A4B3,Wullenwebersteg,
41550026_41550048.01,06966,Eyke-von-Repkow-Platz,V,G,PLAT,B,Mitte,Moabit,0,41550026,41550048,50.0095,20141204,59E4F2C6472A420FBDB6B45CC36A497A,Eyke-von-Repkow-Platz,
41550048_41550023.01,06966,Eyke-von-Repkow-Platz,V,F,PLAT,B,Mitte,Moabit,0,41550048,41550023,57.86,20141204,70A76360EFEA4DA2A8449B49B1C3CB4C,Eyke-von-Repkow-Platz,
41550021_42540001.02,04500,Tile-Wardenberg-Straße,V,G,STRA,B,Mitte,Moabit,0,41550021,42540001,143.42,20141204,B3BDD2E91B8344EFA0BE689F9D38D4A4,Tile-Wardenberg-Straße,
42540001_42550002.02,01826,Hansa-Ufer,V,G,STRA,B,Mitte,Moabit,0,42540001,42550002,97.52,20141204,ADD32FE5D9F44A1DA404F2B3BE127F11,Hansa-Ufer,
41550021_42550001.02,04209,Solinger Straße,V,G,STRA,B,Mitte,Moabit,0,41550021,42550001,99.5,20141204,108143D39FE44450B3C7B1763F811372,Solinger Straße,
42550001_42550002.02,00025,Agricolastraße,V,G,STRA,B,Mitte,Moabit,0,42550001,42550002,151.38,20141204,3D767245EF194263A4774CA2E4ED53B1,Agricolastraße,
42550002_42550015.02,01826,Hansa-Ufer,V,G,STRA,B,Mitte,Moabit,0,42550002,42550015,119,20141204,D65689B3753A4A918941E9AB58B4CC44,Hansa-Ufer,
42550001_42550019.02,04209,Solinger Straße,V,G,STRA,B,Mitte,Moabit,0,42550001,42550019,113.79,20141204,6B52294560E74B20BAB8C0E32CB86171,Solinger Straße,
41550002_42550001.02,00025,Agricolastraße,V,G,STRA,B,Mitte,Moabit,0,41550002,42550001,156.93,20141204,D5383060092145C5AEFC56860F8E13D2,Agricolastraße,
42550039_42550040.03,01827,Hanseatenweg,V,G,STRA,B,Mitte,Hansaviertel,0,42550039,42550040,266.87,20141204,D0E30A57257F4C4D8808B49799C4C9C7,Hanseatenweg,
42540008_42540009.03,01784,Händelallee,V,G,STRA,R,Mitte,Hansaviertel,0,42540008,42540009,608.83,20141204,D4B2288491604B94A2464508BBDC65E4,Händelallee,
42540007_42540013.02,03965,Schleswiger Ufer,V,G,STRA,B,Mitte,Hansaviertel,0,42540007,42540013,75.14,20141204,B74221D4299645CA91DA9E2334D2109E,Schleswiger Ufer,
42540007_42540004.02,01309,Flotowstraße,V,G,STRA,B,Mitte,Hansaviertel,0,42540007,42540004,195.36,20141204,7DC9A9F21A7144DBBFF74F8DDAE54C21,Flotowstraße,
42540012_42540007.02,03965,Schleswiger Ufer,V,G,STRA,B,Mitte,Hansaviertel,0,42540012,42540007,128.97,20141204,665B13A819834731ACB8C943F0700022,Schleswiger Ufer,
42540012_42540003.02,04170,Siegmunds Hof,V,G,STRA,B,Mitte,Hansaviertel,0,42540012,42540003,236.69,20141204,8D44960E89C945B89F0D7CBC68AAB6E7,Siegmunds Hof,
42550042_42550047.02,02066,Holsteiner Ufer,V,G,STRA,B,Mitte,Hansaviertel,0,42550042,42550047,87.59,20141204,9DBD64DBC3D3432B96DDEC18BEF27627,Holsteiner Ufer,
42550044_42550042.02,02066,Holsteiner Ufer,V,G,STRA,R,Mitte,Hansaviertel,0,42550044,42550042,267.58,20141204,94D18729B4D4497085EB430FABFF085F,Holsteiner Ufer,
42550046_42550054.01,02066,Holsteiner Ufer,V,F,FUWE,B,Mitte,Hansaviertel,0,42550046,42550054,31.93,20141204,B512B300A2134590B36FC14E458222EF,Holsteiner Ufer,
42550054_42550044.01,02066,Holsteiner Ufer,V,G,STRA,B,Mitte,Hansaviertel,0,42550054,42550044,165.8114,20141204,EC29CBFAE23E4D55A906DA1BCF8B8F46,Holsteiner Ufer,
42550044_42550043.02,00872,Claudiusstraße,V,G,STRA,B,Mitte,Hansaviertel,0,42550044,42550043,245.7,20141204,2B01FCA52A99411393FFD2A23F3632C7,Claudiusstraße,
42550043_42550041.02,01299,Flensburger Straße,V,G,STRA,B,Mitte,Hansaviertel,0,42550043,42550041,125.75,20141204,8F745D7A594C42B4AA72E267F9CF33FB,Flensburger Straße,
42550045_42550043.02,01299,Flensburger Straße,V,G,STRA,B,Mitte,Hansaviertel,0,42550045,42550043,278.94,20141204,39F7D318C3204669ABD9A59ED6991922,Flensburger Straße,
43550015_43550002.02,04478,Thomasiusstraße,V,G,STRA,B,Mitte,Moabit,0,43550015,43550002,359.03,20141204,F38B4FB56DD44E02B1335D95694A71FC,Thomasiusstraße,
42550023_43550015.02,01923,Helgoländer Ufer,V,G,STRA,B,Mitte,Moabit,0,42550023,43550015,120.84,20141204,B757BAE1ECA94D90B89B862E78D84965,Helgoländer Ufer,
43550015_43550009.02,01923,Helgoländer Ufer,V,G,STRA,B,Mitte,Moabit,0,43550015,43550009,133.83,20141204,7E6D576B27574049B1D60E0363A9BC24,Helgoländer Ufer,
42560002_42560001.03,00574,Birkenstraße,IV,G,STRA,B,Mitte,Moabit,0,42560002,42560001,67.33,20141204,C58C51CBC97F4EF6A38F1DA472FDBA26,Birkenstraße,
42560002_42560011.03,00727,Bremer Straße,IV,G,STRA,B,Mitte,Moabit,0,42560002,42560011,120.17,20141204,C7B85C5271434B708ED7BF89531D28D8,Bremer Straße,
41560006_41560021.02,04173,Siemensstraße,II,G,STRA,B,Mitte,Moabit,0,41560006,41560021,96.47,20150714,87C621741F8248D2929EF4F4106724DF,Siemensstraße,
41560021_41560014.02,04173,Siemensstraße,V,G,STRA,B,Mitte,Moabit,0,41560021,41560014,149.78,20150714,99690ED5035845DCAE196B6353E643EB,Siemensstraße,
41560021_42560031.02,10613,Erna-Samuel-Straße,II,N,STRA,B,Mitte,Moabit,0,41560021,42560031,852.82,20150714,0DBEF9C79CB54CA4AB654FFB5A88B1C0,Erna-Samuel-Straße,
42560031_43560019.02,09935,Ellen-Epstein-Straße,II,G,STRA,B,Mitte,Moabit,0,42560031,43560019,1086.23,20150714,F5FCE136BF154C48BBE58B18A6298849,Ellen-Epstein-Straße,
42560024_42560031.02,09935,Ellen-Epstein-Straße,IV,G,STRA,B,Mitte,Moabit,0,42560024,42560031,98.35,20150714,F72A34DD3B2F49D4A0B48BB1CF640C32,Ellen-Epstein-Straße,
43550037_43540006.02,00479,Bellevue-Ufer,V,F,FUWE,B,Mitte,Tiergarten,0,43550037,43540006,401.22,20150814,95AAA7E3149A4D27B5C438BC871EB361,Bellevue-Ufer,
